query,recall,d1,dk,spread,orphan_neighbours
0,1.0000,232.8712,268.0690,1.1511,0
1,0.7000,226.2454,240.0958,1.0612,0
2,1.0000,175.4765,190.6515,1.0865,0
3,1.0000,174.6711,191.3740,1.0956,0
4,1.0000,214.2755,238.8430,1.1147,0
5,1.0000,253.8858,270.9631,1.0673,0
6,1.0000,224.3279,238.8347,1.0647,0
7,1.0000,154.8741,173.9483,1.1232,0
8,1.0000,213.6609,236.9430,1.1090,0
9,1.0000,210.1595,231.6441,1.1022,0
10,1.0000,232.6714,264.1288,1.1352,0
11,1.0000,172.1627,199.9750,1.1615,0
12,0.9000,198.0783,223.1098,1.1264,0
13,1.0000,195.5045,227.9496,1.1660,0
14,1.0000,238.0168,251.7856,1.0578,0
15,0.9000,215.3416,222.9731,1.0354,0
16,0.9000,185.6287,217.8899,1.1738,0
17,0.8000,207.4078,230.5211,1.1114,0
18,1.0000,225.0800,238.3233,1.0588,0
19,1.0000,196.4026,206.4049,1.0509,0
20,1.0000,143.6454,160.3777,1.1165,0
21,1.0000,80.8455,173.9224,2.1513,0
22,1.0000,164.1920,178.1320,1.0849,0
23,1.0000,204.8194,219.6702,1.0725,0
24,1.0000,154.2271,200.2199,1.2982,0
25,1.0000,219.6474,248.2559,1.1302,0
26,1.0000,172.8149,186.1934,1.0774,0
27,1.0000,174.8056,191.4367,1.0951,0
28,0.9000,190.7433,206.8913,1.0847,0
29,1.0000,125.3794,165.9096,1.3233,0
30,0.9000,203.1182,226.2145,1.1137,0
31,1.0000,109.1925,261.9866,2.3993,0
32,1.0000,187.5633,212.7205,1.1341,0
33,1.0000,220.7578,273.9087,1.2408,0
34,1.0000,202.9680,240.2832,1.1838,0
35,1.0000,120.9752,249.6618,2.0637,0
36,1.0000,111.4585,258.4144,2.3185,0
37,1.0000,166.8562,252.3787,1.5126,0
38,1.0000,156.3586,267.1479,1.7086,0
39,1.0000,148.2093,173.2022,1.1686,0
40,1.0000,153.5643,243.3557,1.5847,0
41,1.0000,180.7816,192.5539,1.0651,0
42,1.0000,201.2387,229.9217,1.1425,0
43,0.9000,165.3390,258.4415,1.5631,0
44,1.0000,178.7652,215.1836,1.2037,0
45,1.0000,171.5634,205.8592,1.1999,0
46,1.0000,99.6293,205.4264,2.0619,0
47,0.9000,281.3681,294.8203,1.0478,0
48,1.0000,155.7626,236.2943,1.5170,0
49,1.0000,128.7828,177.1186,1.3753,0
50,1.0000,181.1408,249.8119,1.3791,0
51,1.0000,130.8128,216.8986,1.6581,0
52,1.0000,148.6708,176.6918,1.1885,0
53,1.0000,180.2831,204.3918,1.1337,0
54,1.0000,143.5479,154.0876,1.0734,0
55,1.0000,124.8199,172.9595,1.3857,0
56,1.0000,172.4036,188.7618,1.0949,0
57,1.0000,162.9509,199.1381,1.2221,0
58,1.0000,65.7419,256.2440,3.8977,0
59,1.0000,114.4159,138.4666,1.2102,0
60,1.0000,170.3085,230.5146,1.3535,0
61,1.0000,140.3567,181.7718,1.2951,0
62,1.0000,131.6511,157.1623,1.1938,0
63,1.0000,94.9158,201.4398,2.1223,0
64,1.0000,138.2751,207.6367,1.5016,0
65,1.0000,166.1596,192.3902,1.1579,0
66,1.0000,200.8656,244.7489,1.2185,0
67,1.0000,185.3645,200.1674,1.0799,0
68,1.0000,146.2498,163.9146,1.1208,0
69,0.7000,244.7774,258.5653,1.0563,0
70,1.0000,46.8188,116.2755,2.4835,0
71,1.0000,193.6750,228.8995,1.1819,0
72,1.0000,274.9382,288.9066,1.0508,0
73,1.0000,230.4582,268.3375,1.1644,0
74,1.0000,131.0954,200.1350,1.5266,0
75,1.0000,212.0613,261.3886,1.2326,0
76,1.0000,194.6638,226.5061,1.1636,0
77,1.0000,233.5037,267.0206,1.1435,0
78,1.0000,180.6986,225.9270,1.2503,0
79,1.0000,148.1654,173.2339,1.1692,0
80,1.0000,146.3113,247.5884,1.6922,0
81,1.0000,249.9380,262.3395,1.0496,0
82,1.0000,219.8477,255.7362,1.1632,0
83,1.0000,173.5828,198.2625,1.1422,0
84,1.0000,192.6785,229.2400,1.1898,0
85,1.0000,222.5781,261.6639,1.1756,0
86,1.0000,197.6765,216.5802,1.0956,0
87,1.0000,123.5597,206.2305,1.6691,0
88,1.0000,75.0800,160.1062,2.1325,0
89,1.0000,114.5338,172.7947,1.5087,0
90,1.0000,50.4579,132.8232,2.6324,0
91,1.0000,230.6166,271.1217,1.1756,0
92,0.9000,141.4638,278.1169,1.9660,0
93,0.9000,186.5074,205.4069,1.1013,0
94,1.0000,160.5709,204.3893,1.2729,0
95,1.0000,244.8367,263.4843,1.0762,0
96,1.0000,247.2853,263.2394,1.0645,0
97,0.9000,233.5316,269.9778,1.1561,0
98,1.0000,102.1372,108.7520,1.0648,0
99,1.0000,184.6131,258.8301,1.4020,0
100,1.0000,188.6160,214.5507,1.1375,0
101,1.0000,212.7628,237.2994,1.1153,0
102,1.0000,202.2845,237.7415,1.1753,0
103,1.0000,187.4300,205.6842,1.0974,0
104,1.0000,132.0114,160.3964,1.2150,0
105,1.0000,223.0807,237.4847,1.0646,0
106,1.0000,133.6301,144.1874,1.0790,0
107,1.0000,155.8300,182.4061,1.1705,0
108,1.0000,87.3785,103.0922,1.1798,0
109,1.0000,112.4144,241.4042,2.1474,0
110,1.0000,161.2793,172.1685,1.0675,0
111,0.9000,210.0619,243.3372,1.1584,0
112,1.0000,75.1465,176.2668,2.3456,0
113,1.0000,247.9274,261.8587,1.0562,0
114,1.0000,204.6656,227.0683,1.1095,0
115,1.0000,200.1400,222.5713,1.1121,0
116,1.0000,65.3299,74.3707,1.1384,0
117,1.0000,218.5246,243.7437,1.1154,0
118,1.0000,178.4713,204.9951,1.1486,0
119,1.0000,56.4535,149.8166,2.6538,0
120,1.0000,246.9696,268.1996,1.0860,0
121,0.9000,252.0833,271.7370,1.0780,0
122,1.0000,165.1666,248.8654,1.5068,0
123,1.0000,199.9025,213.3729,1.0674,0
124,1.0000,170.6663,184.2010,1.0793,0
125,1.0000,147.4279,161.9012,1.0982,0
126,0.9000,200.3597,222.3826,1.1099,0
127,1.0000,190.8271,212.5982,1.1141,0
128,1.0000,161.1645,180.6378,1.1208,0
129,1.0000,238.9184,270.9908,1.1342,0
130,1.0000,271.1918,287.5465,1.0603,0
131,1.0000,203.1379,237.1561,1.1675,0
132,1.0000,211.9127,230.0413,1.0855,0
133,0.8000,333.7919,355.7330,1.0657,0
134,0.9000,172.6326,192.5902,1.1156,0
135,1.0000,210.8744,227.0991,1.0769,0
136,1.0000,197.2232,217.6878,1.1038,0
137,1.0000,301.9271,318.5844,1.0552,0
138,1.0000,240.7198,266.5689,1.1074,0
139,0.9000,173.1993,187.6513,1.0834,0
140,0.9000,249.2348,268.1492,1.0759,0
141,1.0000,177.8679,201.1915,1.1311,0
142,1.0000,241.7023,252.1309,1.0431,0
143,1.0000,194.9821,220.1091,1.1289,0
144,1.0000,196.2855,239.7916,1.2216,0
145,1.0000,213.6071,239.5558,1.1215,0
146,1.0000,189.4307,255.3449,1.3480,0
147,1.0000,203.5927,214.1098,1.0517,0
148,1.0000,222.0428,255.0804,1.1488,0
149,1.0000,155.3480,270.3294,1.7402,0
150,0.8000,208.7989,229.0982,1.0972,0
151,1.0000,110.7610,122.8047,1.1087,0
152,1.0000,234.7552,249.7719,1.0640,0
153,1.0000,188.6849,215.3369,1.1413,0
154,0.8000,262.0859,290.7095,1.1092,0
155,1.0000,77.6595,219.0776,2.8210,0
156,1.0000,185.0162,240.3165,1.2989,0
157,0.5000,218.4743,238.7530,1.0928,0
158,0.9000,203.1354,220.2181,1.0841,0
159,0.9000,229.8282,250.5155,1.0900,0
160,0.9000,236.5650,247.5439,1.0464,0
161,1.0000,204.2890,235.7605,1.1541,0
162,1.0000,220.5425,232.3768,1.0537,0
163,0.9000,184.0842,213.6797,1.1608,0
164,1.0000,174.9829,187.9814,1.0743,0
165,1.0000,159.3518,169.9559,1.0665,0
166,0.9000,241.7519,266.9176,1.1041,0
167,0.9000,174.3388,205.3485,1.1779,0
168,1.0000,158.7892,181.6342,1.1439,0
169,1.0000,145.0138,170.5872,1.1764,0
170,1.0000,186.6307,201.6036,1.0802,0
171,1.0000,207.9904,243.2530,1.1695,0
172,1.0000,214.5530,227.5961,1.0608,0
173,0.9000,228.6460,265.6464,1.1618,0
174,1.0000,182.8715,207.8317,1.1365,0
175,1.0000,179.9055,202.5389,1.1258,0
176,1.0000,206.7438,229.1113,1.1082,0
177,1.0000,205.8397,217.4442,1.0564,0
178,0.9000,210.8483,238.9561,1.1333,0
179,0.9000,202.6894,227.5456,1.1226,0
180,1.0000,174.8971,226.4685,1.2949,0
181,1.0000,206.0631,230.8896,1.1205,0
182,0.9000,205.2535,233.8632,1.1394,0
183,1.0000,195.9158,221.5423,1.1308,0
184,1.0000,192.4786,210.1642,1.0919,0
185,1.0000,84.1724,100.3145,1.1918,0
186,1.0000,176.1874,195.9362,1.1121,0
187,0.9000,224.0803,237.5205,1.0600,0
188,1.0000,212.0118,225.6723,1.0644,0
189,1.0000,229.9065,254.7234,1.1079,0
190,1.0000,183.7253,221.7972,1.2072,0
191,1.0000,225.2887,257.5209,1.1431,0
192,0.7000,213.1244,252.0476,1.1826,0
193,1.0000,180.6184,201.4423,1.1153,0
194,1.0000,252.8142,282.5863,1.1178,0
195,1.0000,225.3442,238.5309,1.0585,0
196,0.9000,260.2633,265.8571,1.0215,0
197,0.9000,203.2880,233.9338,1.1508,0
198,1.0000,137.8768,166.7843,1.2097,0
199,1.0000,215.7638,230.9394,1.0703,0
200,1.0000,181.2926,209.0718,1.1532,0
201,1.0000,182.3732,209.7475,1.1501,0
202,1.0000,209.6211,238.9623,1.1400,0
203,1.0000,230.6122,251.6883,1.0914,0
204,0.9000,235.9725,259.7133,1.1006,0
205,1.0000,194.9179,223.6224,1.1473,0
206,1.0000,186.2337,208.0120,1.1169,0
207,1.0000,254.9176,283.0000,1.1102,0
208,1.0000,158.1423,176.8841,1.1185,0
209,1.0000,131.8218,154.0487,1.1686,0
210,0.7000,239.5746,254.3207,1.0616,0
211,1.0000,200.0550,208.6720,1.0431,0
212,1.0000,192.5954,222.6657,1.1561,0
213,1.0000,211.5490,228.6701,1.0809,0
214,1.0000,204.5189,240.1833,1.1744,0
215,1.0000,138.9136,161.2483,1.1608,0
216,1.0000,232.7209,248.9739,1.0698,0
217,0.9000,201.1865,216.8594,1.0779,0
218,1.0000,224.8577,251.9325,1.1204,0
219,1.0000,216.8963,225.4617,1.0395,0
220,0.9000,219.9454,230.6556,1.0487,0
221,1.0000,207.5765,222.3646,1.0712,0
222,1.0000,229.0393,244.7815,1.0687,0
223,1.0000,252.5965,267.3219,1.0583,0
224,1.0000,218.3163,241.5016,1.1062,0
225,0.7000,231.6290,246.4407,1.0639,0
226,0.9000,263.1672,293.9013,1.1168,0
227,0.9000,250.4676,261.6792,1.0448,0
228,1.0000,258.0426,273.2362,1.0589,0
229,0.8000,235.2446,270.3701,1.1493,0
230,1.0000,113.2784,155.6663,1.3742,0
231,1.0000,214.0748,231.7024,1.0823,0
232,1.0000,153.7791,183.0410,1.1903,0
233,0.9000,241.2778,273.8941,1.1352,0
234,1.0000,250.9462,257.1556,1.0247,0
235,1.0000,212.2711,233.6086,1.1005,0
236,1.0000,156.8024,177.4993,1.1320,0
237,1.0000,238.1323,281.1885,1.1808,0
238,0.9000,234.0855,264.7263,1.1309,0
239,1.0000,212.5606,225.7919,1.0622,0
240,1.0000,189.5231,201.1542,1.0614,0
241,0.9000,229.5256,261.2929,1.1384,0
242,1.0000,261.0804,279.0556,1.0688,0
243,0.9000,224.2030,246.0224,1.0973,0
244,0.9000,239.7624,248.7891,1.0376,0
245,1.0000,202.5191,221.5017,1.0937,0
246,0.8000,226.2653,239.5287,1.0586,0
247,1.0000,179.5996,202.3611,1.1267,0
248,0.7000,244.3010,251.6347,1.0300,0
249,1.0000,228.8253,243.6124,1.0646,0
250,0.9000,245.2855,262.3242,1.0695,0
251,1.0000,252.0456,279.3546,1.1083,0
252,0.9000,227.9539,233.9915,1.0265,0
253,1.0000,199.5720,226.5281,1.1351,0
254,0.9000,239.8249,253.2706,1.0561,0
255,1.0000,223.5979,247.8508,1.1085,0
256,0.8000,272.5674,302.0480,1.1082,0
257,0.9000,272.3876,291.0739,1.0686,0
258,0.9000,242.1652,260.6031,1.0761,0
259,0.7000,194.9718,205.1439,1.0522,0
260,0.9000,244.0061,268.7266,1.1013,0
261,1.0000,259.6305,281.0534,1.0825,0
262,0.9000,243.7847,266.3475,1.0926,0
263,1.0000,132.6801,198.0808,1.4929,0
264,1.0000,196.6799,234.0085,1.1898,0
265,1.0000,190.9529,219.8113,1.1511,0
266,1.0000,201.8613,218.6321,1.0831,0
267,1.0000,224.1629,251.4697,1.1218,0
268,0.8000,222.6163,243.6760,1.0946,0
269,0.9000,235.6183,246.8096,1.0475,0
270,1.0000,200.4969,228.9934,1.1421,0
271,1.0000,225.1155,238.2226,1.0582,0
272,1.0000,224.4326,255.7948,1.1397,0
273,1.0000,196.0102,240.1083,1.2250,0
274,0.8000,235.0298,260.3459,1.1077,0
275,0.9000,264.1098,284.9456,1.0789,0
276,1.0000,232.4263,268.4846,1.1551,0
277,1.0000,258.7837,271.3761,1.0487,0
278,0.9000,229.7020,243.7212,1.0610,0
279,0.8000,212.6029,222.1036,1.0447,0
280,1.0000,233.0386,258.7489,1.1103,0
281,1.0000,255.9140,275.7245,1.0774,0
282,1.0000,265.9868,287.9097,1.0824,0
283,1.0000,194.2782,214.0677,1.1019,0
284,1.0000,224.5952,237.1919,1.0561,0
285,0.7000,250.9163,278.6575,1.1106,0
286,0.9000,204.3306,221.7904,1.0854,0
287,1.0000,222.8430,239.9312,1.0767,0
288,1.0000,245.1387,262.4729,1.0707,0
289,1.0000,229.3098,245.2998,1.0697,0
290,0.9000,189.8894,208.8899,1.1001,0
291,1.0000,184.9703,193.5846,1.0466,0
292,1.0000,199.4242,224.0982,1.1237,0
293,0.9000,214.8115,232.7832,1.0837,0
294,0.9000,194.3862,204.3795,1.0514,0
295,1.0000,206.2789,233.3110,1.1310,0
296,1.0000,197.8105,220.8823,1.1166,0
297,1.0000,225.8229,256.9669,1.1379,0
298,0.9000,240.8672,266.6196,1.1069,0
299,1.0000,200.4595,214.1261,1.0682,0
300,0.7000,243.2941,271.7223,1.1168,0
301,1.0000,187.1042,214.8534,1.1483,0
302,1.0000,225.5593,250.4416,1.1103,0
303,1.0000,171.9070,191.3635,1.1132,0
304,0.8000,231.5448,242.6767,1.0481,0
305,0.7000,240.4808,251.5094,1.0459,0
306,1.0000,176.4681,206.3783,1.1695,0
307,0.9000,248.2599,264.6942,1.0662,0
308,1.0000,218.8812,258.5382,1.1812,0
309,1.0000,226.0022,246.0305,1.0886,0
310,0.5000,268.3002,284.6243,1.0608,0
311,0.8000,227.0947,241.8946,1.0652,0
312,1.0000,233.3388,244.2437,1.0467,0
313,1.0000,258.6677,279.4155,1.0802,0
314,1.0000,62.8411,223.0224,3.5490,0
315,1.0000,172.4500,247.2327,1.4336,0
316,1.0000,170.6898,221.3956,1.2971,0
317,1.0000,241.3607,261.4020,1.0830,0
318,0.9000,219.4448,245.9126,1.1206,0
319,0.9000,237.1793,243.6986,1.0275,0
320,1.0000,133.1728,277.1804,2.0814,0
321,1.0000,252.7073,271.6192,1.0748,0
322,1.0000,210.7226,228.5038,1.0844,0
323,1.0000,167.7826,214.5903,1.2790,0
324,0.9000,207.5283,231.3482,1.1148,0
325,0.8000,145.1723,241.4353,1.6631,0
326,0.8000,239.1318,254.0000,1.0622,0
327,1.0000,96.2912,163.2513,1.6954,0
328,1.0000,142.9720,160.9627,1.1258,0
329,0.8000,236.5333,274.9145,1.1623,0
330,1.0000,140.8758,193.4244,1.3730,0
331,0.9000,199.3790,214.2032,1.0744,0
332,1.0000,177.0706,209.5877,1.1836,0
333,0.8000,172.8583,202.8497,1.1735,0
334,1.0000,197.7903,220.3815,1.1142,0
335,1.0000,203.4576,233.5230,1.1478,0
336,1.0000,189.3225,203.0665,1.0726,0
337,1.0000,194.7100,214.3828,1.1010,0
338,0.9000,214.4085,235.7138,1.0994,0
339,1.0000,195.8801,213.2745,1.0888,0
340,1.0000,186.0027,201.7746,1.0848,0
341,1.0000,162.9570,192.9870,1.1843,0
342,1.0000,206.3129,218.9018,1.0610,0
343,1.0000,150.8476,238.6420,1.5820,0
344,1.0000,210.8127,237.5247,1.1267,0
345,1.0000,174.3846,244.0430,1.3995,0
346,0.9000,226.1062,258.4473,1.1430,0
347,0.9000,109.9818,229.0720,2.0828,0
348,1.0000,213.6516,223.3182,1.0452,0
349,1.0000,123.8184,181.2926,1.4642,0
350,1.0000,209.4111,217.3891,1.0381,0
351,1.0000,165.9096,181.2953,1.0927,0
352,1.0000,200.5642,207.9543,1.0368,0
353,1.0000,211.3599,224.9089,1.0641,0
354,1.0000,200.1574,223.4636,1.1164,0
355,0.9000,205.7037,218.7716,1.0635,0
356,1.0000,163.6918,253.3930,1.5480,0
357,1.0000,160.4774,226.8546,1.4136,0
358,1.0000,181.3146,243.3064,1.3419,0
359,1.0000,250.2079,272.6004,1.0895,0
360,1.0000,221.9707,239.9062,1.0808,0
361,0.9000,238.6881,259.2952,1.0863,0
362,0.9000,225.8185,243.5118,1.0784,0
363,1.0000,180.7982,191.3557,1.0584,0
364,0.9000,205.8932,245.8577,1.1941,0
365,1.0000,116.8888,207.9183,1.7788,0
366,1.0000,221.7792,243.1563,1.0964,0
367,1.0000,217.3016,246.1341,1.1327,0
368,0.9000,198.8718,210.4186,1.0581,0
369,0.8000,197.3525,216.2221,1.0956,0
370,0.9000,94.8736,213.5158,2.2505,0
371,1.0000,94.7312,201.0149,2.1220,0
372,1.0000,220.2862,255.2587,1.1588,0
373,1.0000,127.5421,181.2678,1.4212,0
374,1.0000,174.4190,189.5758,1.0869,0
375,0.8000,245.6542,259.9442,1.0582,0
376,1.0000,208.7199,222.9484,1.0682,0
377,1.0000,174.3273,195.6962,1.1226,0
378,1.0000,106.0047,236.7277,2.2332,0
379,1.0000,244.4095,260.9119,1.0675,0
380,1.0000,222.1891,246.6232,1.1100,0
381,1.0000,205.7353,251.9782,1.2248,0
382,1.0000,239.1610,280.4710,1.1727,0
383,0.9000,239.3805,254.9588,1.0651,0
384,1.0000,199.4467,208.5689,1.0457,0
385,0.8000,221.9212,246.2661,1.1097,0
386,1.0000,214.9163,225.0889,1.0473,0
387,1.0000,207.7426,243.3619,1.1715,0
388,0.9000,237.5837,242.2416,1.0196,0
389,0.9000,179.3265,213.1220,1.1885,0
390,1.0000,226.7510,242.9053,1.0712,0
391,1.0000,218.7396,226.8766,1.0372,0
392,1.0000,232.8712,253.1344,1.0870,0
393,1.0000,161.0528,174.9343,1.0862,0
394,1.0000,212.6711,229.8086,1.0806,0
395,1.0000,178.1965,212.7581,1.1940,0
396,1.0000,212.7980,225.7942,1.0611,0
397,0.8000,238.3946,264.0985,1.1078,0
398,0.9000,221.5559,237.5437,1.0722,0
399,1.0000,145.5507,193.8014,1.3315,0
400,1.0000,206.4728,235.7880,1.1420,0
401,0.7000,237.7562,262.4348,1.1038,0
402,1.0000,185.5613,280.8701,1.5136,0
403,1.0000,192.4370,227.0485,1.1799,0
404,1.0000,171.1900,190.1289,1.1106,0
405,0.8000,242.8662,262.1526,1.0794,0
406,1.0000,222.9215,244.1864,1.0954,0
407,1.0000,241.0498,253.4068,1.0513,0
408,1.0000,171.7964,189.8947,1.1053,0
409,0.9000,205.7377,226.3294,1.1001,0
410,1.0000,199.1733,220.8099,1.1086,0
411,1.0000,204.3404,236.2562,1.1562,0
412,0.9000,245.9675,266.4883,1.0834,0
413,0.9000,224.5863,246.3859,1.0971,0
414,1.0000,165.2453,243.5796,1.4740,0
415,0.9000,208.3771,228.6045,1.0971,0
416,1.0000,210.0214,225.8030,1.0751,0
417,1.0000,231.5038,257.2256,1.1111,0
418,0.8000,283.1872,288.5204,1.0188,0
419,1.0000,222.2184,246.2560,1.1082,0
420,0.9000,193.8427,248.1471,1.2801,0
421,1.0000,212.9812,221.0656,1.0380,0
422,1.0000,209.3848,243.7253,1.1640,0
423,1.0000,250.2579,271.8695,1.0864,0
424,0.9000,240.7883,259.2046,1.0765,0
425,0.9000,232.9764,269.3808,1.1563,0
426,1.0000,195.2511,207.5620,1.0631,0
427,1.0000,223.7409,239.7228,1.0714,0
428,1.0000,221.9707,255.5230,1.1512,0
429,1.0000,253.6592,286.2429,1.1285,0
430,1.0000,231.8707,252.6242,1.0895,0
431,0.9000,223.2958,237.8949,1.0654,0
432,1.0000,219.9091,274.1660,1.2467,0
433,0.7000,221.0294,234.6274,1.0615,0
434,1.0000,162.4377,224.6976,1.3833,0
435,1.0000,220.3996,230.9805,1.0480,0
436,1.0000,152.6860,220.4495,1.4438,0
437,1.0000,75.6175,194.5071,2.5723,0
438,1.0000,161.2638,236.3007,1.4653,0
439,1.0000,203.0369,254.4229,1.2531,0
440,1.0000,106.4472,214.2008,2.0123,0
441,1.0000,209.9405,277.4941,1.3218,0
442,1.0000,137.0292,160.4057,1.1706,0
443,0.9000,257.1206,272.7050,1.0606,0
444,0.8000,211.5963,224.5752,1.0613,0
445,1.0000,221.5356,244.5056,1.1037,0
446,1.0000,213.6680,233.2123,1.0915,0
447,1.0000,141.7992,210.5896,1.4851,0
448,1.0000,202.5364,242.6046,1.1978,0
449,1.0000,202.2622,239.7374,1.1853,0
450,1.0000,236.5544,263.7802,1.1151,0
451,0.9000,225.0955,255.1607,1.1336,0
452,0.8000,198.8064,229.2051,1.1529,0
453,0.8000,210.3378,240.8672,1.1451,0
454,1.0000,241.4995,263.4616,1.0909,0
455,1.0000,251.0478,276.8610,1.1028,0
456,1.0000,229.6497,246.6840,1.0742,0
457,1.0000,116.6705,183.1448,1.5698,0
458,1.0000,260.2018,284.6507,1.0940,0
459,1.0000,194.5945,230.3476,1.1837,0
460,0.8000,238.6148,253.7085,1.0633,0
461,1.0000,168.5141,181.6287,1.0778,0
462,1.0000,114.7911,127.8006,1.1133,0
463,1.0000,112.8938,137.5827,1.2187,0
464,1.0000,131.0229,150.7116,1.1503,0
465,1.0000,155.8653,179.8055,1.1536,0
466,1.0000,210.1333,232.2283,1.1051,0
467,1.0000,215.2812,241.3110,1.1209,0
468,0.9000,150.6652,166.2889,1.1037,0
469,1.0000,185.7767,206.7825,1.1131,0
470,1.0000,207.8293,233.6771,1.1244,0
471,0.8000,192.9793,220.1022,1.1405,0
472,0.9000,215.5992,235.0362,1.0902,0
473,1.0000,188.4357,222.5960,1.1813,0
474,1.0000,192.0885,221.9347,1.1554,0
475,1.0000,184.3339,226.5899,1.2292,0
476,0.9000,193.1424,203.6075,1.0542,0
477,1.0000,202.6524,216.4001,1.0678,0
478,1.0000,99.8599,130.1307,1.3031,0
479,1.0000,225.9712,249.4253,1.1038,0
480,1.0000,94.7259,114.7127,1.2110,0
481,1.0000,189.7867,234.7509,1.2369,0
482,1.0000,190.9581,219.4949,1.1494,0
483,1.0000,273.4575,290.8935,1.0638,0
484,1.0000,192.2628,206.9420,1.0763,0
485,1.0000,167.3350,188.8889,1.1288,0
486,1.0000,212.0590,249.3070,1.1756,0
487,1.0000,150.0467,170.3350,1.1352,0
488,1.0000,230.0804,242.0868,1.0522,0
489,1.0000,301.0581,313.1868,1.0403,0
490,1.0000,148.6237,168.5408,1.1340,0
491,1.0000,242.6726,290.9777,1.1991,0
492,1.0000,162.6899,192.0026,1.1802,0
493,1.0000,95.7601,122.9024,1.2834,0
494,1.0000,251.3225,275.4142,1.0959,0
495,1.0000,214.4108,239.6289,1.1176,0
496,1.0000,170.1940,185.1675,1.0880,0
497,0.9000,235.2998,247.9819,1.0539,0
498,1.0000,93.1397,109.3755,1.1743,0
499,0.9000,227.5060,258.7045,1.1371,0
500,1.0000,199.4166,217.9059,1.0927,0
501,0.9000,245.3467,259.5727,1.0580,0
502,1.0000,203.8823,218.6573,1.0725,0
503,1.0000,240.5909,266.6365,1.1083,0
504,1.0000,206.3977,236.9810,1.1482,0
505,1.0000,243.8893,261.6964,1.0730,0
506,1.0000,259.1370,301.3370,1.1628,0
507,0.6000,224.9956,245.2631,1.0901,0
508,1.0000,228.3112,250.2399,1.0960,0
509,1.0000,178.1011,201.5837,1.1319,0
510,1.0000,258.4279,291.1323,1.1266,0
511,1.0000,201.0721,212.6429,1.0575,0
512,0.9000,270.4496,289.5531,1.0706,0
513,1.0000,247.7741,263.3268,1.0628,0
514,1.0000,88.1703,105.0286,1.1912,0
515,0.9000,204.3159,222.2274,1.0877,0
516,0.9000,204.6485,225.1511,1.1002,0
517,1.0000,95.1315,110.8332,1.1651,0
518,1.0000,173.1762,194.2498,1.1217,0
519,1.0000,215.8449,225.6302,1.0453,0
520,0.9000,214.8511,228.4579,1.0633,0
521,1.0000,139.3521,154.1266,1.1060,0
522,1.0000,238.8807,265.8515,1.1129,0
523,1.0000,304.3731,330.3014,1.0852,0
524,1.0000,186.8957,195.8852,1.0481,0
525,1.0000,168.5912,184.8161,1.0962,0
526,1.0000,200.3597,226.0044,1.1280,0
527,1.0000,107.3546,121.7333,1.1339,0
528,0.7000,249.9180,264.0852,1.0567,0
529,1.0000,246.3230,283.7693,1.1520,0
530,1.0000,209.6998,223.0919,1.0639,0
531,1.0000,255.9082,268.1399,1.0478,0
532,1.0000,45.8367,68.0368,1.4843,0
533,1.0000,162.2128,176.7371,1.0895,0
534,1.0000,212.3229,236.5650,1.1142,0
535,1.0000,169.5641,183.7063,1.0834,0
536,1.0000,171.3739,243.2900,1.4196,0
537,1.0000,212.4476,236.1779,1.1117,0
538,1.0000,180.5907,193.7473,1.0729,0
539,0.8000,225.2776,237.2594,1.0532,0
540,1.0000,231.5707,253.5094,1.0947,0
541,1.0000,199.2285,211.1777,1.0600,0
542,1.0000,175.1114,198.7083,1.1348,0
543,1.0000,128.7711,151.3506,1.1753,0
544,0.9000,210.8673,227.3543,1.0782,0
545,1.0000,129.9846,298.4560,2.2961,0
546,1.0000,182.0494,195.3049,1.0728,0
547,0.9000,203.6517,234.8659,1.1533,0
548,0.9000,226.7157,257.4840,1.1357,0
549,1.0000,187.0027,212.5676,1.1367,0
550,1.0000,165.8162,184.6131,1.1134,0
551,0.9000,233.8119,255.1039,1.0911,0
552,0.9000,162.9724,178.4657,1.0951,0
553,0.9000,200.6390,212.4994,1.0591,0
554,1.0000,187.0160,218.5338,1.1685,0
555,1.0000,208.2619,234.8744,1.1278,0
556,1.0000,216.2915,257.7964,1.1919,0
557,1.0000,191.3923,218.8196,1.1433,0
558,1.0000,182.5294,224.1205,1.2279,0
559,1.0000,190.2971,211.5987,1.1119,0
560,1.0000,200.8606,239.5746,1.1927,0
561,0.9000,216.1365,263.5451,1.2193,0
562,0.7000,266.3663,282.2339,1.0596,0
563,1.0000,211.9245,237.6826,1.1215,0
564,1.0000,202.7313,222.0811,1.0954,0
565,0.9000,239.3429,258.3931,1.0796,0
566,1.0000,261.0479,282.3066,1.0814,0
567,1.0000,248.7207,260.8007,1.0486,0
568,1.0000,254.7921,273.0385,1.0716,0
569,1.0000,176.4313,228.8777,1.2973,0
570,1.0000,210.4139,241.7333,1.1488,0
571,1.0000,243.4153,262.4271,1.0781,0
572,1.0000,254.7273,272.0368,1.0680,0
573,1.0000,202.1954,226.4310,1.1199,0
574,1.0000,241.6195,253.9685,1.0511,0
575,0.7000,235.9809,256.7859,1.0882,0
576,1.0000,169.2838,200.4196,1.1839,0
577,1.0000,208.5977,243.4625,1.1671,0
578,1.0000,273.0604,291.1151,1.0661,0
579,1.0000,192.1406,227.6357,1.1847,0
580,0.9000,243.8483,264.4012,1.0843,0
581,1.0000,135.5249,170.9620,1.2615,0
582,1.0000,210.6324,246.4711,1.1701,0
583,0.9000,169.0473,200.5492,1.1863,0
584,0.9000,242.0909,261.3255,1.0795,0
585,0.9000,146.8571,177.8314,1.2109,0
586,0.7000,100.6231,226.7047,2.2530,0
587,1.0000,212.7134,238.9351,1.1233,0
588,0.9000,203.5878,243.5488,1.1963,0
589,1.0000,191.1675,206.1771,1.0785,0
590,1.0000,109.7224,200.9677,1.8316,0
591,1.0000,166.7813,205.1755,1.2302,0
592,1.0000,170.2733,197.8105,1.1617,0
593,1.0000,171.7411,203.1723,1.1830,0
594,1.0000,181.4745,208.7247,1.1502,0
595,1.0000,194.9564,235.6162,1.2086,0
596,1.0000,220.4949,248.2217,1.1257,0
597,1.0000,164.3472,203.7940,1.2400,0
598,0.9000,176.3944,217.3615,1.2322,0
599,1.0000,233.7413,255.2254,1.0919,0
600,1.0000,173.1069,187.6832,1.0842,0
601,1.0000,222.3646,241.3566,1.0854,0
602,1.0000,198.4817,220.5153,1.1110,0
603,1.0000,191.3217,205.2170,1.0726,0
604,1.0000,238.6127,253.5567,1.0626,0
605,1.0000,243.8135,261.1934,1.0713,0
606,1.0000,225.2976,242.4129,1.0760,0
607,1.0000,247.6308,274.1332,1.1070,0
608,1.0000,201.2486,224.9800,1.1179,0
609,0.9000,86.8447,271.2545,3.1234,0
610,0.9000,164.0823,206.5406,1.2588,0
611,0.9000,235.4336,256.3377,1.0888,0
612,0.9000,204.3942,226.7311,1.1093,0
613,0.9000,245.9248,260.0635,1.0575,0
614,1.0000,191.8020,210.9929,1.1001,0
615,1.0000,179.6441,203.2658,1.1315,0
616,0.9000,108.9266,214.1238,1.9658,0
617,1.0000,224.5974,240.9149,1.0727,0
618,1.0000,221.5333,274.0146,1.2369,0
619,1.0000,150.3862,176.9576,1.1767,0
620,0.9000,228.0417,261.5378,1.1469,0
621,1.0000,157.2323,192.3668,1.2235,0
622,1.0000,108.0185,117.1495,1.0845,0
623,1.0000,94.4669,119.9375,1.2696,0
624,1.0000,87.8692,130.0654,1.4802,0
625,1.0000,56.7891,94.5939,1.6657,0
626,1.0000,66.7608,87.8920,1.3165,0
627,1.0000,212.0354,231.4887,1.0917,0
628,1.0000,64.4283,83.6361,1.2981,0
629,1.0000,53.8981,83.3547,1.5465,0
630,1.0000,114.7127,157.1051,1.3696,0
631,1.0000,58.4722,81.9207,1.4010,0
632,1.0000,93.4184,115.9483,1.2412,0
633,1.0000,66.1816,83.8630,1.2672,0
634,1.0000,126.4081,152.1348,1.2035,0
635,1.0000,122.9715,142.1197,1.1557,0
636,1.0000,74.6458,85.8720,1.1504,0
637,1.0000,139.0827,148.8254,1.0700,0
638,1.0000,117.2689,167.7826,1.4308,0
639,1.0000,180.0750,221.0023,1.2273,0
640,1.0000,137.3645,157.2800,1.1450,0
641,1.0000,165.8433,189.0873,1.1402,0
642,1.0000,157.7530,200.4196,1.2705,0
643,1.0000,153.7693,190.1131,1.2364,0
644,1.0000,182.2745,229.8978,1.2613,0
645,1.0000,172.7223,183.2512,1.0610,0
646,1.0000,161.4466,179.0726,1.1092,0
647,1.0000,238.2331,263.8655,1.1076,0
648,1.0000,206.8357,223.3719,1.0799,0
649,1.0000,240.6138,264.6299,1.0998,0
650,1.0000,216.2892,231.5988,1.0708,0
651,1.0000,106.8831,130.0769,1.2170,0
652,1.0000,66.1211,78.2304,1.1831,0
653,0.9000,150.9238,169.8794,1.1256,0
654,1.0000,92.0435,101.7104,1.1050,0
655,1.0000,204.7462,220.6694,1.0778,0
656,1.0000,120.9049,139.9321,1.1574,0
657,1.0000,212.6594,224.8666,1.0574,0
658,1.0000,95.9114,122.1925,1.2740,0
659,1.0000,138.9136,179.5522,1.2925,0
660,1.0000,128.1757,143.1153,1.1166,0
661,1.0000,192.3694,213.4245,1.1095,0
662,1.0000,90.9890,106.8036,1.1738,0
663,1.0000,143.9410,173.2859,1.2039,0
664,1.0000,247.9335,263.0798,1.0611,0
665,1.0000,262.7071,287.5865,1.0947,0
666,0.9000,192.4058,214.0047,1.1123,0
667,0.9000,188.7856,206.9058,1.0960,0
668,1.0000,155.1709,184.4776,1.1889,0
669,1.0000,144.5372,164.5752,1.1386,0
670,1.0000,214.9698,230.3953,1.0718,0
671,1.0000,144.7930,164.7301,1.1377,0
672,1.0000,185.1378,213.5064,1.1532,0
673,1.0000,208.1202,239.5141,1.1508,0
674,1.0000,229.2379,246.4346,1.0750,0
675,1.0000,192.3798,221.0362,1.1490,0
676,1.0000,199.8574,225.5637,1.1286,0
677,1.0000,153.2677,178.1797,1.1625,0
678,1.0000,97.9234,110.6526,1.1300,0
679,1.0000,185.3294,196.5502,1.0605,0
680,1.0000,216.7948,231.0974,1.0660,0
681,1.0000,121.7785,150.2564,1.2339,0
682,1.0000,218.3186,249.5396,1.1430,0
683,1.0000,173.3580,201.8465,1.1643,0
684,1.0000,114.0482,130.5488,1.1447,0
685,0.9000,236.1546,256.2577,1.0851,0
686,1.0000,104.6805,116.9059,1.1168,0
687,1.0000,154.7256,183.1693,1.1838,0
688,1.0000,209.7165,236.5481,1.1279,0
689,1.0000,160.9006,181.1408,1.1258,0
690,1.0000,217.5799,234.4078,1.0773,0
691,1.0000,232.8497,269.7554,1.1585,0
692,1.0000,215.2231,231.7434,1.0768,0
693,0.7000,229.0895,244.0594,1.0653,0
694,1.0000,142.5202,161.3072,1.1318,0
695,1.0000,110.7159,135.7498,1.2261,0
696,1.0000,168.6802,180.8701,1.0723,0
697,1.0000,134.9926,177.9438,1.3182,0
698,1.0000,160.2623,188.5232,1.1763,0
699,1.0000,123.7053,171.1607,1.3836,0
700,1.0000,104.8141,120.2248,1.1470,0
701,1.0000,135.7498,199.7498,1.4715,0
702,1.0000,181.5351,197.5702,1.0883,0
703,0.8000,223.4614,234.5720,1.0497,0
704,1.0000,110.5758,122.7844,1.1104,0
705,1.0000,143.9931,174.8657,1.2144,0
706,1.0000,128.0820,146.4309,1.1433,0
707,1.0000,206.2717,214.8418,1.0415,0
708,0.8000,186.9465,221.7521,1.1862,0
709,1.0000,128.7129,154.8257,1.2029,0
710,1.0000,161.9969,202.1633,1.2479,0
711,0.8000,227.3565,242.4582,1.0664,0
712,1.0000,167.9554,236.3726,1.4074,0
713,1.0000,166.0693,183.6872,1.1061,0
714,0.9000,183.3930,194.8923,1.0627,0
715,1.0000,207.5187,230.5211,1.1108,0
716,1.0000,171.1987,200.6215,1.1719,0
717,1.0000,230.6599,258.2944,1.1198,0
718,0.9000,251.7161,271.1273,1.0771,0
719,0.9000,220.9344,242.8168,1.0990,0
720,1.0000,206.3662,220.1590,1.0668,0
721,1.0000,114.6952,132.1325,1.1520,0
722,1.0000,193.7137,231.7434,1.1963,0
723,0.9000,215.4112,221.2487,1.0271,0
724,1.0000,194.7794,220.3928,1.1315,0
725,1.0000,182.0659,212.4053,1.1666,0
726,1.0000,247.3055,263.1672,1.0641,0
727,0.9000,225.9358,244.0779,1.0803,0
728,0.8000,251.6366,280.8754,1.1162,0
729,1.0000,226.6341,242.0847,1.0682,0
730,0.9000,229.3949,272.2646,1.1869,0
731,0.9000,209.8881,234.6934,1.1182,0
732,1.0000,149.0067,161.8394,1.0861,0
733,1.0000,64.7148,76.2824,1.1787,0
734,1.0000,209.9143,231.8383,1.1044,0
735,0.9000,217.2809,237.6047,1.0935,0
736,0.9000,210.1499,239.4515,1.1394,0
737,0.9000,257.9787,273.9635,1.0620,0
738,0.9000,186.3384,207.6006,1.1141,0
739,1.0000,232.6242,272.9890,1.1735,0
740,1.0000,218.8881,270.0463,1.2337,0
741,0.9000,245.3141,261.6677,1.0667,0
742,1.0000,171.8662,197.6639,1.1501,0
743,1.0000,174.9114,208.4083,1.1915,0
744,0.9000,241.4146,264.4201,1.0953,0
745,1.0000,226.6252,263.1349,1.1611,0
746,1.0000,123.8992,135.8124,1.0962,0
747,1.0000,239.2655,254.6213,1.0642,0
748,0.9000,242.5428,252.2994,1.0402,0
749,1.0000,135.3736,150.8774,1.1145,0
750,1.0000,245.1306,270.0037,1.1015,0
751,1.0000,221.3730,238.5854,1.0778,0
752,1.0000,202.1856,250.4177,1.2386,0
753,1.0000,203.9804,234.7403,1.1508,0
754,1.0000,232.2025,256.3006,1.1038,0
755,1.0000,198.4187,226.5877,1.1420,0
756,1.0000,183.4257,199.1005,1.0855,0
757,1.0000,204.8341,277.3031,1.3538,0
758,1.0000,167.5649,192.5409,1.1491,0
759,1.0000,188.3348,200.5193,1.0647,0
760,0.9000,222.5219,231.6096,1.0408,0
761,1.0000,162.5608,186.3089,1.1461,0
762,1.0000,172.1395,197.0812,1.1449,0
763,1.0000,225.3087,246.3981,1.0936,0
764,1.0000,98.0000,131.8181,1.3451,0
765,1.0000,143.1188,165.6834,1.1577,0
766,1.0000,198.4792,220.7487,1.1122,0
767,1.0000,127.3735,162.8005,1.2781,0
768,1.0000,138.2787,170.5110,1.2331,0
769,1.0000,248.8936,262.8231,1.0560,0
770,1.0000,163.6062,194.1675,1.1868,0
771,1.0000,178.3620,195.2793,1.0948,0
772,1.0000,262.5909,276.8122,1.0542,0
773,0.9000,266.5427,276.0960,1.0358,0
774,1.0000,89.6605,100.4291,1.1201,0
775,0.9000,246.7691,284.0933,1.1513,0
776,1.0000,98.5951,105.2046,1.0670,0
777,1.0000,150.5091,159.5180,1.0599,0
778,1.0000,191.6325,225.8739,1.1787,0
779,1.0000,207.5548,274.1642,1.3209,0
780,0.9000,245.6705,259.1872,1.0550,0
781,1.0000,175.2969,214.0304,1.2210,0
782,1.0000,203.1305,227.1409,1.1182,0
783,1.0000,163.3524,189.6734,1.1611,0
784,1.0000,248.9920,271.1457,1.0890,0
785,1.0000,126.0635,151.3803,1.2008,0
786,1.0000,186.6869,197.3221,1.0570,0
787,0.9000,230.4083,242.9300,1.0543,0
788,1.0000,225.4617,250.9044,1.1128,0
789,1.0000,254.3364,298.7658,1.1747,0
790,1.0000,162.1481,198.5397,1.2244,0
791,1.0000,217.9656,329.2659,1.5106,0
792,0.9000,256.0508,275.2581,1.0750,0
793,0.7000,319.5027,330.1197,1.0332,0
794,1.0000,123.2518,138.9748,1.1276,0
795,1.0000,218.5978,264.2783,1.2090,0
796,1.0000,188.7750,221.6957,1.1744,0
797,1.0000,51.7494,132.5670,2.5617,0
798,1.0000,178.0140,214.7953,1.2066,0
799,0.9000,175.3568,196.2830,1.1193,0
800,1.0000,128.1523,183.2348,1.4298,0
801,1.0000,209.0598,227.9430,1.0903,0
802,1.0000,134.0895,248.4331,1.8527,0
803,1.0000,115.3170,237.2762,2.0576,0
804,1.0000,181.9533,205.7474,1.1308,0
805,1.0000,53.6097,181.8103,3.3914,0
806,1.0000,104.6805,148.7145,1.4207,0
807,1.0000,160.9441,177.5500,1.1032,0
808,1.0000,146.3489,179.3488,1.2255,0
809,1.0000,155.8044,167.9554,1.0780,0
810,1.0000,186.2525,213.0422,1.1438,0
811,1.0000,146.2156,172.5775,1.1803,0
812,1.0000,120.8305,148.6439,1.2302,0
813,0.7000,237.6405,260.3056,1.0954,0
814,1.0000,113.2122,140.1107,1.2376,0
815,1.0000,93.9468,128.5379,1.3682,0
816,1.0000,202.5833,215.5389,1.0640,0
817,0.8000,172.4935,180.1388,1.0443,0
818,1.0000,143.4190,175.8806,1.2263,0
819,1.0000,213.8691,239.1673,1.1183,0
820,1.0000,92.8062,108.0648,1.1644,0
821,1.0000,96.5557,119.0126,1.2326,0
822,1.0000,182.7293,193.1968,1.0573,0
823,1.0000,159.8750,180.0722,1.1263,0
824,1.0000,197.1015,219.7954,1.1151,0
825,1.0000,145.6846,177.8342,1.2207,0
826,0.9000,206.9299,218.3804,1.0553,0
827,1.0000,193.8066,211.0877,1.0892,0
828,0.9000,176.5106,214.1425,1.2132,0
829,1.0000,150.9735,174.0345,1.1527,0
830,1.0000,167.9494,215.1627,1.2811,0
831,1.0000,94.1966,200.2848,2.1262,0
832,1.0000,154.6351,162.8711,1.0533,0
833,1.0000,183.7988,200.3247,1.0899,0
834,0.8000,217.2257,232.1573,1.0687,0
835,1.0000,127.7341,165.7136,1.2973,0
836,1.0000,153.4731,229.3098,1.4941,0
837,1.0000,139.7605,178.1628,1.2748,0
838,1.0000,192.8160,206.2595,1.0697,0
839,0.9000,157.4833,242.5655,1.5403,0
840,1.0000,197.0279,234.0534,1.1879,0
841,0.9000,252.2657,263.0418,1.0427,0
842,0.9000,205.3436,250.2359,1.2186,0
843,1.0000,103.3683,193.4141,1.8711,0
844,0.9000,216.1319,239.0586,1.1061,0
845,0.9000,231.1947,250.8446,1.0850,0
846,1.0000,131.7687,212.1344,1.6099,0
847,0.9000,168.5883,177.8792,1.0551,0
848,1.0000,186.7217,205.8397,1.1024,0
849,1.0000,201.0124,248.6564,1.2370,0
850,1.0000,119.1554,191.8280,1.6099,0
851,1.0000,197.2258,209.9714,1.0646,0
852,1.0000,177.6710,204.9976,1.1538,0
853,1.0000,172.0668,205.1292,1.1921,0
854,1.0000,234.5080,248.6202,1.0602,0
855,1.0000,149.9933,188.8968,1.2594,0
856,1.0000,81.7435,186.8663,2.2860,0
857,1.0000,227.5588,247.6590,1.0883,0
858,1.0000,150.4028,235.8495,1.5681,0
859,0.9000,202.3166,224.1250,1.1078,0
860,1.0000,225.6169,251.1294,1.1131,0
861,0.7000,211.6459,251.9524,1.1904,0
862,1.0000,132.2989,253.5488,1.9165,0
863,1.0000,193.8608,208.9593,1.0779,0
864,1.0000,153.6945,253.4699,1.6492,0
865,1.0000,128.5496,204.3233,1.5895,0
866,1.0000,217.4810,243.7006,1.1206,0
867,1.0000,202.3018,226.9868,1.1220,0
868,1.0000,193.7498,212.0684,1.0945,0
869,1.0000,144.5303,188.3746,1.3034,0
870,0.8000,214.7254,264.1515,1.2302,0
871,1.0000,159.3142,254.7410,1.5990,0
872,1.0000,216.1458,238.7404,1.1045,0
873,0.9000,249.9300,274.2554,1.0973,0
874,1.0000,139.3772,172.1017,1.2348,0
875,0.8000,123.3734,204.8658,1.6605,0
876,1.0000,200.7760,225.6967,1.1241,0
877,1.0000,210.6704,235.1127,1.1160,0
878,1.0000,140.0678,215.5574,1.5390,0
879,1.0000,183.0656,205.5748,1.1230,0
880,1.0000,139.9536,189.8499,1.3565,0
881,1.0000,196.9924,289.5894,1.4701,0
882,1.0000,202.0371,222.9731,1.1036,0
883,1.0000,197.5196,216.3469,1.0953,0
884,1.0000,226.0155,248.1048,1.0977,0
885,1.0000,189.3357,209.5352,1.1067,0
886,1.0000,186.8582,222.9507,1.1932,0
887,0.9000,138.4269,242.8868,1.7546,0
888,0.8000,240.3456,259.9558,1.0816,0
889,1.0000,166.0873,221.5965,1.3342,0
890,1.0000,163.3310,281.7623,1.7251,0
891,1.0000,166.9701,211.4285,1.2663,0
892,0.9000,203.8112,241.5492,1.1852,0
893,1.0000,226.8942,245.6379,1.0826,0
894,1.0000,128.4290,200.7038,1.5628,0
895,0.9000,178.5749,201.5167,1.1285,0
896,1.0000,144.8896,252.6440,1.7437,0
897,1.0000,176.1306,222.8497,1.2653,0
898,1.0000,198.5170,248.9880,1.2542,0
899,1.0000,239.9312,259.8923,1.0832,0
900,1.0000,194.9974,231.4973,1.1872,0
901,1.0000,184.6781,207.1980,1.1219,0
902,1.0000,159.4051,177.2033,1.1117,0
903,1.0000,167.6783,261.5703,1.5600,0
904,0.9000,264.6847,288.0521,1.0883,0
905,1.0000,164.9242,267.3144,1.6208,0
906,1.0000,232.4457,260.9770,1.1227,0
907,1.0000,180.5298,195.2409,1.0815,0
908,0.7000,178.3340,267.4939,1.5000,0
909,1.0000,215.5296,234.7935,1.0894,0
910,1.0000,127.7850,257.8372,2.0177,0
911,0.9000,223.5151,238.4575,1.0669,0
912,0.6000,229.7107,257.5422,1.1212,0
913,1.0000,198.0328,221.7273,1.1196,0
914,0.9000,169.1006,237.8823,1.4068,0
915,1.0000,209.2415,241.7933,1.1556,0
916,1.0000,250.5993,272.2940,1.0866,0
917,1.0000,135.0592,156.4321,1.1582,0
918,1.0000,230.1934,247.5298,1.0753,0
919,1.0000,188.4357,204.6973,1.0863,0
920,1.0000,254.8882,282.8480,1.1097,0
921,1.0000,230.7358,252.2063,1.0931,0
922,1.0000,220.8755,241.4746,1.0933,0
923,0.8000,254.9471,266.0639,1.0436,0
924,1.0000,192.4136,213.1080,1.1076,0
925,1.0000,96.6695,224.4638,2.3220,0
926,1.0000,146.9115,185.3429,1.2616,0
927,1.0000,141.8203,233.5059,1.6465,0
928,1.0000,157.0891,180.1027,1.1465,0
929,1.0000,216.0625,265.0679,1.2268,0
930,0.8000,137.5245,257.9477,1.8756,0
931,1.0000,133.8880,226.6429,1.6928,0
932,1.0000,183.6491,195.6681,1.0654,0
933,1.0000,203.9289,237.5584,1.1649,0
934,0.9000,195.5735,224.5440,1.1481,0
935,1.0000,185.2647,223.8013,1.2080,0
936,1.0000,166.0090,256.5307,1.5453,0
937,0.8000,240.8174,258.0310,1.0715,0
938,1.0000,223.6157,239.3366,1.0703,0
939,0.9000,202.3709,232.0776,1.1468,0
940,1.0000,246.2377,265.5184,1.0783,0
941,1.0000,158.4614,248.2801,1.5668,0
942,1.0000,80.4922,208.8636,2.5948,0
943,1.0000,244.9061,264.1590,1.0786,0
944,1.0000,228.4075,265.7762,1.1636,0
945,1.0000,143.1084,199.7749,1.3960,0
946,1.0000,207.2800,242.6850,1.1708,0
947,1.0000,228.8056,251.9802,1.1013,0
948,0.7000,156.4960,229.6476,1.4674,0
949,1.0000,260.2480,275.4832,1.0585,0
950,1.0000,224.8777,258.1337,1.1479,0
951,1.0000,229.3665,256.8482,1.1198,0
952,1.0000,135.1703,229.1135,1.6950,0
953,0.9000,228.5892,246.7610,1.0795,0
954,1.0000,211.1256,249.9480,1.1839,0
955,1.0000,173.7556,209.9833,1.2085,0
956,1.0000,138.1629,173.6116,1.2566,0
957,1.0000,192.2056,225.6878,1.1742,0
958,0.9000,202.9458,265.2094,1.3068,0
959,1.0000,213.7335,238.7342,1.1170,0
960,1.0000,188.2180,268.5070,1.4266,0
961,1.0000,137.3354,169.1272,1.2315,0
962,1.0000,216.2314,232.6392,1.0759,0
963,1.0000,179.5578,277.7769,1.5470,0
964,1.0000,213.7873,252.6737,1.1819,0
965,1.0000,194.4119,240.3747,1.2364,0
966,1.0000,113.1636,227.9561,2.0144,0
967,0.7000,213.7241,258.5614,1.2098,0
968,1.0000,224.2677,244.3276,1.0894,0
969,1.0000,230.9762,262.7813,1.1377,0
970,1.0000,198.9548,221.0724,1.1112,0
971,1.0000,144.3745,243.7601,1.6884,0
972,1.0000,180.5132,211.3078,1.1706,0
973,1.0000,223.8214,271.7738,1.2142,0
974,1.0000,160.1250,179.5327,1.1212,0
975,1.0000,250.4177,285.9545,1.1419,0
976,1.0000,108.8761,159.1509,1.4618,0
977,0.9000,253.8700,274.9727,1.0831,0
978,1.0000,164.7665,183.7553,1.1152,0
979,1.0000,186.4162,203.8063,1.0933,0
980,1.0000,228.2433,249.9840,1.0953,0
981,1.0000,131.6624,214.6975,1.6307,0
982,1.0000,216.1041,256.6106,1.1874,0
983,1.0000,263.3610,280.0339,1.0633,0
984,0.9000,248.8795,269.3102,1.0821,0
985,0.9000,224.9733,237.4300,1.0554,0
986,1.0000,169.5553,259.0521,1.5278,0
987,1.0000,122.2088,235.1574,1.9242,0
988,1.0000,137.8623,247.0182,1.7918,0
989,0.9000,170.9240,189.4043,1.1081,0
990,1.0000,148.9060,261.7594,1.7579,0
991,0.6000,234.5208,249.8740,1.0655,0
992,1.0000,83.3906,241.5140,2.8962,0
993,0.6000,235.6502,246.0447,1.0441,0
994,1.0000,227.4027,272.0992,1.1966,0
995,1.0000,210.9763,236.5037,1.1210,0
996,1.0000,226.2189,246.3514,1.0890,0
997,1.0000,181.9450,203.7597,1.1199,0
998,1.0000,240.0104,285.6991,1.1904,0
999,0.7000,262.0782,290.2861,1.1076,0
1000,0.9000,234.4483,250.3338,1.0678,0
1001,1.0000,177.5669,245.8617,1.3846,0
1002,1.0000,211.5041,227.5961,1.0761,0
1003,1.0000,144.0937,160.2748,1.1123,0
1004,1.0000,211.7735,229.3709,1.0831,0
1005,1.0000,200.2149,224.3702,1.1206,0
1006,0.8000,262.8536,277.6581,1.0563,0
1007,1.0000,109.5354,244.7386,2.2343,0
1008,1.0000,175.5563,232.4715,1.3242,0
1009,1.0000,148.6136,193.3184,1.3008,0
1010,0.9000,219.2852,234.4462,1.0691,0
1011,0.9000,197.0152,219.3331,1.1133,0
1012,0.9000,203.7351,216.4671,1.0625,0
1013,1.0000,200.2399,226.3890,1.1306,0
1014,1.0000,159.3549,246.9332,1.5496,0
1015,1.0000,101.1978,120.0167,1.1860,0
1016,1.0000,169.9441,181.2898,1.0668,0
1017,1.0000,122.0369,137.5754,1.1273,0
1018,1.0000,196.0740,219.8409,1.1212,0
1019,1.0000,184.9784,191.8776,1.0373,0
1020,1.0000,202.6105,219.0183,1.0810,0
1021,0.7000,225.0911,242.7962,1.0787,0
1022,0.9000,214.2218,237.0949,1.1068,0
1023,0.9000,182.0302,192.3798,1.0569,0
1024,1.0000,166.1957,188.4781,1.1341,0
1025,0.8000,168.6238,176.7512,1.0482,0
1026,1.0000,160.3746,171.9448,1.0721,0
1027,1.0000,205.1755,214.3502,1.0447,0
1028,1.0000,211.6365,222.3466,1.0506,0
1029,0.9000,180.4550,209.1196,1.1588,0
1030,1.0000,187.2058,213.3096,1.1394,0
1031,1.0000,138.4702,155.8814,1.1257,0
1032,1.0000,109.8408,131.9773,1.2015,0
1033,0.9000,207.8798,232.5425,1.1186,0
1034,1.0000,187.9441,200.6988,1.0679,0
1035,1.0000,255.1411,265.7555,1.0416,0
1036,1.0000,241.7726,252.3807,1.0439,0
1037,1.0000,221.6642,233.3110,1.0525,0
1038,1.0000,111.8034,123.9556,1.1087,0
1039,1.0000,199.2486,232.2542,1.1657,0
1040,0.9000,204.2376,233.7434,1.1445,0
1041,1.0000,128.7129,195.6144,1.5198,0
1042,1.0000,215.3230,226.4111,1.0515,0
1043,1.0000,181.4111,261.0785,1.4392,0
1044,0.9000,212.9530,230.5190,1.0825,0
1045,0.7000,231.9957,247.4793,1.0667,0
1046,1.0000,94.5304,116.2497,1.2298,0
1047,1.0000,104.9428,125.5428,1.1963,0
1048,1.0000,174.0316,208.9306,1.2005,0
1049,0.9000,206.3080,224.5351,1.0883,0
1050,0.9000,215.4298,231.4217,1.0742,0
1051,1.0000,166.2408,231.2639,1.3911,0
1052,1.0000,206.1747,228.2871,1.1073,0
1053,1.0000,189.6365,224.6219,1.1845,0
1054,1.0000,221.0339,247.8366,1.1213,0
1055,1.0000,142.7515,161.4001,1.1306,0
1056,0.9000,177.9944,198.7184,1.1164,0
1057,1.0000,175.0686,188.6107,1.0774,0
1058,0.9000,218.8447,242.2746,1.1071,0
1059,1.0000,134.4879,152.1808,1.1316,0
1060,0.8000,222.4140,257.8391,1.1593,0
1061,1.0000,201.7151,216.5410,1.0735,0
1062,1.0000,140.4671,152.7514,1.0875,0
1063,1.0000,225.4085,245.8862,1.0908,0
1064,0.9000,214.5204,236.1970,1.1010,0
1065,1.0000,173.6001,189.5600,1.0919,0
1066,1.0000,121.3136,136.3048,1.1236,0
1067,1.0000,194.8230,202.9606,1.0418,0
1068,1.0000,117.7412,198.2372,1.6837,0
1069,1.0000,178.4433,189.2538,1.0606,0
1070,0.9000,210.0262,222.7981,1.0608,0
1071,1.0000,173.1416,190.9162,1.1027,0
1072,1.0000,200.1749,232.8369,1.1632,0
1073,1.0000,210.7724,232.4306,1.1028,0
1074,1.0000,233.2981,270.3868,1.1590,0
1075,0.9000,200.3796,231.5297,1.1555,0
1076,0.8000,256.2616,269.8500,1.0530,0
1077,1.0000,139.0468,159.7905,1.1492,0
1078,1.0000,185.0108,193.9175,1.0481,0
1079,1.0000,217.0553,235.3104,1.0841,0
1080,1.0000,201.2635,238.2834,1.1839,0
1081,1.0000,232.9270,251.8889,1.0814,0
1082,1.0000,153.4340,195.5045,1.2742,0
1083,1.0000,211.2108,224.8577,1.0646,0
1084,1.0000,200.8009,244.4934,1.2176,0
1085,1.0000,210.7676,247.8669,1.1760,0
1086,1.0000,261.0498,271.9283,1.0417,0
1087,1.0000,122.6214,143.5723,1.1709,0
1088,1.0000,238.8535,262.6328,1.0996,0
1089,0.9000,202.4599,220.9253,1.0912,0
1090,1.0000,147.9223,216.7718,1.4654,0
1091,1.0000,162.5208,186.5074,1.1476,0
1092,1.0000,226.2477,245.2325,1.0839,0
1093,1.0000,206.9009,221.7228,1.0716,0
1094,1.0000,196.5757,203.5092,1.0353,0
1095,1.0000,196.3237,217.2073,1.1064,0
1096,1.0000,197.7751,219.6224,1.1105,0
1097,1.0000,148.4790,161.5642,1.0881,0
1098,1.0000,133.3604,169.9117,1.2741,0
1099,1.0000,198.4036,213.8691,1.0779,0
1100,1.0000,195.0333,217.2786,1.1141,0
1101,1.0000,139.2516,158.8805,1.1410,0
1102,1.0000,163.3340,185.9220,1.1383,0
1103,1.0000,134.2535,172.5630,1.2854,0
1104,1.0000,232.3123,245.5667,1.0571,0
1105,1.0000,196.9213,225.5637,1.1455,0
1106,1.0000,242.3200,264.0985,1.0899,0
1107,1.0000,151.9441,175.2997,1.1537,0
1108,1.0000,282.4854,298.2784,1.0559,0
1109,1.0000,161.4652,182.5924,1.1308,0
1110,0.9000,226.2808,249.0602,1.1007,0
1111,1.0000,116.9744,145.9520,1.2477,0
1112,1.0000,195.1410,223.2219,1.1439,0
1113,1.0000,202.4278,219.3285,1.0835,0
1114,1.0000,215.1418,256.1347,1.1905,0
1115,1.0000,223.3361,257.0370,1.1509,0
1116,1.0000,174.6339,197.2841,1.1297,0
1117,1.0000,122.8983,139.4131,1.1344,0
1118,1.0000,181.8323,224.9600,1.2372,0
1119,1.0000,234.5101,250.0580,1.0663,0
1120,1.0000,220.8212,233.0365,1.0553,0
1121,1.0000,172.9133,184.1575,1.0650,0
1122,1.0000,166.7063,181.1850,1.0869,0
1123,1.0000,181.5434,190.5203,1.0494,0
1124,1.0000,161.3320,173.7182,1.0768,0
1125,0.9000,216.4440,226.3382,1.0457,0
1126,1.0000,157.8163,173.2195,1.0976,0
1127,1.0000,188.5709,199.5645,1.0583,0
1128,0.8000,191.8150,209.3562,1.0914,0
1129,1.0000,143.5514,181.9808,1.2677,0
1130,1.0000,170.2058,187.7951,1.1033,0
1131,1.0000,177.4514,198.2549,1.1172,0
1132,0.9000,245.6156,261.2355,1.0636,0
1133,1.0000,196.3848,217.6258,1.1082,0
1134,1.0000,197.9520,214.2102,1.0821,0
1135,0.7000,270.7453,283.7552,1.0481,0
1136,1.0000,198.5774,215.8217,1.0868,0
1137,1.0000,208.5090,254.9039,1.2225,0
1138,1.0000,147.6787,166.6373,1.1284,0
1139,1.0000,169.8146,190.1631,1.1198,0
1140,0.9000,250.6053,263.2470,1.0504,0
1141,1.0000,220.7283,243.5241,1.1033,0
1142,1.0000,218.8950,234.9936,1.0735,0
1143,1.0000,173.0694,186.2042,1.0759,0
1144,0.9000,256.6671,266.1315,1.0369,0
1145,1.0000,228.3309,259.6093,1.1370,0
1146,0.9000,213.0563,230.4474,1.0816,0
1147,0.9000,195.3458,210.0786,1.0754,0
1148,1.0000,191.5255,212.1415,1.1076,0
1149,0.9000,196.5833,206.7317,1.0516,0
1150,1.0000,199.5194,230.2129,1.1538,0
1151,0.8000,220.9480,239.9271,1.0859,0
1152,1.0000,233.7991,248.5900,1.0633,0
1153,1.0000,177.2738,209.2988,1.1807,0
1154,1.0000,199.0201,223.6962,1.1240,0
1155,1.0000,166.6793,181.6645,1.0899,0
1156,0.9000,184.1630,214.5087,1.1648,0
1157,1.0000,242.1797,274.4649,1.1333,0
1158,0.9000,248.5639,267.7069,1.0770,0
1159,1.0000,258.9865,279.1702,1.0779,0
1160,1.0000,223.2286,234.9617,1.0526,0
1161,1.0000,211.8750,236.4931,1.1162,0
1162,1.0000,276.1449,294.3213,1.0658,0
1163,1.0000,262.7565,288.8944,1.0995,0
1164,1.0000,172.1540,195.3663,1.1348,0
1165,1.0000,186.4484,221.7296,1.1892,0
1166,1.0000,174.0230,185.6367,1.0667,0
1167,1.0000,191.5751,199.7849,1.0429,0
1168,1.0000,264.8566,279.3940,1.0549,0
1169,1.0000,207.1980,229.5212,1.1077,0
1170,0.9000,199.5420,221.4407,1.1097,0
1171,1.0000,206.9903,233.4331,1.1277,0
1172,1.0000,164.6147,243.0720,1.4766,0
1173,1.0000,215.4437,243.4974,1.1302,0
1174,0.8000,271.6671,291.5442,1.0732,0
1175,1.0000,250.9123,268.5256,1.0702,0
1176,1.0000,205.4410,222.0428,1.0808,0
1177,1.0000,196.0918,209.7999,1.0699,0
1178,1.0000,243.4297,260.7010,1.0709,0
1179,1.0000,215.2673,258.0794,1.1989,0
1180,1.0000,235.5228,245.7112,1.0433,0
1181,1.0000,196.7054,219.7430,1.1171,0
1182,0.9000,230.0196,262.9981,1.1434,0
1183,0.7000,172.5196,181.4910,1.0520,0
1184,0.9000,227.2378,238.8996,1.0513,0
1185,1.0000,155.7337,195.4456,1.2550,0
1186,1.0000,192.7304,205.8737,1.0682,0
1187,1.0000,238.4638,246.8704,1.0353,0
1188,0.9000,248.2539,258.1279,1.0398,0
1189,1.0000,206.0971,233.1309,1.1312,0
1190,1.0000,214.2755,241.3442,1.1263,0
1191,0.8000,268.8438,287.5257,1.0695,0
1192,1.0000,231.1947,247.4530,1.0703,0
1193,1.0000,215.2626,249.7339,1.1601,0
1194,1.0000,146.4172,178.4377,1.2187,0
1195,1.0000,214.1682,240.5016,1.1230,0
1196,1.0000,212.2946,239.9292,1.1302,0
1197,1.0000,259.3241,283.0654,1.0916,0
1198,0.9000,217.0023,231.2942,1.0659,0
1199,1.0000,202.1559,217.2924,1.0749,0
1200,1.0000,138.5893,155.1999,1.1199,0
1201,1.0000,202.6573,220.7736,1.0894,0
1202,1.0000,241.3048,253.4620,1.0504,0
1203,0.8000,228.1776,259.9192,1.1391,0
1204,1.0000,137.4518,171.5313,1.2479,0
1205,1.0000,231.8081,246.7630,1.0645,0
1206,1.0000,225.9602,244.3522,1.0814,0
1207,0.9000,258.7006,270.8524,1.0470,0
1208,1.0000,110.2089,127.9883,1.1613,0
1209,1.0000,214.2965,254.8804,1.1894,0
1210,1.0000,204.6900,215.8750,1.0546,0
1211,1.0000,180.4578,192.7226,1.0680,0
1212,1.0000,223.4301,256.4391,1.1477,0
1213,0.9000,193.4528,215.5296,1.1141,0
1214,1.0000,201.2362,223.7834,1.1120,0
1215,1.0000,178.6673,208.0168,1.1643,0
1216,1.0000,192.7823,241.2260,1.2513,0
1217,1.0000,203.7400,222.0698,1.0900,0
1218,0.9000,215.6687,241.9752,1.1220,0
1219,0.8000,187.4487,197.9040,1.0558,0
1220,1.0000,213.3096,228.5695,1.0715,0
1221,1.0000,235.3678,245.8516,1.0445,0
1222,1.0000,200.4645,229.3316,1.1440,0
1223,1.0000,198.7134,205.5967,1.0346,0
1224,0.9000,230.7033,244.1065,1.0581,0
1225,0.7000,231.6765,250.6013,1.0817,0
1226,1.0000,203.4109,219.6566,1.0799,0
1227,1.0000,196.7206,214.2008,1.0889,0
1228,1.0000,218.8584,237.4152,1.0848,0
1229,1.0000,218.2888,244.1475,1.1185,0
1230,1.0000,141.3719,159.1414,1.1257,0
1231,1.0000,193.6827,202.6993,1.0466,0
1232,0.9000,241.5450,261.8530,1.0841,0
1233,1.0000,243.3413,250.8944,1.0310,0
1234,1.0000,240.9606,279.5282,1.1601,0
1235,0.9000,275.3234,294.1479,1.0684,0
1236,1.0000,224.7932,236.4085,1.0517,0
1237,0.7000,293.9490,304.1447,1.0347,0
1238,1.0000,230.5775,250.3637,1.0858,0
1239,1.0000,241.6361,257.1595,1.0642,0
1240,1.0000,234.3822,242.8580,1.0362,0
1241,1.0000,171.6828,201.9257,1.1762,0
1242,0.9000,229.5147,239.3345,1.0428,0
1243,1.0000,249.0100,269.6665,1.0830,0
1244,1.0000,124.5070,139.6424,1.1216,0
1245,1.0000,175.9460,207.0386,1.1767,0
1246,1.0000,160.5927,188.3746,1.1730,0
1247,1.0000,165.7046,214.4668,1.2943,0
1248,1.0000,142.9895,179.6886,1.2567,0
1249,1.0000,207.0097,243.7335,1.1774,0
1250,0.9000,210.7795,228.4907,1.0840,0
1251,1.0000,171.8924,197.9394,1.1515,0
1252,1.0000,179.3683,211.3173,1.1781,0
1253,1.0000,212.6805,243.3043,1.1440,0
1254,1.0000,197.9318,239.3366,1.2092,0
1255,1.0000,180.9199,204.4138,1.1299,0
1256,1.0000,134.8814,176.6720,1.3098,0
1257,1.0000,205.6745,223.8482,1.0884,0
1258,0.9000,76.5833,114.5993,1.4964,0
1259,1.0000,188.4887,209.0550,1.1091,0
1260,1.0000,97.1854,144.1492,1.4832,0
1261,1.0000,212.9202,236.5713,1.1111,0
1262,1.0000,182.7211,206.1965,1.1285,0
1263,1.0000,220.1045,250.9522,1.1402,0
1264,1.0000,134.1827,161.0124,1.1999,0
1265,1.0000,98.7927,188.5603,1.9086,0
1266,1.0000,211.1800,221.7950,1.0503,0
1267,1.0000,147.3567,176.2356,1.1960,0
1268,1.0000,72.7942,155.2224,2.1323,0
1269,1.0000,198.9573,228.0592,1.1463,0
1270,1.0000,148.5295,164.9818,1.1108,0
1271,1.0000,142.2217,171.1315,1.2033,0
1272,1.0000,182.6171,197.7347,1.0828,0
1273,1.0000,191.5907,200.1699,1.0448,0
1274,1.0000,166.5563,205.5480,1.2341,0
1275,1.0000,130.7173,144.3710,1.1045,0
1276,1.0000,215.6038,235.6968,1.0932,0
1277,1.0000,98.9090,153.7173,1.5541,0
1278,1.0000,193.8195,271.3927,1.4002,0
1279,0.9000,169.0266,176.7343,1.0456,0
1280,1.0000,200.9303,214.6602,1.0683,0
1281,1.0000,193.0855,208.0385,1.0774,0
1282,0.9000,196.2014,217.6810,1.1095,0
1283,0.9000,229.2095,237.0021,1.0340,0
1284,1.0000,183.0382,199.4066,1.0894,0
1285,1.0000,232.4371,260.0212,1.1187,0
1286,0.9000,210.9621,226.8854,1.0755,0
1287,1.0000,190.4888,200.4021,1.0520,0
1288,1.0000,201.0323,213.6024,1.0625,0
1289,0.7000,232.7853,256.5716,1.1022,0
1290,0.8000,217.5155,237.4784,1.0918,0
1291,1.0000,164.9000,181.8461,1.1028,0
1292,1.0000,181.1491,194.6330,1.0744,0
1293,0.9000,173.8965,205.8300,1.1836,0
1294,1.0000,182.7813,194.5405,1.0643,0
1295,1.0000,211.0118,221.4114,1.0493,0
1296,1.0000,199.2084,213.0094,1.0693,0
1297,1.0000,158.6600,220.9774,1.3928,0
1298,0.9000,148.0372,180.7595,1.2210,0
1299,0.9000,221.7025,237.5668,1.0716,0
1300,1.0000,137.2625,264.7640,1.9289,0
1301,0.8000,238.8493,245.6685,1.0286,0
1302,0.8000,226.4178,242.4747,1.0709,0
1303,1.0000,233.3945,256.9786,1.1010,0
1304,0.9000,138.2896,218.1559,1.5775,0
1305,1.0000,274.0201,304.1792,1.1101,0
1306,1.0000,184.8161,253.2035,1.3700,0
1307,1.0000,201.1020,209.3609,1.0411,0
1308,1.0000,189.4782,201.2461,1.0621,0
1309,0.9000,221.7814,238.5917,1.0758,0
1310,1.0000,92.1303,169.3104,1.8377,0
1311,1.0000,184.4831,237.8718,1.2894,0
1312,1.0000,209.2248,221.8513,1.0603,0
1313,0.9000,224.7109,241.5926,1.0751,0
1314,0.9000,238.6378,272.7893,1.1431,0
1315,1.0000,178.3171,201.1865,1.1283,0
1316,1.0000,161.2886,188.5815,1.1692,0
1317,0.9000,158.9874,248.1431,1.5608,0
1318,1.0000,193.9639,208.1394,1.0731,0
1319,1.0000,237.5226,260.3594,1.0961,0
1320,0.8000,205.5918,217.5845,1.0583,0
1321,1.0000,211.8443,232.6564,1.0982,0
1322,1.0000,178.0842,199.6772,1.1213,0
1323,1.0000,152.4238,173.8390,1.1405,0
1324,1.0000,243.5426,255.0373,1.0472,0
1325,1.0000,166.1716,198.2196,1.1929,0
1326,1.0000,198.5447,224.9022,1.1328,0
1327,0.9000,198.5145,212.6029,1.0710,0
1328,1.0000,199.2436,225.9270,1.1339,0
1329,1.0000,154.8580,167.9911,1.0848,0
1330,0.7000,205.1097,264.3918,1.2890,0
1331,1.0000,204.2890,211.5987,1.0358,0
1332,1.0000,99.8899,156.2242,1.5640,0
1333,1.0000,165.1969,183.2730,1.1094,0
1334,1.0000,193.5536,211.7475,1.0940,0
1335,1.0000,217.2280,242.3097,1.1155,0
1336,1.0000,169.2277,195.2025,1.1535,0
1337,1.0000,195.4124,210.5303,1.0774,0
1338,1.0000,185.6637,205.4215,1.1064,0
1339,1.0000,236.6664,276.4670,1.1682,0
1340,1.0000,120.5404,134.9111,1.1192,0
1341,1.0000,192.8160,210.0738,1.0895,0
1342,1.0000,185.9489,207.1931,1.1142,0
1343,1.0000,195.8188,216.0879,1.1035,0
1344,1.0000,166.8862,191.0916,1.1450,0
1345,1.0000,163.6001,173.0433,1.0577,0
1346,1.0000,161.6385,182.2910,1.1278,0
1347,1.0000,201.3678,231.9741,1.1520,0
1348,1.0000,178.8882,198.4817,1.1095,0
1349,0.9000,196.8197,226.8832,1.1527,0
1350,1.0000,210.2760,247.5863,1.1774,0
1351,1.0000,185.9328,201.2213,1.0822,0
1352,1.0000,234.2861,252.1785,1.0764,0
1353,1.0000,180.6737,194.4068,1.0760,0
1354,1.0000,200.9602,217.8027,1.0838,0
1355,0.9000,214.4062,227.6247,1.0617,0
1356,1.0000,179.5996,231.4887,1.2889,0
1357,1.0000,191.2224,203.6173,1.0648,0
1358,1.0000,279.8053,297.1532,1.0620,0
1359,0.9000,202.0866,218.3598,1.0805,0
1360,1.0000,256.5288,276.1195,1.0764,0
1361,1.0000,201.1219,241.2654,1.1996,0
1362,1.0000,168.1547,223.6470,1.3300,0
1363,1.0000,188.4622,224.5239,1.1913,0
1364,0.7000,217.1451,232.9721,1.0729,0
1365,1.0000,121.5195,160.2467,1.3187,0
1366,1.0000,153.0719,172.3572,1.1260,0
1367,0.9000,214.0187,219.0114,1.0233,0
1368,1.0000,215.2301,246.4204,1.1449,0
1369,0.8000,251.5691,263.8939,1.0490,0
1370,1.0000,205.7498,223.3876,1.0857,0
1371,1.0000,164.7362,201.8836,1.2255,0
1372,1.0000,196.7333,233.6086,1.1874,0
1373,1.0000,173.3234,202.4599,1.1681,0
1374,1.0000,242.1219,260.3363,1.0752,0
1375,1.0000,200.4595,219.0662,1.0928,0
1376,1.0000,152.1677,160.4961,1.0547,0
1377,1.0000,204.2547,229.3120,1.1227,0
1378,1.0000,212.0990,232.3898,1.0957,0
1379,1.0000,227.1365,252.5965,1.1121,0
1380,1.0000,204.8805,251.2469,1.2263,0
1381,1.0000,108.0694,124.8599,1.1554,0
1382,0.9000,191.5020,203.8136,1.0643,0
1383,1.0000,161.1521,181.6535,1.1272,0
1384,1.0000,209.5089,218.6024,1.0434,0
1385,1.0000,217.8532,233.0472,1.0697,0
1386,1.0000,197.1700,211.7475,1.0739,0
1387,0.9000,253.9783,281.4338,1.1081,0
1388,1.0000,153.9058,166.1957,1.0799,0
1389,1.0000,192.0781,215.4112,1.1215,0
1390,0.8000,266.0019,286.9024,1.0786,0
1391,1.0000,188.4967,202.9286,1.0766,0
1392,1.0000,195.4763,211.0284,1.0796,0
1393,1.0000,211.8584,236.1610,1.1147,0
1394,1.0000,261.3197,288.0156,1.1022,0
1395,1.0000,88.2780,198.7913,2.2519,0
1396,0.8000,175.1314,283.7587,1.6203,0
1397,1.0000,103.4843,151.0596,1.4597,0
1398,1.0000,137.3790,154.1655,1.1222,0
1399,1.0000,183.6301,207.9231,1.1323,0
1400,1.0000,89.5768,184.7377,2.0623,0
1401,1.0000,182.1730,208.2402,1.1431,0
1402,1.0000,72.3118,144.7930,2.0023,0
1403,1.0000,239.3408,274.5232,1.1470,0
1404,1.0000,264.7225,289.0554,1.0919,0
1405,1.0000,98.1682,116.8332,1.1901,0
1406,0.9000,220.1863,255.5015,1.1604,0
1407,0.9000,172.0843,188.6611,1.0963,0
1408,1.0000,205.0756,252.4500,1.2310,0
1409,1.0000,125.7657,197.0152,1.5665,0
1410,1.0000,115.0348,148.2026,1.2883,0
1411,1.0000,138.3727,224.9400,1.6256,0
1412,1.0000,183.1529,205.3558,1.1212,0
1413,1.0000,136.3011,191.5620,1.4054,0
1414,1.0000,130.8090,151.5355,1.1584,0
1415,0.9000,174.8399,220.6604,1.2621,0
1416,1.0000,135.0778,234.0299,1.7326,0
1417,0.9000,158.0538,240.3893,1.5209,0
1418,1.0000,147.1700,247.5783,1.6823,0
1419,1.0000,178.3648,213.7171,1.1982,0
1420,1.0000,194.6535,208.4083,1.0707,0
1421,1.0000,159.9344,182.6937,1.1423,0
1422,1.0000,145.0069,232.1616,1.6010,0
1423,1.0000,189.9947,210.8791,1.1099,0
1424,1.0000,131.7498,154.1266,1.1698,0
1425,1.0000,185.8440,213.7218,1.1500,0
1426,1.0000,183.2812,207.0821,1.1299,0
1427,1.0000,84.6404,116.6190,1.3778,0
1428,1.0000,96.7419,115.2302,1.1911,0
1429,0.9000,216.3585,225.6147,1.0428,0
1430,0.9000,220.3520,250.3378,1.1361,0
1431,1.0000,246.4975,269.4791,1.0932,0
1432,1.0000,219.7453,241.3794,1.0985,0
1433,1.0000,176.7993,204.5972,1.1572,0
1434,1.0000,139.0504,239.9167,1.7254,0
1435,1.0000,86.4060,94.6520,1.0954,0
1436,1.0000,166.3821,231.8448,1.3934,0
1437,1.0000,130.2075,230.5645,1.7707,0
1438,1.0000,172.4964,207.5476,1.2032,0
1439,1.0000,183.2921,239.6497,1.3075,0
1440,1.0000,228.3791,266.7846,1.1682,0
1441,0.9000,264.0379,278.6288,1.0553,0
1442,1.0000,236.1864,255.1490,1.0803,0
1443,1.0000,83.0000,114.4945,1.3795,0
1444,1.0000,213.1361,233.1673,1.0940,0
1445,1.0000,224.1406,247.3560,1.1036,0
1446,1.0000,237.5816,267.5164,1.1260,0
1447,1.0000,191.2015,208.3435,1.0897,0
1448,1.0000,113.5782,166.0482,1.4620,0
1449,1.0000,149.2783,171.9331,1.1518,0
1450,1.0000,176.2839,191.0576,1.0838,0
1451,1.0000,204.6925,244.7264,1.1956,0
1452,0.9000,271.6984,303.9770,1.1188,0
1453,1.0000,110.1045,223.2689,2.0278,0
1454,1.0000,124.4990,238.6462,1.9169,0
1455,1.0000,157.8259,179.6580,1.1383,0
1456,1.0000,138.7660,214.8232,1.5481,0
1457,1.0000,164.9394,242.1239,1.4680,0
1458,1.0000,164.8363,191.6872,1.1629,0
1459,0.9000,247.9496,277.9011,1.1208,0
1460,0.9000,186.4001,212.2663,1.1388,0
1461,1.0000,199.4192,277.0794,1.3894,0
1462,1.0000,240.5036,264.1193,1.0982,0
1463,1.0000,223.6873,229.5300,1.0261,0
1464,1.0000,212.3605,234.1260,1.1025,0
1465,0.9000,203.5043,225.1466,1.1063,0
1466,1.0000,161.3908,179.7888,1.1140,0
1467,0.7000,293.3633,330.7461,1.1274,0
1468,1.0000,140.6912,152.1611,1.0815,0
1469,1.0000,133.0338,231.8297,1.7426,0
1470,1.0000,179.3878,212.0165,1.1819,0
1471,1.0000,195.4636,218.7533,1.1192,0
1472,1.0000,160.6362,185.0054,1.1517,0
1473,1.0000,223.8683,263.9659,1.1791,0
1474,1.0000,219.9955,247.8608,1.1267,0
1475,1.0000,184.4397,230.3389,1.2489,0
1476,1.0000,91.8858,235.3253,2.5611,0
1477,0.9000,250.8824,268.7471,1.0712,0
1478,1.0000,122.4010,225.9159,1.8457,0
1479,1.0000,213.6726,229.2575,1.0729,0
1480,0.7000,212.6594,264.5770,1.2441,0
1481,0.8000,187.0374,260.7643,1.3942,0
1482,1.0000,174.0575,192.1614,1.1040,0
1483,1.0000,243.4954,261.2260,1.0728,0
1484,1.0000,163.0215,178.0253,1.0920,0
1485,1.0000,88.0852,163.0521,1.8511,0
1486,1.0000,179.1257,188.3587,1.0515,0
1487,1.0000,166.2498,243.7232,1.4660,0
1488,1.0000,131.1106,182.5514,1.3923,0
1489,1.0000,203.5534,254.5859,1.2507,0
1490,0.9000,242.8909,255.1274,1.0504,0
1491,1.0000,261.8186,286.5868,1.0946,0
1492,0.8000,228.6373,237.4468,1.0385,0
1493,1.0000,126.7596,173.2339,1.3666,0
1494,1.0000,155.9455,197.2866,1.2651,0
1495,1.0000,203.1330,228.0636,1.1227,0
1496,1.0000,166.1897,177.5922,1.0686,0
1497,1.0000,278.9606,300.4114,1.0769,0
1498,1.0000,174.9314,201.5713,1.1523,0
1499,1.0000,237.9832,261.9313,1.1006,0
1500,1.0000,191.3087,224.7532,1.1748,0
1501,1.0000,153.5741,171.2016,1.1148,0
1502,1.0000,229.5234,246.9960,1.0761,0
1503,1.0000,204.6900,228.2740,1.1152,0
1504,0.9000,192.1302,223.6694,1.1642,0
1505,0.8000,127.0787,204.8487,1.6120,0
1506,0.8000,224.1450,231.9332,1.0347,0
1507,0.8000,208.7007,263.3059,1.2616,0
1508,0.9000,176.9039,189.1877,1.0694,0
1509,1.0000,110.6255,232.9506,2.1058,0
1510,1.0000,202.7387,267.3612,1.3187,0
1511,1.0000,188.0984,218.1422,1.1597,0
1512,1.0000,200.6465,234.0577,1.1665,0
1513,1.0000,172.8381,199.7574,1.1557,0
1514,1.0000,114.0526,232.0086,2.0342,0
1515,0.9000,177.6176,201.7176,1.1357,0
1516,1.0000,180.9392,194.5353,1.0751,0
1517,1.0000,117.1452,266.8314,2.2778,0
1518,0.8000,242.1549,257.2994,1.0625,0
1519,0.9000,207.1497,238.2520,1.1501,0
1520,1.0000,183.5511,203.2929,1.1076,0
1521,0.9000,271.7922,290.8488,1.0701,0
1522,1.0000,191.6168,233.1630,1.2168,0
1523,1.0000,196.7892,249.3812,1.2673,0
1524,1.0000,143.3492,177.4599,1.2380,0
1525,1.0000,228.2017,240.4662,1.0537,0
1526,1.0000,131.1297,155.6245,1.1868,0
1527,0.9000,260.2960,280.8398,1.0789,0
1528,1.0000,195.9694,252.6559,1.2893,0
1529,0.9000,248.4391,254.3914,1.0240,0
1530,1.0000,223.0269,271.8088,1.2187,0
1531,1.0000,156.8566,182.1016,1.1609,0
1532,1.0000,234.5762,246.6800,1.0516,0
1533,0.9000,277.9892,287.6595,1.0348,0
1534,0.9000,246.4508,261.3140,1.0603,0
1535,1.0000,200.4096,214.3339,1.0695,0
1536,0.9000,202.1262,210.0143,1.0390,0
1537,0.8000,216.6241,275.1018,1.2700,0
1538,1.0000,116.1077,208.7295,1.7977,0
1539,1.0000,222.3511,259.9769,1.1692,0
1540,1.0000,216.0879,233.4673,1.0804,0
1541,0.9000,272.6976,291.9709,1.0707,0
1542,0.9000,253.0889,274.9236,1.0863,0
1543,1.0000,192.3772,266.2968,1.3842,0
1544,0.9000,264.6450,291.4361,1.1012,0
1545,1.0000,209.3227,236.3409,1.1291,0
1546,1.0000,266.0132,286.9948,1.0789,0
1547,1.0000,233.0257,251.8392,1.0807,0
1548,0.9000,285.7359,302.4731,1.0586,0
1549,0.8000,245.1204,274.1186,1.1183,0
1550,1.0000,274.8017,303.4040,1.1041,0
1551,0.9000,243.0926,269.6479,1.1092,0
1552,1.0000,224.7132,250.4995,1.1148,0
1553,1.0000,171.3388,186.1102,1.0862,0
1554,1.0000,205.6259,253.4758,1.2327,0
1555,0.9000,257.4121,344.9754,1.3402,0
1556,1.0000,218.5612,254.7685,1.1657,0
1557,0.9000,258.4028,271.1162,1.0492,0
1558,1.0000,231.3353,256.9572,1.1108,0
1559,0.9000,258.1143,274.7908,1.0646,0
1560,0.9000,194.1262,210.8341,1.0861,0
1561,0.5000,254.7646,268.5126,1.0540,0
1562,1.0000,160.3808,185.8898,1.1591,0
1563,1.0000,227.7235,260.8122,1.1453,0
1564,1.0000,188.0505,215.1976,1.1444,0
1565,1.0000,175.0714,202.0198,1.1539,0
1566,1.0000,186.0161,209.5280,1.1264,0
1567,1.0000,209.6354,224.0424,1.0687,0
1568,1.0000,213.9977,240.2166,1.1225,0
1569,1.0000,173.7585,191.0628,1.0996,0
1570,0.9000,165.6382,256.6340,1.5494,0
1571,0.8000,227.8113,241.6816,1.0609,0
1572,0.8000,189.3674,257.9826,1.3623,0
1573,1.0000,201.0000,260.6012,1.2965,0
1574,0.7000,194.2292,205.7085,1.0591,0
1575,1.0000,107.4151,270.2887,2.5163,0
1576,1.0000,170.1499,204.5312,1.2021,0
1577,1.0000,159.6841,240.9440,1.5089,0
1578,0.9000,205.0707,221.9144,1.0821,0
1579,1.0000,161.4435,239.0000,1.4804,0
1580,0.7000,270.1777,283.3602,1.0488,0
1581,1.0000,205.8203,232.1917,1.1281,0
1582,1.0000,182.3129,214.0234,1.1739,0
1583,1.0000,195.5224,233.1394,1.1924,0
1584,0.9000,206.3565,227.6686,1.1033,0
1585,0.9000,240.3789,268.6541,1.1176,0
1586,1.0000,213.0704,231.5146,1.0866,0
1587,1.0000,142.8041,242.6664,1.6993,0
1588,1.0000,231.0671,247.1902,1.0698,0
1589,1.0000,187.3179,204.3649,1.0910,0
1590,1.0000,198.5774,238.8535,1.2028,0
1591,0.9000,191.3923,210.7653,1.1012,0
1592,1.0000,198.4389,235.3147,1.1858,0
1593,0.9000,181.2015,216.0972,1.1926,0
1594,1.0000,119.9000,134.1864,1.1192,0
1595,1.0000,137.1386,162.7882,1.1870,0
1596,0.9000,186.7592,195.1128,1.0447,0
1597,1.0000,186.7592,223.8035,1.1984,0
1598,1.0000,182.2581,206.0364,1.1305,0
1599,1.0000,163.2268,175.9176,1.0777,0
1600,0.8000,189.7920,207.8293,1.0950,0
1601,0.8000,184.5887,199.8700,1.0828,0
1602,1.0000,155.9519,187.8483,1.2045,0
1603,0.9000,157.5056,166.5503,1.0574,0
1604,0.9000,161.3691,235.8686,1.4617,0
1605,1.0000,230.1782,247.1821,1.0739,0
1606,1.0000,181.8928,241.4374,1.3274,0
1607,1.0000,224.6642,238.1722,1.0601,0
1608,0.8000,172.5225,182.2882,1.0566,0
1609,1.0000,113.0487,212.0354,1.8756,0
1610,1.0000,175.4765,199.5445,1.1372,0
1611,0.9000,242.0723,290.8883,1.2017,0
1612,0.9000,223.2555,247.7559,1.1097,0
1613,0.8000,219.6520,230.8788,1.0511,0
1614,1.0000,162.0864,193.0337,1.1909,0
1615,1.0000,176.8248,231.8728,1.3113,0
1616,1.0000,217.5132,247.5278,1.1380,0
1617,1.0000,208.6360,235.6311,1.1294,0
1618,0.8000,237.3289,243.8258,1.0274,0
1619,1.0000,226.1526,247.8649,1.0960,0
1620,1.0000,221.7499,238.7027,1.0765,0
1621,1.0000,181.9533,196.1683,1.0781,0
1622,1.0000,234.1218,254.9392,1.0889,0
1623,1.0000,233.1180,253.5981,1.0879,0
1624,1.0000,178.7009,200.9229,1.1244,0
1625,1.0000,238.0840,254.7803,1.0701,0
1626,1.0000,212.0047,236.1080,1.1137,0
1627,0.9000,224.2120,242.2251,1.0803,0
1628,1.0000,175.9460,190.7302,1.0840,0
1629,1.0000,220.4132,250.0060,1.1343,0
1630,1.0000,220.5992,239.0523,1.0836,0
1631,0.9000,239.4995,268.5852,1.1214,0
1632,1.0000,249.6478,263.0437,1.0537,0
1633,0.9000,224.5796,248.2317,1.1053,0
1634,1.0000,218.3094,244.4177,1.1196,0
1635,1.0000,188.8915,220.4064,1.1668,0
1636,1.0000,244.5506,270.0630,1.1043,0
1637,1.0000,111.2160,169.9265,1.5279,0
1638,1.0000,226.9229,252.1785,1.1113,0
1639,1.0000,156.3618,173.8390,1.1118,0
1640,0.8000,230.3085,239.4702,1.0398,0
1641,1.0000,120.5570,144.3087,1.1970,0
1642,0.9000,205.4093,274.2025,1.3349,0
1643,1.0000,166.4422,177.6176,1.0671,0
1644,0.9000,226.4752,238.1764,1.0517,0
1645,0.9000,216.4463,239.8083,1.1079,0
1646,1.0000,210.8601,236.2118,1.1202,0
1647,0.9000,249.4073,279.5103,1.1207,0
1648,1.0000,244.7611,256.0488,1.0461,0
1649,0.8000,232.6285,267.6565,1.1506,0
1650,0.8000,277.0090,295.5385,1.0669,0
1651,1.0000,217.6833,246.7326,1.1334,0
1652,1.0000,216.3493,259.3608,1.1988,0
1653,1.0000,153.5871,190.9424,1.2432,0
1654,1.0000,230.1804,291.0636,1.2645,0
1655,1.0000,154.0097,174.1924,1.1310,0
1656,1.0000,70.3278,82.4136,1.1718,0
1657,0.8000,251.6744,270.2018,1.0736,0
1658,1.0000,218.1467,243.0473,1.1141,0
1659,0.9000,258.2460,267.5425,1.0360,0
1660,1.0000,139.9250,164.9394,1.1788,0
1661,1.0000,133.4354,248.6343,1.8633,0
1662,0.8000,211.7428,223.6336,1.0562,0
1663,0.9000,207.0459,249.8460,1.2067,0
1664,0.6000,254.2263,268.2872,1.0553,0
1665,0.8000,242.9465,260.1250,1.0707,0
1666,1.0000,253.8307,271.3374,1.0690,0
1667,0.8000,272.9102,290.2585,1.0636,0
1668,1.0000,205.2681,215.5597,1.0501,0
1669,1.0000,191.8072,233.7156,1.2185,0
1670,1.0000,204.0784,219.0982,1.0736,0
1671,1.0000,159.1540,176.8078,1.1109,0
1672,0.8000,249.7339,259.5515,1.0393,0
1673,1.0000,255.7381,280.8006,1.0980,0
1674,0.7000,278.0701,301.5278,1.0844,0
1675,1.0000,195.3817,242.6026,1.2417,0
1676,0.9000,175.1200,256.5132,1.4648,0
1677,0.9000,201.4547,271.9467,1.3499,0
1678,0.8000,213.1267,236.1546,1.1080,0
1679,1.0000,239.2384,254.8333,1.0652,0
1680,1.0000,207.6078,233.4652,1.1245,0
1681,1.0000,174.2785,184.6077,1.0593,0
1682,1.0000,264.1780,297.9127,1.1277,0
1683,1.0000,253.4699,266.7827,1.0525,0
1684,0.6000,255.4388,271.7609,1.0639,0
1685,1.0000,226.7598,245.2183,1.0814,0
1686,1.0000,245.3447,286.7804,1.1689,0
1687,1.0000,218.0665,242.7653,1.1133,0
1688,1.0000,218.4994,253.0395,1.1581,0
1689,1.0000,224.3123,259.8461,1.1584,0
1690,1.0000,189.5996,212.0495,1.1184,0
1691,0.8000,256.4118,265.9022,1.0370,0
1692,1.0000,204.7779,232.7123,1.1364,0
1693,1.0000,229.0655,276.5050,1.2071,0
1694,0.9000,205.5553,226.3603,1.1012,0
1695,1.0000,257.5869,275.1600,1.0682,0
1696,0.9000,234.1111,251.2708,1.0733,0
1697,1.0000,233.0880,261.6429,1.1225,0
1698,1.0000,216.3585,231.0087,1.0677,0
1699,1.0000,257.8178,272.8205,1.0582,0
1700,0.8000,232.4952,250.8466,1.0789,0
1701,1.0000,233.9038,271.9375,1.1626,0
1702,1.0000,254.3403,274.1514,1.0779,0
1703,0.9000,290.0483,299.9050,1.0340,0
1704,0.9000,244.7958,275.1581,1.1240,0
1705,0.8000,249.5857,278.5534,1.1161,0
1706,1.0000,227.8684,251.5750,1.1040,0
1707,1.0000,203.0517,219.9227,1.0831,0
1708,0.9000,266.2123,307.1824,1.1539,0
1709,1.0000,250.5973,271.1125,1.0819,0
1710,0.7000,231.5880,257.1128,1.1102,0
1711,0.9000,214.9372,239.0732,1.1123,0
1712,1.0000,254.3914,286.6740,1.1269,0
1713,1.0000,223.6359,235.9491,1.0551,0
1714,1.0000,244.4443,261.9504,1.0716,0
1715,0.8000,268.0989,280.5673,1.0465,0
1716,0.9000,237.7583,268.1548,1.1278,0
1717,0.9000,240.8589,263.5299,1.0941,0
1718,1.0000,236.5100,260.7758,1.1026,0
1719,1.0000,263.9261,283.6618,1.0748,0
1720,0.9000,282.5757,310.8167,1.0999,0
1721,1.0000,221.7814,236.2837,1.0654,0
1722,0.9000,279.4119,292.6585,1.0474,0
1723,0.7000,266.3494,276.9783,1.0399,0
1724,0.9000,270.0555,281.2828,1.0416,0
1725,0.7000,271.3577,278.7687,1.0273,0
1726,1.0000,225.3575,243.1317,1.0789,0
1727,1.0000,197.2207,226.0818,1.1463,0
1728,1.0000,174.4964,212.2404,1.2163,0
1729,1.0000,194.4608,209.9000,1.0794,0
1730,1.0000,225.0000,244.4872,1.0866,0
1731,1.0000,244.3870,260.9693,1.0679,0
1732,0.7000,255.7675,275.0364,1.0753,0
1733,1.0000,212.3205,229.9478,1.0830,0
1734,1.0000,241.7292,256.0293,1.0592,0
1735,1.0000,171.2162,184.2390,1.0761,0
1736,1.0000,140.9078,150.6121,1.0689,0
1737,0.9000,208.5282,229.3295,1.0998,0
1738,1.0000,116.6105,208.9833,1.7921,0
1739,0.8000,257.4024,275.7390,1.0712,0
1740,1.0000,224.9933,246.7104,1.0965,0
1741,0.9000,272.7801,291.3383,1.0680,0
1742,0.9000,286.3232,303.0858,1.0585,0
1743,0.7000,257.2567,291.2284,1.1321,0
1744,0.9000,239.5871,246.8967,1.0305,0
1745,0.9000,259.7557,277.6617,1.0689,0
1746,0.7000,245.8760,273.0458,1.1105,0
1747,0.9000,263.1406,283.2349,1.0764,0
1748,0.9000,194.0438,211.7664,1.0913,0
1749,1.0000,221.9504,246.1585,1.1091,0
1750,0.7000,198.9221,212.3676,1.0676,0
1751,0.9000,227.9123,262.2308,1.1506,0
1752,1.0000,289.2093,312.4580,1.0804,0
1753,0.6000,279.8035,293.8690,1.0503,0
1754,0.9000,251.9940,265.6878,1.0543,0
1755,0.7000,231.9483,248.6906,1.0722,0
1756,1.0000,182.2059,221.7408,1.2170,0
1757,1.0000,203.4355,215.7105,1.0603,0
1758,0.8000,232.3661,258.3583,1.1119,0
1759,1.0000,211.9741,226.4531,1.0683,0
1760,0.8000,258.7740,278.5085,1.0763,0
1761,1.0000,188.4516,224.5262,1.1914,0
1762,1.0000,144.6236,180.1666,1.2458,0
1763,1.0000,198.0934,222.2971,1.1222,0
1764,0.8000,221.5378,236.8016,1.0689,0
1765,1.0000,195.8494,220.4314,1.1255,0
1766,1.0000,218.7236,249.6878,1.1416,0
1767,0.9000,200.8980,235.5823,1.1726,0
1768,1.0000,173.2368,199.3740,1.1509,0
1769,0.9000,196.6469,216.8940,1.1030,0
1770,1.0000,219.7817,237.6258,1.0812,0
1771,0.9000,243.6350,256.9397,1.0546,0
1772,1.0000,192.9637,203.8259,1.0563,0
1773,1.0000,235.2637,274.1751,1.1654,0
1774,1.0000,227.8113,248.6302,1.0914,0
1775,0.9000,192.4032,232.7230,1.2096,0
1776,0.9000,241.8533,254.9392,1.0541,0
1777,1.0000,147.2685,221.1809,1.5019,0
1778,0.8000,131.7156,154.6577,1.1742,0
1779,1.0000,150.2564,165.2937,1.1001,0
1780,1.0000,213.8200,230.1282,1.0763,0
1781,0.9000,236.3472,250.7588,1.0610,0
1782,1.0000,209.1602,231.9202,1.1088,0
1783,1.0000,215.3184,249.7999,1.1601,0
1784,1.0000,168.7276,186.1558,1.1033,0
1785,1.0000,202.6647,219.4174,1.0827,0
1786,1.0000,239.5830,256.9650,1.0726,0
1787,1.0000,222.8520,240.5535,1.0794,0
1788,1.0000,214.0537,237.8991,1.1114,0
1789,0.9000,220.1250,242.6005,1.1021,0
1790,0.9000,179.0614,199.8099,1.1159,0
1791,0.8000,216.9355,233.1030,1.0745,0
1792,0.9000,212.6946,246.3798,1.1584,0
1793,1.0000,187.4086,199.5720,1.0649,0
1794,1.0000,246.6009,268.6354,1.0894,0
1795,1.0000,196.0281,233.7691,1.1925,0
1796,1.0000,210.4875,240.7758,1.1439,0
1797,0.9000,201.8044,217.6189,1.0784,0
1798,1.0000,161.8641,183.7036,1.1349,0
1799,1.0000,217.9335,239.7895,1.1003,0
1800,1.0000,249.3131,276.1431,1.1076,0
1801,1.0000,141.9119,176.5191,1.2439,0
1802,1.0000,199.9375,217.6833,1.0888,0
1803,1.0000,243.0391,276.8664,1.1392,0
1804,1.0000,276.3965,299.0920,1.0821,0
1805,0.9000,205.4970,220.6513,1.0737,0
1806,1.0000,260.3267,275.7626,1.0593,0
1807,0.9000,270.0352,287.6578,1.0653,0
1808,1.0000,222.7600,244.4074,1.0972,0
1809,1.0000,110.8016,126.3448,1.1403,0
1810,0.5000,272.5766,286.5118,1.0511,0
1811,1.0000,202.3759,233.5509,1.1540,0
1812,1.0000,198.2801,210.6632,1.0625,0
1813,0.9000,209.5233,229.1506,1.0937,0
1814,0.9000,242.9506,265.5654,1.0931,0
1815,1.0000,229.1593,260.3997,1.1363,0
1816,1.0000,223.8861,243.2632,1.0865,0
1817,1.0000,216.3955,231.4714,1.0697,0
1818,1.0000,216.8271,237.0696,1.0934,0
1819,0.8000,245.9228,267.8470,1.0892,0
1820,0.9000,223.1233,245.2264,1.0991,0
1821,0.9000,277.7355,296.5721,1.0678,0
1822,1.0000,266.2687,281.9681,1.0590,0
1823,0.6000,256.8404,281.0925,1.0944,0
1824,1.0000,243.9918,262.9487,1.0777,0
1825,1.0000,227.5983,245.1265,1.0770,0
1826,1.0000,238.2268,275.0927,1.1548,0
1827,1.0000,223.4010,235.0787,1.0523,0
1828,1.0000,213.2534,234.1901,1.0982,0
1829,1.0000,237.8193,268.0392,1.1271,0
1830,0.9000,227.0330,242.2045,1.0668,0
1831,1.0000,231.1428,250.0660,1.0819,0
1832,1.0000,169.5877,189.6866,1.1185,0
1833,0.9000,246.8643,269.7128,1.0926,0
1834,1.0000,229.8304,244.3481,1.0632,0
1835,1.0000,221.2758,235.9152,1.0662,0
1836,1.0000,216.0255,237.0359,1.0973,0
1837,1.0000,198.2372,224.6709,1.1333,0
1838,0.9000,228.8733,243.2735,1.0629,0
1839,1.0000,199.7123,215.8750,1.0809,0
1840,1.0000,222.1036,247.4429,1.1141,0
1841,1.0000,234.1324,250.5195,1.0700,0
1842,1.0000,226.4950,254.8333,1.1251,0
1843,1.0000,241.9049,254.1928,1.0508,0
1844,1.0000,184.4804,213.8715,1.1593,0
1845,1.0000,226.3382,239.7749,1.0594,0
1846,1.0000,148.0878,183.4775,1.2390,0
1847,1.0000,278.5552,299.8583,1.0765,0
1848,1.0000,280.4247,300.4630,1.0715,0
1849,0.9000,189.4835,228.2433,1.2046,0
1850,0.9000,231.9914,247.7539,1.0679,0
1851,1.0000,251.1494,294.4113,1.1723,0
1852,1.0000,179.2540,198.2826,1.1062,0
1853,1.0000,209.4087,231.4390,1.1052,0
1854,0.9000,236.5396,261.2547,1.1045,0
1855,0.9000,249.6377,270.0593,1.0818,0
1856,0.8000,282.9823,299.2908,1.0576,0
1857,0.9000,244.8081,265.7819,1.0857,0
1858,0.9000,185.8064,198.9347,1.0707,0
1859,0.9000,224.6686,252.1706,1.1224,0
1860,1.0000,223.1995,243.2571,1.0899,0
1861,1.0000,177.1666,185.3106,1.0460,0
1862,0.9000,120.4076,175.5392,1.4579,0
1863,0.8000,226.3250,308.4331,1.3628,0
1864,1.0000,146.6424,183.5919,1.2520,0
1865,1.0000,100.7224,107.8518,1.0708,0
1866,1.0000,214.9023,246.0528,1.1450,0
1867,1.0000,227.4093,258.1317,1.1351,0
1868,1.0000,243.4728,271.6873,1.1159,0
1869,0.9000,204.3208,234.6316,1.1483,0
1870,1.0000,67.6905,238.2646,3.5199,0
1871,1.0000,182.8196,205.3972,1.1235,0
1872,1.0000,165.6080,210.5398,1.2713,0
1873,1.0000,266.0658,287.2212,1.0795,0
1874,1.0000,102.4695,113.6002,1.1086,0
1875,1.0000,113.0088,164.1280,1.4523,0
1876,1.0000,187.3473,197.9798,1.0568,0
1877,1.0000,201.1964,221.1651,1.0992,0
1878,1.0000,202.9803,255.1764,1.2571,0
1879,1.0000,129.1627,142.2111,1.1010,0
1880,1.0000,213.8528,228.6744,1.0693,0
1881,1.0000,170.2557,199.3489,1.1709,0
1882,0.8000,281.6718,298.7290,1.0606,0
1883,1.0000,107.4104,133.0827,1.2390,0
1884,1.0000,256.8910,277.0650,1.0785,0
1885,1.0000,204.9366,221.1063,1.0789,0
1886,0.9000,187.0107,207.0845,1.1073,0
1887,1.0000,185.7148,258.7083,1.3930,0
1888,1.0000,267.8283,287.0854,1.0719,0
1889,1.0000,227.2686,249.1947,1.0965,0
1890,0.9000,206.2814,212.6852,1.0310,0
1891,1.0000,151.2548,170.8274,1.1294,0
1892,1.0000,214.4621,240.1437,1.1197,0
1893,0.8000,237.3247,260.9157,1.0994,0
1894,1.0000,189.9526,226.3007,1.1914,0
1895,1.0000,185.9328,204.4431,1.0996,0
1896,0.9000,273.2819,284.8140,1.0422,0
1897,1.0000,248.5840,272.1709,1.0949,0
1898,1.0000,238.5540,251.3046,1.0534,0
1899,1.0000,219.5085,249.6257,1.1372,0
1900,1.0000,245.7865,262.6062,1.0684,0
1901,1.0000,142.0528,204.4725,1.4394,0
1902,1.0000,198.2524,239.1339,1.2062,0
1903,0.9000,220.7646,267.6341,1.2123,0
1904,1.0000,257.3752,282.9276,1.0993,0
1905,1.0000,217.0092,236.1440,1.0882,0
1906,1.0000,166.0783,180.7540,1.0884,0
1907,1.0000,145.4957,161.3846,1.1092,0
1908,1.0000,89.8220,176.6748,1.9669,0
1909,0.9000,228.6176,245.6888,1.0747,0
1910,0.8000,240.2852,263.3363,1.0959,0
1911,1.0000,84.9470,211.7475,2.4927,0
1912,1.0000,201.3157,221.6439,1.1010,0
1913,1.0000,172.7050,180.5685,1.0455,0
1914,1.0000,236.7467,254.1889,1.0737,0
1915,1.0000,199.2561,233.6857,1.1728,0
1916,1.0000,175.3368,192.0625,1.0954,0
1917,1.0000,97.9132,130.3687,1.3315,0
1918,1.0000,104.2785,136.0147,1.3043,0
1919,1.0000,154.4345,177.7751,1.1511,0
1920,0.9000,243.5139,275.1345,1.1299,0
1921,1.0000,124.9800,150.9006,1.2074,0
1922,1.0000,167.7975,189.6602,1.1303,0
1923,1.0000,134.9111,151.0894,1.1199,0
1924,1.0000,203.2216,238.1281,1.1718,0
1925,1.0000,151.2184,164.9758,1.0910,0
1926,1.0000,194.0825,222.1508,1.1446,0
1927,1.0000,215.3486,224.9267,1.0445,0
1928,1.0000,235.6332,262.8307,1.1154,0
1929,1.0000,209.8857,232.3833,1.1072,0
1930,1.0000,154.1720,188.1037,1.2201,0
1931,1.0000,199.7223,218.3254,1.0931,0
1932,1.0000,248.1250,266.3982,1.0736,0
1933,1.0000,216.5433,230.5775,1.0648,0
1934,1.0000,186.4082,270.2092,1.4496,0
1935,1.0000,150.3296,164.9818,1.0975,0
1936,1.0000,234.9681,263.0456,1.1195,0
1937,1.0000,175.3824,201.6928,1.1500,0
1938,1.0000,166.0482,195.3919,1.1767,0
1939,1.0000,234.0855,268.8196,1.1484,0
1940,1.0000,248.1270,263.7537,1.0630,0
1941,0.9000,276.9711,292.6363,1.0566,0
1942,1.0000,210.4757,245.1000,1.1645,0
1943,0.9000,289.6325,317.3200,1.0956,0
1944,1.0000,231.0303,258.3157,1.1181,0
1945,1.0000,215.5760,257.8003,1.1959,0
1946,1.0000,234.3950,249.4454,1.0642,0
1947,1.0000,141.1099,172.6644,1.2236,0
1948,1.0000,50.7247,64.7302,1.2761,0
1949,1.0000,185.9624,223.8884,1.2039,0
1950,1.0000,113.4592,145.5988,1.2833,0
1951,1.0000,152.0954,170.5462,1.1213,0
1952,0.9000,191.9635,230.2998,1.1997,0
1953,1.0000,248.5820,267.9683,1.0780,0
1954,1.0000,58.5235,80.0999,1.3687,0
1955,1.0000,73.0958,93.9787,1.2857,0
1956,1.0000,177.9354,198.6253,1.1163,0
1957,1.0000,214.0467,237.9832,1.1118,0
1958,1.0000,194.4428,214.0958,1.1011,0
1959,1.0000,172.6412,195.5965,1.1330,0
1960,1.0000,180.6654,211.1161,1.1685,0
1961,1.0000,167.6037,181.9396,1.0855,0
1962,1.0000,75.8617,109.4897,1.4433,0
1963,1.0000,60.8030,105.1237,1.7289,0
1964,1.0000,113.4901,147.6448,1.3009,0
1965,0.9000,218.5177,250.9103,1.1482,0
1966,1.0000,206.9855,219.9000,1.0624,0
1967,0.9000,221.5310,241.9711,1.0923,0
1968,0.9000,198.2498,250.7449,1.2648,0
1969,1.0000,120.3329,139.0360,1.1554,0
1970,1.0000,127.4441,149.0772,1.1697,0
1971,1.0000,153.4829,168.5111,1.0979,0
1972,1.0000,212.6782,232.4823,1.0931,0
1973,1.0000,207.2390,240.3955,1.1600,0
1974,1.0000,267.8488,285.3051,1.0652,0
1975,1.0000,103.6629,124.6074,1.2020,0
1976,1.0000,223.4793,231.6463,1.0365,0
1977,1.0000,223.6113,247.7741,1.1081,0
1978,1.0000,179.2010,209.2941,1.1679,0
1979,1.0000,186.4377,225.0689,1.2072,0
1980,1.0000,161.3289,233.6215,1.4481,0
1981,1.0000,178.9441,205.9709,1.1510,0
1982,1.0000,134.8110,184.1440,1.3659,0
1983,0.9000,270.7139,305.6338,1.1290,0
1984,1.0000,307.4931,340.0397,1.1058,0
1985,1.0000,201.2585,218.8812,1.0876,0
1986,1.0000,158.9874,169.9471,1.0689,0
1987,1.0000,178.7121,195.2998,1.0928,0
1988,0.7000,234.3779,248.4733,1.0601,0
1989,0.9000,145.1137,170.2028,1.1729,0
1990,1.0000,196.8248,213.3612,1.0840,0
1991,1.0000,153.2514,178.4040,1.1641,0
1992,1.0000,162.0555,187.7339,1.1585,0
1993,1.0000,165.5808,182.7649,1.1038,0
1994,1.0000,150.8078,167.9702,1.1138,0
1995,0.9000,199.6196,215.8147,1.0811,0
1996,1.0000,204.0368,227.2224,1.1136,0
1997,1.0000,207.7378,226.6297,1.0909,0
1998,1.0000,172.8091,196.4994,1.1371,0
1999,1.0000,220.5879,238.5624,1.0815,0
2000,1.0000,195.7217,209.4636,1.0702,0
2001,1.0000,124.8119,154.0519,1.2343,0
2002,1.0000,174.6912,193.3701,1.1069,0
2003,0.9000,217.0691,243.8893,1.1236,0
2004,1.0000,172.3543,192.8419,1.1189,0
2005,1.0000,210.4804,222.4904,1.0571,0
2006,1.0000,224.3435,250.7648,1.1178,0
2007,1.0000,153.9480,193.5149,1.2570,0
2008,1.0000,184.2553,207.1087,1.1240,0
2009,0.7000,225.5238,243.4707,1.0796,0
2010,1.0000,181.2043,192.8963,1.0645,0
2011,1.0000,158.8836,195.1205,1.2281,0
2012,0.9000,194.2292,205.0244,1.0556,0
2013,1.0000,169.7410,196.9391,1.1602,0
2014,0.8000,211.4214,219.1734,1.0367,0
2015,1.0000,199.8750,219.7203,1.0993,0
2016,1.0000,176.0426,192.3304,1.0925,0
2017,0.9000,204.7120,221.7296,1.0831,0
2018,1.0000,182.0467,201.6556,1.1077,0
2019,1.0000,177.1412,191.6638,1.0820,0
2020,1.0000,192.9534,224.9200,1.1657,0
2021,1.0000,268.1418,288.1684,1.0747,0
2022,0.9000,208.2571,229.9652,1.1042,0
2023,1.0000,203.2289,218.8515,1.0769,0
2024,0.8000,202.8842,221.5581,1.0920,0
2025,0.8000,231.7585,248.9558,1.0742,0
2026,1.0000,157.5373,187.9415,1.1930,0
2027,1.0000,152.4533,175.0971,1.1485,0
2028,1.0000,205.2170,239.7916,1.1685,0
2029,0.9000,219.5518,244.5015,1.1136,0
2030,1.0000,193.1554,226.2057,1.1711,0
2031,1.0000,223.1591,244.2622,1.0946,0
2032,1.0000,184.7837,195.9898,1.0606,0
2033,1.0000,206.7293,229.8674,1.1119,0
2034,1.0000,117.4479,180.6101,1.5378,0
2035,0.9000,182.4966,203.7842,1.1166,0
2036,1.0000,188.4038,217.0783,1.1522,0
2037,0.8000,218.0298,228.8318,1.0495,0
2038,1.0000,216.2822,224.6709,1.0388,0
2039,1.0000,183.8559,235.1021,1.2787,0
2040,1.0000,226.2057,251.0817,1.1100,0
2041,1.0000,228.5148,243.2365,1.0644,0
2042,1.0000,233.9038,261.9466,1.1199,0
2043,1.0000,198.3104,215.6803,1.0876,0
2044,1.0000,145.0448,169.2129,1.1666,0
2045,1.0000,238.9268,247.3257,1.0352,0
2046,1.0000,187.6539,202.4870,1.0790,0
2047,1.0000,129.7112,147.9966,1.1410,0
2048,0.9000,239.4640,250.0300,1.0441,0
2049,0.8000,227.9671,268.6354,1.1784,0
2050,1.0000,224.6241,258.4473,1.1506,0
2051,1.0000,218.2269,262.0401,1.2008,0
2052,1.0000,199.0528,212.1037,1.0656,0
2053,1.0000,220.6853,240.8111,1.0912,0
2054,1.0000,157.4865,173.5511,1.1020,0
2055,1.0000,181.1822,196.3008,1.0834,0
2056,0.9000,243.7478,266.6196,1.0938,0
2057,0.9000,243.0967,255.5171,1.0511,0
2058,1.0000,225.8672,247.0020,1.0936,0
2059,1.0000,243.7232,262.3223,1.0763,0
2060,1.0000,175.0943,208.8684,1.1929,0
2061,1.0000,277.4617,300.7590,1.0840,0
2062,1.0000,219.6975,240.5598,1.0950,0
2063,1.0000,149.0436,166.0452,1.1141,0
2064,1.0000,231.4109,262.7413,1.1354,0
2065,0.9000,238.4030,259.7191,1.0894,0
2066,1.0000,151.8519,210.4828,1.3861,0
2067,1.0000,245.6013,262.2117,1.0676,0
2068,1.0000,221.1832,235.2722,1.0637,0
2069,1.0000,170.6927,181.8131,1.0651,0
2070,1.0000,222.2634,260.4803,1.1719,0
2071,1.0000,200.1524,226.4244,1.1313,0
2072,0.8000,196.8832,224.9244,1.1424,0
2073,0.9000,251.8531,262.7603,1.0433,0
2074,1.0000,239.9062,257.1848,1.0720,0
2075,1.0000,255.0647,302.4252,1.1857,0
2076,0.8000,233.0021,253.0692,1.0861,0
2077,1.0000,241.1866,265.0717,1.0990,0
2078,1.0000,195.9796,215.9722,1.1020,0
2079,1.0000,215.8286,233.2252,1.0806,0
2080,0.9000,222.8609,245.9858,1.1038,0
2081,1.0000,192.3044,224.6264,1.1681,0
2082,1.0000,189.5996,203.4871,1.0732,0
2083,0.8000,138.6074,165.7679,1.1960,0
2084,1.0000,250.3238,275.6483,1.1012,0
2085,0.9000,215.9468,235.4273,1.0902,0
2086,1.0000,183.2403,200.9453,1.0966,0
2087,0.7000,274.5651,293.0495,1.0673,0
2088,1.0000,228.2849,258.2615,1.1313,0
2089,1.0000,187.6166,214.3432,1.1425,0
2090,1.0000,175.5050,193.7937,1.1042,0
2091,1.0000,162.5669,176.7343,1.0871,0
2092,1.0000,250.8605,266.0357,1.0605,0
2093,1.0000,179.4046,201.3405,1.1223,0
2094,1.0000,257.7926,265.9568,1.0317,0
2095,0.9000,222.1418,242.7509,1.0928,0
2096,1.0000,182.4363,197.1877,1.0809,0
2097,1.0000,220.0614,251.5691,1.1432,0
2098,0.9000,203.6050,234.5464,1.1520,0
2099,0.9000,230.6708,253.8622,1.1005,0
2100,0.9000,221.8716,237.3605,1.0698,0
2101,1.0000,202.0569,225.5770,1.1164,0
2102,0.8000,216.4809,236.4085,1.0921,0
2103,1.0000,282.8233,304.7212,1.0774,0
2104,1.0000,177.1017,199.7999,1.1282,0
2105,1.0000,246.1808,263.7594,1.0714,0
2106,1.0000,200.1100,229.2640,1.1457,0
2107,1.0000,190.8271,205.3874,1.0763,0
2108,1.0000,186.4189,214.6695,1.1515,0
2109,1.0000,243.0802,252.6955,1.0396,0
2110,1.0000,229.5191,249.7659,1.0882,0
2111,1.0000,189.9237,223.5151,1.1769,0
2112,1.0000,251.0438,271.2305,1.0804,0
2113,1.0000,229.2270,266.0677,1.1607,0
2114,1.0000,207.3403,232.2047,1.1199,0
2115,1.0000,149.3620,167.4276,1.1210,0
2116,1.0000,66.5733,197.6765,2.9693,0
2117,1.0000,76.3806,185.3618,2.4268,0
2118,1.0000,117.3073,254.5958,2.1703,0
2119,1.0000,61.1637,78.4538,1.2827,0
2120,1.0000,130.7976,157.4516,1.2038,0
2121,1.0000,193.5614,219.7317,1.1352,0
2122,1.0000,99.8098,212.0731,2.1248,0
2123,1.0000,134.4879,165.9669,1.2341,0
2124,1.0000,98.4835,216.7971,2.2014,0
2125,1.0000,78.3645,99.4032,1.2685,0
2126,1.0000,96.9175,182.6773,1.8849,0
2127,1.0000,163.2728,270.4422,1.6564,0
2128,1.0000,180.1305,199.3489,1.1067,0
2129,1.0000,129.2633,167.6932,1.2973,0
2130,1.0000,243.4194,262.5243,1.0785,0
2131,1.0000,192.8860,213.9346,1.1091,0
2132,0.9000,254.7666,270.2739,1.0609,0
2133,1.0000,241.7375,261.4728,1.0816,0
2134,1.0000,220.5538,239.9729,1.0880,0
2135,1.0000,199.9000,220.4382,1.1027,0
2136,0.8000,248.8735,264.8037,1.0640,0
2137,1.0000,163.5084,182.4774,1.1160,0
2138,0.9000,258.3312,269.4791,1.0432,0
2139,1.0000,223.4883,259.5246,1.1612,0
2140,1.0000,171.6042,212.6217,1.2390,0
2141,1.0000,234.4291,257.4160,1.0981,0
2142,1.0000,177.2117,198.0076,1.1174,0
2143,1.0000,194.9051,209.7642,1.0762,0
2144,0.9000,211.2013,234.1367,1.1086,0
2145,0.9000,159.4114,185.2863,1.1623,0
2146,1.0000,184.5237,211.7758,1.1477,0
2147,1.0000,126.0873,171.1783,1.3576,0
2148,1.0000,201.5614,210.2308,1.0430,0
2149,0.9000,180.0778,197.0406,1.0942,0
2150,1.0000,198.9724,216.2244,1.0867,0
2151,1.0000,165.1938,182.5048,1.1048,0
2152,1.0000,224.0826,255.1960,1.1388,0
2153,0.9000,192.2706,212.5041,1.1052,0
2154,1.0000,212.4806,231.6096,1.0900,0
2155,1.0000,173.5108,186.5127,1.0749,0
2156,0.9000,206.1601,226.8965,1.1006,0
2157,1.0000,236.4360,255.0157,1.0786,0
2158,1.0000,179.7637,202.8571,1.1285,0
2159,0.7000,225.9646,246.3087,1.0900,0
2160,1.0000,158.7419,207.5018,1.3072,0
2161,1.0000,102.6694,117.8601,1.1480,0
2162,0.9000,228.5542,245.5728,1.0745,0
2163,1.0000,104.0865,120.2705,1.1555,0
2164,1.0000,168.4043,179.8499,1.0680,0
2165,1.0000,205.0463,214.7487,1.0473,0
2166,1.0000,205.5213,226.0465,1.0999,0
2167,1.0000,217.8623,237.4889,1.0901,0
2168,1.0000,191.0000,232.2757,1.2161,0
2169,1.0000,186.1478,210.6110,1.1314,0
2170,1.0000,192.6785,224.6442,1.1659,0
2171,1.0000,56.0089,181.8571,3.2469,0
2172,1.0000,100.5336,126.6452,1.2597,0
2173,0.8000,154.7902,254.4700,1.6440,0
2174,1.0000,139.6710,159.6621,1.1431,0
2175,1.0000,86.3655,197.4994,2.2868,0
2176,1.0000,170.1117,187.9787,1.1050,0
2177,1.0000,169.7233,205.8203,1.2127,0
2178,1.0000,133.0188,224.4660,1.6875,0
2179,0.9000,201.5540,237.9475,1.1806,0
2180,1.0000,203.8087,221.6529,1.0876,0
2181,0.9000,232.3984,274.1697,1.1797,0
2182,0.9000,226.8590,233.8076,1.0306,0
2183,1.0000,194.6458,227.7521,1.1701,0
2184,1.0000,66.6258,203.6836,3.0571,0
2185,1.0000,257.7266,291.9298,1.1327,0
2186,0.9000,161.6075,195.6298,1.2105,0
2187,1.0000,89.4483,118.7981,1.3281,0
2188,1.0000,106.0896,262.2308,2.4718,0
2189,1.0000,98.0510,122.1515,1.2458,0
2190,0.9000,90.8790,287.1689,3.1599,0
2191,1.0000,224.6731,250.7170,1.1159,0
2192,1.0000,129.1317,152.5090,1.1810,0
2193,1.0000,82.1036,182.4418,2.2221,0
2194,1.0000,89.5377,235.0319,2.6249,0
2195,1.0000,216.0764,237.9349,1.1012,0
2196,1.0000,89.8554,219.7430,2.4455,0
2197,1.0000,182.2279,231.2250,1.2689,0
2198,1.0000,178.7652,198.7612,1.1119,0
2199,0.9000,92.7685,228.8624,2.4670,0
2200,1.0000,128.6701,234.3843,1.8216,0
2201,0.9000,158.4834,250.0340,1.5777,0
2202,1.0000,130.3265,228.7335,1.7551,0
2203,1.0000,128.1523,184.4099,1.4390,0
2204,1.0000,59.1354,108.8807,1.8412,0
2205,1.0000,219.2647,269.9222,1.2310,0
2206,0.9000,171.9855,222.6657,1.2947,0
2207,1.0000,112.2943,222.5197,1.9816,0
2208,1.0000,207.6560,243.3660,1.1720,0
2209,1.0000,155.9647,233.7819,1.4989,0
2210,1.0000,204.7682,220.0909,1.0748,0
2211,1.0000,177.4063,188.7723,1.0641,0
2212,1.0000,157.4262,250.7070,1.5925,0
2213,1.0000,182.3019,215.2951,1.1810,0
2214,1.0000,83.4865,166.0151,1.9885,0
2215,1.0000,182.7813,197.0051,1.0778,0
2216,1.0000,98.3412,177.1271,1.8011,0
2217,0.9000,185.9220,215.3091,1.1581,0
2218,1.0000,200.2923,235.2275,1.1744,0
2219,1.0000,201.4075,214.6485,1.0657,0
2220,1.0000,205.0098,223.0560,1.0880,0
2221,1.0000,138.2462,176.4029,1.2760,0
2222,1.0000,117.9958,218.3873,1.8508,0
2223,1.0000,194.8948,205.9442,1.0567,0
2224,1.0000,110.6345,178.9916,1.6179,0
2225,1.0000,173.3176,233.1352,1.3451,0
2226,1.0000,148.4116,207.4102,1.3975,0
2227,1.0000,169.2808,184.3366,1.0889,0
2228,1.0000,148.7515,207.2197,1.3931,0
2229,1.0000,88.2213,223.6157,2.5347,0
2230,1.0000,193.7885,249.0241,1.2850,0
2231,1.0000,135.2479,179.6330,1.3282,0
2232,1.0000,233.3024,248.9558,1.0671,0
2233,1.0000,148.2194,182.0357,1.2282,0
2234,1.0000,175.3995,218.1788,1.2439,0
2235,0.8000,172.3949,240.9087,1.3974,0
2236,0.9000,161.6292,195.6834,1.2107,0
2237,1.0000,240.5598,249.7619,1.0383,0
2238,1.0000,176.5276,218.9954,1.2406,0
2239,1.0000,259.3183,271.7959,1.0481,0
2240,1.0000,217.8555,266.4113,1.2229,0
2241,0.9000,215.9977,292.4209,1.3538,0
2242,1.0000,210.3236,229.2182,1.0898,0
2243,1.0000,222.7981,273.0897,1.2257,0
2244,1.0000,135.8345,238.6022,1.7566,0
2245,1.0000,133.5440,207.6319,1.5548,0
2246,1.0000,163.8994,229.4145,1.3997,0
2247,1.0000,187.9947,207.5741,1.1041,0
2248,1.0000,178.6589,222.8093,1.2471,0
2249,1.0000,46.3465,174.8428,3.7725,0
2250,1.0000,147.9155,191.8984,1.2974,0
2251,1.0000,148.6943,159.3393,1.0716,0
2252,1.0000,150.8907,168.8135,1.1188,0
2253,1.0000,103.4940,131.3354,1.2690,0
2254,0.8000,252.3906,278.6683,1.1041,0
2255,1.0000,159.2577,189.0952,1.1874,0
2256,0.9000,214.7813,229.4864,1.0685,0
2257,1.0000,198.7134,214.0000,1.0769,0
2258,0.9000,187.9335,204.2694,1.0869,0
2259,1.0000,190.1079,206.8236,1.0879,0
2260,1.0000,201.5465,225.6435,1.1196,0
2261,1.0000,195.9235,214.3129,1.0939,0
2262,1.0000,208.6816,227.1409,1.0885,0
2263,1.0000,198.8467,225.3974,1.1335,0
2264,1.0000,218.6138,229.1615,1.0482,0
2265,0.9000,244.5874,261.2451,1.0681,0
2266,1.0000,166.7963,193.1864,1.1582,0
2267,1.0000,226.7399,236.6981,1.0439,0
2268,0.9000,236.7742,251.2648,1.0612,0
2269,1.0000,208.3867,221.2939,1.0619,0
2270,0.7000,236.9072,257.0136,1.0849,0
2271,0.8000,217.4580,235.7159,1.0840,0
2272,1.0000,135.6245,172.3688,1.2709,0
2273,1.0000,136.2975,154.8774,1.1363,0
2274,1.0000,180.9834,196.8731,1.0878,0
2275,1.0000,184.2932,202.2845,1.0976,0
2276,1.0000,229.1746,255.3938,1.1144,0
2277,0.9000,243.2530,269.3622,1.1073,0
2278,1.0000,176.0085,189.9684,1.0793,0
2279,1.0000,144.4403,162.9601,1.1282,0
2280,1.0000,230.8159,248.9156,1.0784,0
2281,1.0000,212.7346,242.0413,1.1378,0
2282,1.0000,224.2209,247.7479,1.1049,0
2283,0.9000,225.6280,243.4256,1.0789,0
2284,1.0000,239.9187,261.6524,1.0906,0
2285,1.0000,206.0364,238.1029,1.1556,0
2286,1.0000,160.4120,195.9464,1.2215,0
2287,1.0000,174.5537,190.5020,1.0914,0
2288,1.0000,244.5322,264.8131,1.0829,0
2289,0.8000,274.2189,288.5845,1.0524,0
2290,1.0000,194.8615,215.1953,1.1043,0
2291,1.0000,203.6688,221.5062,1.0876,0
2292,1.0000,212.5723,234.0470,1.1010,0
2293,0.9000,203.6099,234.3203,1.1508,0
2294,0.9000,256.8073,267.2508,1.0407,0
2295,0.9000,227.2664,243.8955,1.0732,0
2296,1.0000,250.7249,283.5137,1.1308,0
2297,0.9000,237.6531,260.4688,1.0960,0
2298,0.9000,256.3552,281.8528,1.0995,0
2299,0.9000,245.4384,264.8943,1.0793,0
2300,1.0000,255.4271,262.7756,1.0288,0
2301,1.0000,207.5018,229.1768,1.1045,0
2302,1.0000,207.0435,254.8313,1.2308,0
2303,1.0000,183.4067,214.8697,1.1715,0
2304,0.8000,261.1781,277.6076,1.0629,0
2305,0.9000,212.1697,235.0851,1.1080,0
2306,1.0000,270.8745,291.6522,1.0767,0
2307,0.9000,214.7091,235.0936,1.0949,0
2308,1.0000,214.2662,222.6050,1.0389,0
2309,1.0000,232.5231,268.0410,1.1528,0
2310,1.0000,256.7781,277.3391,1.0801,0
2311,0.9000,221.5085,253.3397,1.1437,0
2312,0.9000,241.5223,265.7856,1.1005,0
2313,1.0000,169.4875,177.2089,1.0456,0
2314,1.0000,195.1333,220.1091,1.1280,0
2315,1.0000,203.9853,247.5702,1.2137,0
2316,1.0000,228.4732,250.1160,1.0947,0
2317,1.0000,159.6527,175.0628,1.0965,0
2318,1.0000,201.4100,237.5900,1.1796,0
2319,1.0000,256.5365,263.3477,1.0266,0
2320,1.0000,309.2313,328.7187,1.0630,0
2321,1.0000,227.5324,238.7907,1.0495,0
2322,1.0000,232.7531,266.5764,1.1453,0
2323,1.0000,234.0385,272.2756,1.1634,0
2324,1.0000,252.3708,267.3537,1.0594,0
2325,0.9000,204.5849,223.8147,1.0940,0
2326,0.8000,240.4309,255.5993,1.0631,0
2327,1.0000,203.7891,225.2155,1.1051,0
2328,0.9000,179.7053,210.9716,1.1740,0
2329,1.0000,176.8926,188.9312,1.0681,0
2330,1.0000,237.0211,247.9274,1.0460,0
2331,0.9000,221.0000,248.1310,1.1228,0
2332,0.9000,232.1465,262.0992,1.1290,0
2333,1.0000,229.3295,244.4913,1.0661,0
2334,1.0000,249.2689,263.4995,1.0571,0
2335,1.0000,155.0581,168.6624,1.0877,0
2336,0.9000,203.3396,222.6365,1.0949,0
2337,1.0000,165.9639,188.4197,1.1353,0
2338,1.0000,192.4188,205.5067,1.0680,0
2339,1.0000,146.6629,172.9162,1.1790,0
2340,1.0000,130.0154,165.5204,1.2731,0
2341,1.0000,136.6785,178.8239,1.3084,0
2342,1.0000,168.3389,193.4270,1.1490,0
2343,1.0000,175.1885,203.6247,1.1623,0
2344,0.9000,198.4339,218.2544,1.0999,0
2345,1.0000,160.4182,186.2794,1.1612,0
2346,1.0000,196.3695,217.0323,1.1052,0
2347,1.0000,168.0803,201.7845,1.2005,0
2348,1.0000,191.7942,201.9950,1.0532,0
2349,1.0000,130.4454,144.5510,1.1081,0
2350,1.0000,197.9293,215.4159,1.0883,0
2351,1.0000,175.0457,192.7018,1.1009,0
2352,0.9000,239.7123,287.2734,1.1984,0
2353,1.0000,219.8272,243.9344,1.1097,0
2354,0.8000,250.1140,275.9112,1.1031,0
2355,1.0000,172.4297,213.4057,1.2376,0
2356,1.0000,194.4479,220.0750,1.1318,0
2357,1.0000,226.9956,236.4614,1.0417,0
2358,1.0000,209.9238,235.4400,1.1215,0
2359,1.0000,222.7487,256.9552,1.1536,0
2360,1.0000,166.8233,192.4708,1.1537,0
2361,0.9000,199.5169,223.2958,1.1192,0
2362,0.9000,167.5679,187.4086,1.1184,0
2363,1.0000,161.2017,206.1456,1.2788,0
2364,1.0000,154.9968,187.3499,1.2087,0
2365,1.0000,245.2407,276.8628,1.1289,0
2366,1.0000,178.8407,201.1169,1.1246,0
2367,1.0000,131.9318,155.0613,1.1753,0
2368,1.0000,208.0457,225.2532,1.0827,0
2369,1.0000,204.0588,221.3572,1.0848,0
2370,1.0000,190.7223,207.3210,1.0870,0
2371,0.7000,268.8159,276.6026,1.0290,0
2372,1.0000,206.4970,237.7078,1.1511,0
2373,0.9000,216.9931,235.6120,1.0858,0
2374,1.0000,198.8442,223.3473,1.1232,0
2375,1.0000,229.3033,250.9143,1.0942,0
2376,1.0000,234.8702,261.2221,1.1122,0
2377,0.9000,251.0239,274.3246,1.0928,0
2378,1.0000,181.8626,206.9179,1.1378,0
2379,0.8000,220.9887,246.7225,1.1164,0
2380,1.0000,142.9196,155.6438,1.0890,0
2381,1.0000,249.5215,269.5812,1.0804,0
2382,0.9000,223.4771,247.7701,1.1087,0
2383,1.0000,203.9534,224.7198,1.1018,0
2384,0.9000,211.7924,231.8361,1.0946,0
2385,1.0000,197.4740,208.4658,1.0557,0
2386,1.0000,210.9123,241.1079,1.1432,0
2387,1.0000,173.7066,186.4779,1.0735,0
2388,1.0000,194.2215,235.6056,1.2131,0
2389,1.0000,231.6743,248.3143,1.0718,0
2390,1.0000,161.6972,191.9818,1.1873,0
2391,1.0000,204.1029,252.7489,1.2383,0
2392,1.0000,153.2938,167.1287,1.0903,0
2393,1.0000,161.7282,177.5782,1.0980,0
2394,1.0000,102.7181,150.7249,1.4674,0
2395,1.0000,248.1572,271.9908,1.0960,0
2396,0.9000,249.5696,264.1931,1.0586,0
2397,0.9000,258.8011,274.5196,1.0607,0
2398,0.9000,186.2471,205.9175,1.1056,0
2399,1.0000,214.7557,234.5400,1.0921,0
2400,1.0000,195.2793,221.7927,1.1358,0
2401,1.0000,192.5097,203.5755,1.0575,0
2402,1.0000,226.0088,232.4694,1.0286,0
2403,0.8000,252.5866,275.1636,1.0894,0
2404,1.0000,237.5416,254.0039,1.0693,0
2405,1.0000,214.5437,239.2196,1.1150,0
2406,1.0000,221.4430,249.0562,1.1247,0
2407,0.9000,196.7511,215.2789,1.0942,0
2408,1.0000,191.1178,214.6928,1.1234,0
2409,1.0000,247.9173,273.0110,1.1012,0
2410,0.6000,225.1488,235.0085,1.0438,0
2411,1.0000,241.1058,259.1235,1.0747,0
2412,0.9000,180.0278,202.8423,1.1267,0
2413,1.0000,192.7874,217.9289,1.1304,0
2414,1.0000,105.3470,119.0210,1.1298,0
2415,1.0000,181.2705,237.1603,1.3083,0
2416,0.8000,259.2258,273.1703,1.0538,0
2417,0.8000,236.7256,245.1020,1.0354,0
2418,1.0000,197.6891,233.1201,1.1792,0
2419,1.0000,197.7423,244.7059,1.2375,0
2420,1.0000,218.8447,236.5037,1.0807,0
2421,0.9000,261.9656,285.6029,1.0902,0
2422,0.9000,198.2171,208.1946,1.0503,0
2423,1.0000,226.4509,248.8132,1.0988,0
2424,1.0000,174.5079,193.0104,1.1060,0
2425,1.0000,273.3386,286.0682,1.0466,0
2426,0.9000,278.7651,289.0294,1.0368,0
2427,1.0000,209.9786,237.5500,1.1313,0
2428,0.9000,265.6276,291.3417,1.0968,0
2429,1.0000,251.1573,280.5174,1.1169,0
2430,1.0000,175.1200,224.9667,1.2846,0
2431,1.0000,285.7341,302.6632,1.0592,0
2432,1.0000,166.7603,185.9543,1.1151,0
2433,1.0000,189.1349,200.5143,1.0602,0
2434,1.0000,215.4089,240.3227,1.1157,0
2435,1.0000,215.2975,233.8162,1.0860,0
2436,1.0000,211.2558,246.4894,1.1668,0
2437,1.0000,273.8357,295.9155,1.0806,0
2438,1.0000,189.2459,213.3331,1.1273,0
2439,1.0000,184.5075,215.9120,1.1702,0
2440,1.0000,264.8830,281.7286,1.0636,0
2441,1.0000,201.7721,218.5658,1.0832,0
2442,0.9000,179.6942,214.1962,1.1920,0
2443,1.0000,214.5787,244.2376,1.1382,0
2444,0.9000,143.7289,160.1687,1.1144,0
2445,1.0000,219.8431,231.0801,1.0511,0
2446,0.9000,212.5394,231.2315,1.0879,0
2447,1.0000,209.1698,275.4614,1.3169,0
2448,1.0000,209.4684,246.6475,1.1775,0
2449,1.0000,203.7744,216.2221,1.0611,0
2450,0.7000,273.5050,289.5255,1.0586,0
2451,1.0000,160.8353,181.9066,1.1310,0
2452,0.9000,235.2212,247.6005,1.0526,0
2453,0.9000,261.0306,291.0704,1.1151,0
2454,1.0000,199.8474,217.7200,1.0894,0
2455,1.0000,233.1888,258.0930,1.1068,0
2456,0.9000,218.2751,237.0105,1.0858,0
2457,0.8000,262.4386,272.2940,1.0376,0
2458,0.8000,245.5748,265.6596,1.0818,0
2459,1.0000,232.7982,269.6461,1.1583,0
2460,1.0000,150.3263,161.6014,1.0750,0
2461,1.0000,216.1897,248.6906,1.1503,0
2462,1.0000,204.9732,221.3707,1.0800,0
2463,0.7000,254.6075,265.0396,1.0410,0
2464,1.0000,200.8582,229.4755,1.1425,0
2465,1.0000,176.9604,206.1480,1.1649,0
2466,1.0000,169.9735,192.1302,1.1304,0
2467,0.9000,185.2728,219.0137,1.1821,0
2468,1.0000,223.9665,240.5099,1.0739,0
2469,1.0000,266.5971,303.0000,1.1365,0
2470,1.0000,190.7721,218.6298,1.1460,0
2471,1.0000,205.1317,244.1516,1.1902,0
2472,1.0000,212.7722,245.2020,1.1524,0
2473,1.0000,162.2406,178.2751,1.0988,0
2474,1.0000,223.3249,254.0394,1.1375,0
2475,1.0000,185.7794,209.0957,1.1255,0
2476,0.7000,262.6709,287.9896,1.0964,0
2477,1.0000,187.8856,226.0642,1.2032,0
2478,1.0000,242.6850,259.0039,1.0672,0
2479,1.0000,214.0958,238.7530,1.1152,0
2480,1.0000,205.2364,217.1704,1.0581,0
2481,1.0000,172.2179,215.3253,1.2503,0
2482,1.0000,164.1310,182.1510,1.1098,0
2483,1.0000,269.3882,286.2796,1.0627,0
2484,1.0000,209.2534,245.2713,1.1721,0
2485,0.9000,233.0751,271.3669,1.1643,0
2486,1.0000,144.6409,200.4146,1.3856,0
2487,1.0000,159.7561,210.5350,1.3179,0
2488,1.0000,260.6358,270.4958,1.0378,0
2489,0.8000,267.2302,280.9751,1.0514,0
2490,0.8000,278.2139,296.6867,1.0664,0
2491,1.0000,231.4649,258.2770,1.1158,0
2492,1.0000,198.8592,232.8583,1.1710,0
2493,1.0000,203.6026,223.6247,1.0983,0
2494,1.0000,239.2446,256.5443,1.0723,0
2495,1.0000,246.3027,269.8166,1.0955,0
2496,1.0000,217.8440,237.5942,1.0907,0
2497,1.0000,155.5667,194.2704,1.2488,0
2498,1.0000,248.9920,276.3784,1.1100,0
2499,1.0000,163.2820,174.4821,1.0686,0
2500,0.9000,184.3285,197.7878,1.0730,0
2501,0.7000,260.2787,274.7089,1.0554,0
2502,0.9000,269.1524,293.7652,1.0914,0
2503,1.0000,264.5090,277.2562,1.0482,0
2504,1.0000,236.7404,266.1128,1.1241,0
2505,1.0000,276.0978,291.9195,1.0573,0
2506,1.0000,188.7273,226.2410,1.1988,0
2507,0.8000,228.6023,248.6323,1.0876,0
2508,1.0000,192.2134,228.5782,1.1892,0
2509,1.0000,215.2115,241.2426,1.1210,0
2510,1.0000,207.2028,239.2488,1.1547,0
2511,0.9000,208.3507,239.1234,1.1477,0
2512,1.0000,213.9883,233.7456,1.0923,0
2513,1.0000,271.5272,288.3245,1.0619,0
2514,1.0000,218.6847,232.7746,1.0644,0
2515,0.9000,165.5657,177.3781,1.0713,0
2516,1.0000,262.1469,276.1250,1.0533,0
2517,0.9000,206.0194,216.8317,1.0525,0
2518,1.0000,210.8554,237.5311,1.1265,0
2519,1.0000,175.2370,196.1556,1.1194,0
2520,1.0000,262.9658,292.7234,1.1132,0
2521,1.0000,243.0782,263.9223,1.0858,0
2522,1.0000,114.7258,143.3388,1.2494,0
2523,1.0000,231.0584,242.8312,1.0510,0
2524,1.0000,144.2394,201.6730,1.3982,0
2525,1.0000,224.6375,245.2305,1.0917,0
2526,1.0000,257.9244,272.9780,1.0584,0
2527,0.7000,255.2371,264.8905,1.0378,0
2528,1.0000,240.8340,256.8424,1.0665,0
2529,1.0000,225.4994,246.6151,1.0936,0
2530,1.0000,213.9322,228.5717,1.0684,0
2531,0.9000,231.7477,257.1634,1.1097,0
2532,1.0000,187.7871,211.9269,1.1285,0
2533,0.9000,197.9318,219.7089,1.1100,0
2534,1.0000,200.6240,211.4261,1.0538,0
2535,1.0000,157.1432,175.0286,1.1138,0
2536,1.0000,209.1722,223.6918,1.0694,0
2537,1.0000,226.6826,262.8174,1.1594,0
2538,1.0000,176.8841,192.2030,1.0866,0
2539,0.9000,234.0534,244.2540,1.0436,0
2540,1.0000,185.6960,200.6863,1.0807,0
2541,1.0000,194.8718,227.3170,1.1665,0
2542,1.0000,169.6968,185.5344,1.0933,0
2543,0.9000,165.0121,178.9888,1.0847,0
2544,1.0000,112.3076,130.1345,1.1587,0
2545,1.0000,152.1315,183.2157,1.2043,0
2546,0.8000,169.6703,214.4668,1.2640,0
2547,0.9000,138.9064,163.5023,1.1771,0
2548,1.0000,176.3122,204.0515,1.1573,0
2549,1.0000,92.8924,103.0291,1.1091,0
2550,1.0000,176.4313,194.9538,1.1050,0
2551,1.0000,182.0330,196.4205,1.0790,0
2552,1.0000,142.9440,163.3065,1.1425,0
2553,1.0000,247.2104,269.3195,1.0894,0
2554,1.0000,144.6824,153.5448,1.0613,0
2555,1.0000,134.8184,171.6042,1.2729,0
2556,1.0000,174.6282,187.1042,1.0714,0
2557,1.0000,179.8055,207.1931,1.1523,0
2558,1.0000,153.5741,166.6433,1.0851,0
2559,1.0000,246.0488,263.6304,1.0715,0
2560,1.0000,173.1531,197.0939,1.1383,0
2561,1.0000,193.0881,206.2765,1.0683,0
2562,1.0000,163.5604,190.1894,1.1628,0
2563,1.0000,213.0117,226.9207,1.0653,0
2564,0.9000,199.0176,205.7304,1.0337,0
2565,1.0000,146.1232,174.2125,1.1922,0
2566,1.0000,139.8714,158.0316,1.1298,0
2567,1.0000,197.1066,235.9746,1.1972,0
2568,1.0000,187.1951,192.1978,1.0267,0
2569,1.0000,168.7335,195.9081,1.1611,0
2570,1.0000,212.3346,226.7818,1.0680,0
2571,1.0000,171.2600,197.0482,1.1506,0
2572,1.0000,232.2994,246.1768,1.0597,0
2573,1.0000,229.9630,251.6466,1.0943,0
2574,1.0000,201.4150,222.1846,1.1031,0
2575,1.0000,169.5759,189.2036,1.1157,0
2576,0.9000,195.4559,217.3292,1.1119,0
2577,1.0000,191.4079,207.2897,1.0830,0
2578,1.0000,221.5694,237.4826,1.0718,0
2579,1.0000,193.9407,222.0225,1.1448,0
2580,1.0000,203.4552,234.6465,1.1533,0
2581,1.0000,148.7985,201.7102,1.3556,0
2582,1.0000,147.9121,182.1071,1.2312,0
2583,0.9000,187.3446,202.7264,1.0821,0
2584,1.0000,153.0882,207.7498,1.3571,0
2585,1.0000,154.7999,198.7461,1.2839,0
2586,0.9000,186.1612,203.0222,1.0906,0
2587,1.0000,201.9431,210.2166,1.0410,0
2588,1.0000,180.3358,204.2719,1.1327,0
2589,1.0000,233.7541,254.6743,1.0895,0
2590,1.0000,182.5678,206.8284,1.1329,0
2591,1.0000,206.9106,249.5195,1.2059,0
2592,1.0000,226.5436,289.7568,1.2790,0
2593,1.0000,233.7456,260.9674,1.1165,0
2594,1.0000,122.9797,140.2926,1.1408,0
2595,0.9000,202.1262,234.6764,1.1610,0
2596,1.0000,146.4445,188.2472,1.2855,0
2597,1.0000,170.4406,185.6933,1.0895,0
2598,1.0000,213.3542,229.8086,1.0771,0
2599,1.0000,189.3251,229.0742,1.2100,0
2600,1.0000,240.9979,261.4708,1.0850,0
2601,1.0000,207.9808,229.7564,1.1047,0
2602,1.0000,149.8433,166.9491,1.1142,0
2603,1.0000,173.3032,227.5038,1.3128,0
2604,1.0000,144.0694,158.0506,1.0970,0
2605,1.0000,221.7837,241.5450,1.0891,0
2606,1.0000,182.8168,196.7791,1.0764,0
2607,1.0000,223.6940,242.3118,1.0832,0
2608,1.0000,211.7924,233.9209,1.1045,0
2609,1.0000,226.4774,243.1234,1.0735,0
2610,0.9000,265.2810,286.0245,1.0782,0
2611,0.8000,223.4883,238.1617,1.0657,0
2612,1.0000,173.7095,205.0195,1.1802,0
2613,0.9000,147.7870,165.3693,1.1190,0
2614,1.0000,146.2156,161.1924,1.1024,0
2615,1.0000,199.0452,219.2145,1.1013,0
2616,1.0000,161.8085,186.7806,1.1543,0
2617,1.0000,188.6160,229.1375,1.2148,0
2618,1.0000,197.9015,225.7366,1.1407,0
2619,1.0000,183.1884,201.5043,1.1000,0
2620,1.0000,222.7577,237.5963,1.0666,0
2621,1.0000,201.0149,213.0516,1.0599,0
2622,1.0000,181.9066,207.6463,1.1415,0
2623,1.0000,194.5148,208.3171,1.0710,0
2624,1.0000,240.4621,281.1405,1.1692,0
2625,1.0000,249.4494,266.9569,1.0702,0
2626,1.0000,137.0985,158.1581,1.1536,0
2627,0.9000,245.1224,253.0534,1.0324,0
2628,1.0000,199.3339,211.7286,1.0622,0
2629,0.9000,259.6074,290.8849,1.1205,0
2630,0.9000,179.5188,243.5857,1.3569,0
2631,0.9000,227.4071,260.9157,1.1474,0
2632,1.0000,197.7094,232.2219,1.1746,0
2633,0.9000,223.8504,232.9099,1.0405,0
2634,1.0000,183.4257,199.6772,1.0886,0
2635,1.0000,207.6728,230.5233,1.1100,0
2636,1.0000,145.1482,155.9006,1.0741,0
2637,1.0000,214.5950,238.1218,1.1096,0
2638,1.0000,190.8088,204.4676,1.0716,0
2639,1.0000,166.8502,188.8386,1.1318,0
2640,1.0000,166.7903,181.4855,1.0881,0
2641,1.0000,221.0204,232.4177,1.0516,0
2642,1.0000,152.7220,171.6129,1.1237,0
2643,1.0000,200.7038,222.1171,1.1067,0
2644,1.0000,170.5022,218.9201,1.2840,0
2645,1.0000,161.5797,177.0734,1.0959,0
2646,1.0000,178.2105,201.5292,1.1308,0
2647,1.0000,212.4076,237.6173,1.1187,0
2648,0.9000,207.2824,236.5608,1.1412,0
2649,1.0000,282.9081,301.5526,1.0659,0
2650,1.0000,162.1203,186.4618,1.1501,0
2651,1.0000,188.0319,199.1381,1.0591,0
2652,0.9000,229.0458,267.3369,1.1672,0
2653,1.0000,149.0570,184.5969,1.2384,0
2654,1.0000,211.0332,221.4723,1.0495,0
2655,1.0000,182.2553,196.8680,1.0802,0
2656,0.9000,241.8057,273.1849,1.1298,0
2657,1.0000,190.1000,211.9151,1.1148,0
2658,0.9000,263.3762,280.2695,1.0641,0
2659,0.9000,199.9650,224.6620,1.1235,0
2660,1.0000,171.8313,198.0480,1.1526,0
2661,1.0000,139.1510,160.5086,1.1535,0
2662,1.0000,137.4773,144.1908,1.0488,0
2663,0.7000,216.1481,246.7104,1.1414,0
2664,1.0000,127.4637,144.0174,1.1299,0
2665,1.0000,231.1147,241.4622,1.0448,0
2666,1.0000,167.4336,206.0922,1.2309,0
2667,1.0000,194.1391,207.4512,1.0686,0
2668,0.9000,209.9548,230.6491,1.0986,0
2669,1.0000,158.3382,180.4716,1.1398,0
2670,1.0000,182.2663,205.7863,1.1290,0
2671,0.8000,247.9456,268.4735,1.0828,0
2672,1.0000,195.0026,221.5987,1.1364,0
2673,1.0000,236.3853,244.2376,1.0332,0
2674,1.0000,164.8666,179.5996,1.0894,0
2675,1.0000,174.9286,188.7750,1.0792,0
2676,1.0000,200.9826,233.8162,1.1634,0
2677,0.9000,217.3661,234.5890,1.0792,0
2678,1.0000,227.5324,239.6581,1.0533,0
2679,0.8000,198.0858,211.3007,1.0667,0
2680,1.0000,222.3443,245.9878,1.1063,0
2681,1.0000,185.7310,237.8193,1.2805,0
2682,0.9000,236.5079,251.8829,1.0650,0
2683,1.0000,179.4714,194.8025,1.0854,0
2684,1.0000,251.0239,259.3029,1.0330,0
2685,1.0000,152.9085,191.6925,1.2536,0
2686,0.7000,195.4175,211.9245,1.0845,0
2687,0.9000,219.4402,235.0553,1.0712,0
2688,0.9000,204.7120,221.7296,1.0831,0
2689,1.0000,242.0806,256.6145,1.0600,0
2690,1.0000,192.4890,215.5110,1.1196,0
2691,0.9000,211.5443,235.7414,1.1144,0
2692,1.0000,189.0370,205.7693,1.0885,0
2693,1.0000,209.9881,236.4551,1.1260,0
2694,1.0000,187.6726,220.1295,1.1729,0
2695,0.9000,206.2595,225.8318,1.0949,0
2696,0.9000,192.8652,215.8889,1.1194,0
2697,1.0000,274.4832,291.5853,1.0623,0
2698,1.0000,180.2581,212.2122,1.1773,0
2699,0.9000,273.7426,294.0697,1.0743,0
2700,0.6000,240.5057,254.4111,1.0578,0
2701,1.0000,187.6939,219.6315,1.1702,0
2702,1.0000,210.1618,229.1222,1.0902,0
2703,0.7000,245.5443,250.9920,1.0222,0
2704,1.0000,220.8438,256.7294,1.1625,0
2705,1.0000,231.2553,251.8988,1.0893,0
2706,1.0000,174.5623,197.6234,1.1321,0
2707,1.0000,210.7321,232.9979,1.1057,0
2708,0.9000,183.5838,194.1881,1.0578,0
2709,1.0000,220.9185,241.8491,1.0947,0
2710,1.0000,222.2341,254.1319,1.1435,0
2711,0.9000,228.7947,263.2356,1.1505,0
2712,0.9000,221.7521,234.5485,1.0577,0
2713,1.0000,159.5525,190.5807,1.1945,0
2714,1.0000,181.7773,191.8697,1.0555,0
2715,1.0000,187.9548,211.5254,1.1254,0
2716,0.9000,244.9184,274.7726,1.1219,0
2717,1.0000,137.2953,162.7391,1.1853,0
2718,1.0000,199.6873,223.0269,1.1169,0
2719,1.0000,203.3052,229.2597,1.1277,0
2720,0.8000,224.2788,251.6525,1.1221,0
2721,1.0000,213.9205,233.3988,1.0911,0
2722,1.0000,209.8094,238.9226,1.1388,0
2723,1.0000,191.6011,205.9854,1.0751,0
2724,1.0000,268.9070,283.0194,1.0525,0
2725,1.0000,130.0308,162.6376,1.2508,0
2726,1.0000,155.0065,169.4403,1.0931,0
2727,1.0000,222.2319,240.9191,1.0841,0
2728,1.0000,231.7046,246.8360,1.0653,0
2729,1.0000,223.9353,237.8655,1.0622,0
2730,0.9000,216.9585,234.9830,1.0831,0
2731,1.0000,210.6181,229.6998,1.0906,0
2732,1.0000,172.1453,184.9405,1.0743,0
2733,1.0000,163.2483,194.9615,1.1943,0
2734,0.9000,233.1137,262.7242,1.1270,0
2735,1.0000,201.7870,217.3868,1.0773,0
2736,0.8000,276.9422,293.8350,1.0610,0
2737,1.0000,222.3578,243.3824,1.0946,0
2738,1.0000,182.6636,211.8962,1.1600,0
2739,0.9000,233.4395,243.0206,1.0410,0
2740,1.0000,198.9171,223.0897,1.1215,0
2741,0.9000,249.8740,272.1397,1.0891,0
2742,1.0000,223.6694,235.7796,1.0541,0
2743,1.0000,211.1966,240.2644,1.1376,0
2744,1.0000,219.4789,238.5728,1.0870,0
2745,0.9000,235.1000,286.7107,1.2195,0
2746,1.0000,185.6071,228.0307,1.2286,0
2747,1.0000,250.8824,274.3811,1.0937,0
2748,1.0000,199.4818,226.3117,1.1345,0
2749,1.0000,215.7730,235.7159,1.0924,0
2750,1.0000,184.7295,203.9093,1.1038,0
2751,0.8000,250.4676,260.3767,1.0396,0
2752,1.0000,203.0025,228.8056,1.1271,0
2753,1.0000,241.5367,257.9322,1.0679,0
2754,1.0000,227.4357,250.9900,1.1036,0
2755,1.0000,248.7690,268.8866,1.0809,0
2756,1.0000,216.1203,250.6272,1.1597,0
2757,0.9000,251.1613,271.7848,1.0821,0
2758,1.0000,189.0238,203.5755,1.0770,0
2759,1.0000,167.3649,199.7574,1.1935,0
2760,1.0000,197.0533,218.8812,1.1108,0
2761,1.0000,240.2291,266.7040,1.1102,0
2762,1.0000,216.8871,235.2424,1.0846,0
2763,1.0000,179.6413,195.5326,1.0885,0
2764,1.0000,188.9339,221.7183,1.1735,0
2765,1.0000,185.0730,196.3059,1.0607,0
2766,1.0000,211.1256,231.0541,1.0944,0
2767,0.9000,195.3766,211.9835,1.0850,0
2768,1.0000,219.0411,241.0021,1.1003,0
2769,1.0000,140.7089,148.7279,1.0570,0
2770,0.9000,204.1495,216.1412,1.0587,0
2771,1.0000,203.9730,221.6393,1.0866,0
2772,1.0000,183.3330,218.1697,1.1900,0
2773,0.9000,248.5940,279.5067,1.1243,0
2774,0.9000,225.8141,235.9597,1.0449,0
2775,1.0000,173.3522,219.1278,1.2641,0
2776,1.0000,222.8722,241.4311,1.0833,0
2777,1.0000,184.6131,205.8883,1.1152,0
2778,1.0000,223.9509,242.6726,1.0836,0
2779,1.0000,216.8686,243.7170,1.1238,0
2780,1.0000,194.6587,218.4605,1.1223,0
2781,1.0000,177.4373,205.5140,1.1582,0
2782,0.9000,247.5843,257.6781,1.0408,0
2783,1.0000,185.9113,223.4793,1.2021,0
2784,1.0000,198.5800,208.9043,1.0520,0
2785,1.0000,244.1168,275.8659,1.1301,0
2786,1.0000,241.4788,277.3950,1.1487,0
2787,0.9000,202.8300,214.4948,1.0575,0
2788,1.0000,181.4056,215.4971,1.1879,0
2789,0.8000,244.4995,258.3699,1.0567,0
2790,1.0000,198.0025,217.8738,1.1004,0
2791,0.9000,246.2174,260.9214,1.0597,0
2792,1.0000,236.7573,263.0057,1.1109,0
2793,1.0000,213.2979,253.1976,1.1871,0
2794,1.0000,96.0781,124.9840,1.3009,0
2795,1.0000,90.0111,147.9899,1.6441,0
2796,1.0000,69.9428,107.4663,1.5365,0
2797,1.0000,96.4106,127.6989,1.3245,0
2798,0.9000,161.9660,186.4806,1.1514,0
2799,1.0000,60.0999,142.1759,2.3657,0
2800,1.0000,93.7870,130.2805,1.3891,0
2801,0.9000,126.6452,159.0723,1.2560,0
2802,1.0000,178.9134,209.1889,1.1692,0
2803,1.0000,111.7900,136.1617,1.2180,0
2804,1.0000,119.7247,187.3579,1.5649,0
2805,1.0000,144.9448,184.3204,1.2717,0
2806,1.0000,155.0258,174.2556,1.1240,0
2807,1.0000,114.0614,133.7647,1.1727,0
2808,1.0000,101.2126,141.2905,1.3960,0
2809,1.0000,117.5500,183.6872,1.5626,0
2810,1.0000,111.3194,251.6048,2.2602,0
2811,1.0000,292.8532,311.5028,1.0637,0
2812,1.0000,120.2955,164.5631,1.3680,0
2813,0.8000,230.1456,254.7077,1.1067,0
2814,0.7000,105.0476,145.4923,1.3850,0
2815,1.0000,221.7453,234.1474,1.0559,0
2816,1.0000,196.1606,244.0246,1.2440,0
2817,1.0000,242.6211,262.2575,1.0809,0
2818,1.0000,80.8764,241.2654,2.9831,0
2819,0.8000,199.7073,234.8851,1.1761,0
2820,1.0000,102.7327,195.4431,1.9024,0
2821,1.0000,132.8081,207.1063,1.5594,0
2822,1.0000,84.7762,215.5852,2.5430,0
2823,1.0000,142.3376,158.6695,1.1147,0
2824,1.0000,200.0225,214.4388,1.0721,0
2825,1.0000,115.8922,180.5409,1.5578,0
2826,1.0000,118.0339,141.9789,1.2029,0
2827,0.8000,198.2599,208.7630,1.0530,0
2828,1.0000,198.9824,214.9698,1.0803,0
2829,1.0000,168.1339,185.5074,1.1033,0
2830,0.9000,94.0851,174.4305,1.8540,0
2831,1.0000,83.3966,118.8655,1.4253,0
2832,1.0000,154.1623,161.8765,1.0500,0
2833,0.9000,126.0873,239.9354,1.9029,0
2834,1.0000,172.5862,195.4252,1.1323,0
2835,1.0000,78.9303,156.4385,1.9820,0
2836,1.0000,132.1893,209.1435,1.5822,0
2837,1.0000,196.9619,217.6672,1.1051,0
2838,1.0000,202.5636,222.8475,1.1001,0
2839,1.0000,151.9342,173.6692,1.1431,0
2840,1.0000,196.9035,203.8578,1.0353,0
2841,1.0000,179.2289,253.5725,1.4148,0
2842,1.0000,168.4577,180.9668,1.0743,0
2843,1.0000,144.0035,188.4781,1.3088,0
2844,1.0000,158.7199,220.2362,1.3876,0
2845,1.0000,165.5929,188.8015,1.1402,0
2846,1.0000,143.6210,255.4760,1.7788,0
2847,1.0000,174.2814,192.6084,1.1052,0
2848,1.0000,153.1600,172.7889,1.1282,0
2849,1.0000,99.7397,233.5723,2.3418,0
2850,0.8000,195.6809,238.4114,1.2184,0
2851,1.0000,253.7913,264.2896,1.0414,0
2852,1.0000,152.1677,205.6307,1.3513,0
2853,1.0000,160.7171,224.8711,1.3992,0
2854,1.0000,144.4368,232.7488,1.6114,0
2855,1.0000,244.6324,282.5350,1.1549,0
2856,1.0000,114.2891,227.9408,1.9944,0
2857,1.0000,111.8302,219.3399,1.9614,0
2858,1.0000,184.8919,196.8934,1.0649,0
2859,1.0000,164.3807,211.8112,1.2885,0
2860,1.0000,115.1477,243.9139,2.1183,0
2861,0.9000,155.2772,293.7073,1.8915,0
2862,1.0000,110.0682,216.1111,1.9634,0
2863,1.0000,124.8719,190.2446,1.5235,0
2864,1.0000,184.7431,214.2288,1.1596,0
2865,1.0000,155.9712,200.9428,1.2883,0
2866,1.0000,181.5213,210.2713,1.1584,0
2867,1.0000,190.9869,209.4684,1.0968,0
2868,1.0000,147.7159,240.8070,1.6302,0
2869,1.0000,183.4257,204.0980,1.1127,0
2870,0.9000,256.0527,289.6757,1.1313,0
2871,1.0000,157.1337,187.6060,1.1939,0
2872,1.0000,112.4722,225.0622,2.0010,0
2873,1.0000,114.0307,199.7799,1.7520,0
2874,1.0000,189.9079,204.3502,1.0760,0
2875,1.0000,87.1837,200.3347,2.2978,0
2876,1.0000,78.0833,218.5017,2.7983,0
2877,1.0000,179.2958,203.5166,1.1351,0
2878,1.0000,213.5135,259.9712,1.2176,0
2879,0.9000,245.0959,274.3775,1.1195,0
2880,1.0000,149.6596,218.6573,1.4610,0
2881,1.0000,145.8835,231.6614,1.5880,0
2882,0.7000,260.7719,271.0000,1.0392,0
2883,1.0000,111.7094,205.2681,1.8375,0
2884,1.0000,132.4953,194.4814,1.4678,0
2885,1.0000,155.1290,197.4740,1.2730,0
2886,1.0000,128.4951,222.3376,1.7303,0
2887,1.0000,136.9562,222.8699,1.6273,0
2888,1.0000,192.5253,267.4827,1.3893,0
2889,0.7000,148.0777,269.9167,1.8228,0
2890,1.0000,144.8344,215.2859,1.4864,0
2891,0.8000,234.6764,251.9603,1.0737,0
2892,1.0000,122.3846,176.2356,1.4400,0
2893,1.0000,264.3558,287.4404,1.0873,0
2894,1.0000,132.4311,244.4831,1.8461,0
2895,0.9000,211.0616,237.4068,1.1248,0
2896,1.0000,189.9052,204.7535,1.0782,0
2897,1.0000,93.6536,181.3974,1.9369,0
2898,1.0000,128.8410,269.6776,2.0931,0
2899,1.0000,197.2891,280.4924,1.4217,0
2900,1.0000,186.6199,205.0366,1.0987,0
2901,1.0000,88.9775,208.6720,2.3452,0
2902,1.0000,58.8643,163.3922,2.7757,0
2903,1.0000,254.4897,272.9487,1.0725,0
2904,1.0000,238.3296,262.8536,1.1029,0
2905,1.0000,152.7121,247.3884,1.6200,0
2906,1.0000,146.1574,258.0581,1.7656,0
2907,1.0000,133.3567,201.2461,1.5091,0
2908,0.9000,214.6555,240.5327,1.1206,0
2909,1.0000,155.7787,271.2637,1.7413,0
2910,1.0000,187.5207,230.0087,1.2266,0
2911,0.9000,232.0603,260.6300,1.1231,0
2912,1.0000,138.7227,153.1633,1.1041,0
2913,1.0000,147.0646,289.2940,1.9671,0
2914,1.0000,193.2046,201.7821,1.0444,0
2915,1.0000,251.4836,280.4443,1.1152,0
2916,1.0000,135.4622,267.1816,1.9724,0
2917,1.0000,136.4771,157.5119,1.1541,0
2918,1.0000,255.3488,267.3780,1.0471,0
2919,1.0000,237.4553,270.3424,1.1385,0
2920,1.0000,115.1390,227.4247,1.9752,0
2921,0.6000,246.6800,273.4630,1.1086,0
2922,1.0000,234.3587,267.4603,1.1412,0
2923,1.0000,214.2685,229.7172,1.0721,0
2924,1.0000,138.8164,156.5248,1.1276,0
2925,1.0000,175.0171,211.6176,1.2091,0
2926,1.0000,243.6473,267.9104,1.0996,0
2927,0.9000,232.5984,257.2528,1.1060,0
2928,1.0000,192.0312,203.7449,1.0610,0
2929,1.0000,217.6672,234.7147,1.0783,0
2930,1.0000,191.9219,203.5362,1.0605,0
2931,1.0000,136.0551,268.1380,1.9708,0
2932,1.0000,112.7165,258.3351,2.2919,0
2933,1.0000,236.5100,279.6891,1.1826,0
2934,1.0000,139.7927,192.1406,1.3745,0
2935,1.0000,210.6466,271.8437,1.2905,0
2936,1.0000,222.9170,243.6309,1.0929,0
2937,1.0000,221.2668,244.6937,1.1059,0
2938,1.0000,249.3131,275.1454,1.1036,0
2939,1.0000,124.6475,249.0000,1.9976,0
2940,1.0000,140.8936,266.7958,1.8936,0
2941,1.0000,81.0432,224.6264,2.7717,0
2942,1.0000,116.6405,196.2422,1.6825,0
2943,1.0000,119.5784,260.6262,2.1795,0
2944,1.0000,177.7976,255.0235,1.4343,0
2945,1.0000,239.0586,262.5833,1.0984,0
2946,1.0000,200.2473,233.3238,1.1652,0
2947,1.0000,86.9425,242.2891,2.7868,0
2948,1.0000,220.3066,237.8718,1.0797,0
2949,1.0000,135.0704,158.5907,1.1741,0
2950,1.0000,129.7575,158.0570,1.2181,0
2951,0.9000,266.3043,293.9660,1.1039,0
2952,1.0000,89.2076,272.4628,3.0543,0
2953,1.0000,262.3414,280.0982,1.0677,0
2954,0.9000,234.3182,271.5990,1.1591,0
2955,0.9000,219.2533,248.2499,1.1323,0
2956,0.9000,171.2104,191.3635,1.1177,0
2957,1.0000,215.8796,228.6395,1.0591,0
2958,1.0000,194.9641,210.5374,1.0799,0
2959,1.0000,133.2479,217.2533,1.6304,0
2960,0.9000,161.2296,266.3062,1.6517,0
2961,1.0000,138.5821,233.5294,1.6851,0
2962,1.0000,217.2257,247.9052,1.1412,0
2963,0.9000,242.8992,292.2191,1.2030,0
2964,1.0000,123.0203,275.2708,2.2376,0
2965,1.0000,227.6401,266.7921,1.1720,0
2966,1.0000,185.6987,253.2331,1.3637,0
2967,0.9000,227.7718,241.7106,1.0612,0
2968,0.9000,212.5065,258.4802,1.2163,0
2969,1.0000,240.4600,267.8339,1.1138,0
2970,1.0000,175.5819,214.4458,1.2213,0
2971,1.0000,136.7114,149.8132,1.0958,0
2972,1.0000,186.0054,233.2445,1.2540,0
2973,1.0000,168.7039,181.8103,1.0777,0
2974,1.0000,153.3036,174.6224,1.1391,0
2975,1.0000,132.2460,181.8653,1.3752,0
2976,1.0000,173.6203,240.5223,1.3853,0
2977,0.9000,242.3799,261.5836,1.0792,0
2978,0.9000,216.7164,225.1488,1.0389,0
2979,1.0000,160.5740,212.1957,1.3215,0
2980,1.0000,290.4135,313.5506,1.0797,0
2981,1.0000,157.6547,212.2451,1.3463,0
2982,0.9000,256.9027,278.2301,1.0830,0
2983,1.0000,249.7879,264.7659,1.0600,0
2984,1.0000,128.7284,265.0792,2.0592,0
2985,1.0000,202.5216,234.6039,1.1584,0
2986,1.0000,190.6777,261.8778,1.3734,0
2987,1.0000,105.6835,206.1820,1.9509,0
2988,0.9000,272.8278,292.9300,1.0737,0
2989,1.0000,117.4223,251.6684,2.1433,0
2990,1.0000,153.4634,169.2129,1.1026,0
2991,0.9000,182.2882,193.6543,1.0624,0
2992,1.0000,149.9200,196.9111,1.3134,0
2993,1.0000,117.8855,171.9826,1.4589,0
2994,1.0000,90.6863,160.8198,1.7734,0
2995,1.0000,190.7013,240.4912,1.2611,0
2996,1.0000,178.7680,209.6378,1.1727,0
2997,1.0000,205.9903,244.9735,1.1892,0
2998,0.9000,266.5446,291.1786,1.0924,0
2999,0.8000,168.1071,184.1847,1.0956,0
3000,0.9000,237.7288,260.9368,1.0976,0
3001,1.0000,232.0883,254.7489,1.0976,0
3002,0.9000,170.1705,181.1712,1.0646,0
3003,1.0000,60.0167,199.3941,3.3223,0
3004,1.0000,104.0000,226.5039,2.1779,0
3005,1.0000,131.8370,221.3685,1.6791,0
3006,1.0000,274.5651,306.3756,1.1159,0
3007,1.0000,42.1426,272.5986,6.4685,0
3008,1.0000,111.4451,173.1618,1.5538,0
3009,1.0000,177.3076,206.1795,1.1628,0
3010,1.0000,213.4104,248.9116,1.1664,0
3011,1.0000,191.7446,202.7067,1.0572,0
3012,0.8000,230.0239,254.2912,1.1055,0
3013,1.0000,238.9477,251.9583,1.0544,0
3014,1.0000,187.1149,264.5317,1.4137,0
3015,1.0000,193.4632,251.0936,1.2979,0
3016,1.0000,222.0833,252.2003,1.1356,0
3017,1.0000,228.1359,257.6606,1.1294,0
3018,0.9000,148.6540,249.1365,1.6759,0
3019,1.0000,102.8591,128.8875,1.2530,0
3020,1.0000,135.6835,151.5949,1.1173,0
3021,1.0000,147.3872,171.7673,1.1654,0
3022,1.0000,110.0045,142.6464,1.2967,0
3023,1.0000,202.4327,227.3675,1.1232,0
3024,0.9000,125.3635,146.1711,1.1660,0
3025,0.9000,203.0394,214.0631,1.0543,0
3026,1.0000,171.0439,190.0947,1.1114,0
3027,1.0000,124.5351,148.1047,1.1893,0
3028,1.0000,110.5758,123.7982,1.1196,0
3029,1.0000,137.7026,156.3554,1.1355,0
3030,1.0000,234.5762,253.0909,1.0789,0
3031,0.9000,185.4400,201.1020,1.0845,0
3032,1.0000,113.1238,128.7866,1.1385,0
3033,1.0000,126.9685,157.4738,1.2403,0
3034,1.0000,102.3474,126.4002,1.2350,0
3035,1.0000,223.1838,243.7437,1.0921,0
3036,1.0000,136.6199,155.5731,1.1387,0
3037,1.0000,114.0395,120.1124,1.0533,0
3038,1.0000,96.7833,124.8038,1.2895,0
3039,0.8000,241.2675,254.2577,1.0538,0
3040,1.0000,147.6415,180.4023,1.2219,0
3041,1.0000,200.9154,233.5787,1.1626,0
3042,1.0000,124.4387,155.6567,1.2509,0
3043,1.0000,213.6726,226.7091,1.0610,0
3044,1.0000,200.2249,220.2907,1.1002,0
3045,1.0000,275.9620,280.9858,1.0182,0
3046,1.0000,234.7296,266.3851,1.1349,0
3047,0.9000,230.6859,245.2672,1.0632,0
3048,1.0000,169.7321,191.2407,1.1267,0
3049,1.0000,198.5976,227.3829,1.1449,0
3050,1.0000,243.3454,270.0796,1.1099,0
3051,1.0000,236.8818,252.3093,1.0651,0
3052,1.0000,216.8963,245.9837,1.1341,0
3053,0.9000,215.2069,249.2729,1.1583,0
3054,1.0000,217.3430,235.5483,1.0838,0
3055,1.0000,209.0263,243.3064,1.1640,0
3056,1.0000,239.8333,260.4515,1.0860,0
3057,1.0000,237.8844,263.8920,1.1093,0
3058,1.0000,185.2512,197.3474,1.0653,0
3059,1.0000,232.6628,271.3927,1.1665,0
3060,1.0000,180.8646,205.0293,1.1336,0
3061,0.9000,196.5019,210.6917,1.0722,0
3062,0.9000,249.4073,266.5652,1.0688,0
3063,0.9000,230.8333,250.9203,1.0870,0
3064,1.0000,171.1666,206.5188,1.2065,0
3065,1.0000,142.0704,160.6954,1.1311,0
3066,1.0000,243.2756,261.9676,1.0768,0
3067,1.0000,206.8599,242.1756,1.1707,0
3068,1.0000,161.6818,175.3596,1.0846,0
3069,0.9000,223.3473,238.8535,1.0694,0
3070,1.0000,172.5167,183.2376,1.0621,0
3071,0.8000,204.8365,224.7599,1.0973,0
3072,1.0000,178.3732,210.7273,1.1814,0
3073,0.9000,167.8303,186.3089,1.1101,0
3074,1.0000,208.9641,226.3625,1.0833,0
3075,0.9000,247.0607,276.7797,1.1203,0
3076,1.0000,173.7383,195.2614,1.1239,0
3077,1.0000,215.7916,243.1337,1.1267,0
3078,1.0000,155.7177,193.8737,1.2450,0
3079,1.0000,149.6730,167.9137,1.1219,0
3080,0.9000,251.1951,286.3844,1.1401,0
3081,0.7000,251.0020,278.9409,1.1113,0
3082,1.0000,161.3722,181.6728,1.1258,0
3083,1.0000,163.7651,222.5264,1.3588,0
3084,1.0000,245.3080,257.7479,1.0507,0
3085,1.0000,210.0857,251.2131,1.1958,0
3086,1.0000,199.5745,217.9885,1.0923,0
3087,1.0000,169.9853,183.2321,1.0779,0
3088,1.0000,254.3954,266.7133,1.0484,0
3089,1.0000,238.3296,252.3410,1.0588,0
3090,1.0000,174.4792,193.2744,1.1077,0
3091,1.0000,243.0411,267.8096,1.1019,0
3092,1.0000,229.6563,243.0926,1.0585,0
3093,0.9000,172.4210,238.9582,1.3859,0
3094,1.0000,226.8634,245.6441,1.0828,0
3095,0.9000,249.5997,274.4249,1.0995,0
3096,0.9000,228.3046,255.5582,1.1194,0
3097,1.0000,203.8431,214.7161,1.0533,0
3098,1.0000,252.1349,282.3243,1.1197,0
3099,1.0000,233.3859,258.7934,1.1089,0
3100,1.0000,124.1692,149.7631,1.2061,0
3101,1.0000,179.8638,202.9975,1.1286,0
3102,1.0000,157.4389,191.2067,1.2145,0
3103,1.0000,189.5547,209.1172,1.1032,0
3104,1.0000,206.0388,218.5681,1.0608,0
3105,0.9000,228.7684,254.3816,1.1120,0
3106,1.0000,202.8891,233.6215,1.1515,0
3107,1.0000,198.7939,205.3947,1.0332,0
3108,0.9000,244.3174,260.0942,1.0646,0
3109,1.0000,188.1409,213.6258,1.1355,0
3110,1.0000,157.7403,166.9341,1.0583,0
3111,1.0000,250.1020,291.7276,1.1664,0
3112,0.9000,185.5451,200.9428,1.0830,0
3113,1.0000,250.9044,266.9944,1.0641,0
3114,1.0000,146.5913,169.1301,1.1538,0
3115,1.0000,208.1946,220.2884,1.0581,0
3116,1.0000,154.8225,202.3808,1.3072,0
3117,1.0000,197.9217,227.1519,1.1477,0
3118,1.0000,209.5400,234.8489,1.1208,0
3119,1.0000,218.0917,231.9052,1.0633,0
3120,0.9000,240.6990,268.5144,1.1156,0
3121,1.0000,233.8889,257.2742,1.1000,0
3122,0.9000,199.3339,216.0995,1.0841,0
3123,0.9000,283.8732,315.0333,1.1098,0
3124,1.0000,199.4442,226.6010,1.1362,0
3125,0.8000,231.0714,246.1280,1.0652,0
3126,1.0000,210.4875,257.8469,1.2250,0
3127,1.0000,149.8699,170.4905,1.1376,0
3128,1.0000,221.3978,249.1807,1.1255,0
3129,1.0000,248.5518,272.2242,1.0952,0
3130,1.0000,220.2476,248.3647,1.1277,0
3131,1.0000,156.5120,196.6774,1.2566,0
3132,1.0000,223.8995,236.0021,1.0541,0
3133,1.0000,174.8714,211.7664,1.2110,0
3134,1.0000,223.0493,233.0622,1.0449,0
3135,1.0000,218.7190,245.2815,1.1214,0
3136,0.7000,258.4744,282.9823,1.0948,0
3137,1.0000,214.8069,227.0771,1.0571,0
3138,1.0000,199.6572,209.2988,1.0483,0
3139,0.9000,218.4674,233.3688,1.0682,0
3140,1.0000,213.3659,235.8877,1.1056,0
3141,1.0000,214.5717,231.2661,1.0778,0
3142,0.7000,312.6340,361.8660,1.1575,0
3143,0.9000,219.6042,245.2346,1.1167,0
3144,0.7000,265.2094,279.2579,1.0530,0
3145,1.0000,245.6156,276.2046,1.1245,0
3146,0.9000,255.1215,272.4683,1.0680,0
3147,1.0000,241.3587,263.5318,1.0919,0
3148,1.0000,203.9975,230.9437,1.1321,0
3149,0.9000,192.4864,207.3355,1.0771,0
3150,1.0000,220.0045,275.6719,1.2530,0
3151,1.0000,212.9836,243.3105,1.1424,0
3152,1.0000,216.1319,235.0340,1.0875,0
3153,1.0000,206.6059,241.1141,1.1670,0
3154,0.8000,242.2189,262.0515,1.0819,0
3155,1.0000,241.8512,264.6998,1.0945,0
3156,1.0000,236.8206,255.3174,1.0781,0
3157,0.9000,249.5997,278.1043,1.1142,0
3158,0.8000,172.2237,203.2585,1.1802,0
3159,1.0000,233.7199,256.0000,1.0953,0
3160,1.0000,164.9909,175.8920,1.0661,0
3161,1.0000,236.2456,253.3140,1.0722,0
3162,1.0000,265.1773,287.9201,1.0858,0
3163,1.0000,167.7558,208.8971,1.2452,0
3164,0.9000,209.4636,243.1460,1.1608,0
3165,1.0000,225.6125,256.4352,1.1366,0
3166,1.0000,239.6435,269.1078,1.1230,0
3167,1.0000,171.7906,195.7473,1.1395,0
3168,1.0000,204.4676,214.8534,1.0508,0
3169,1.0000,208.7918,230.6122,1.1045,0
3170,1.0000,202.8990,241.6857,1.1912,0
3171,1.0000,180.8618,212.0472,1.1724,0
3172,0.9000,248.8353,264.4920,1.0629,0
3173,1.0000,228.6526,245.7641,1.0748,0
3174,1.0000,238.8012,264.9113,1.1093,0
3175,0.7000,204.9537,227.4093,1.1096,0
3176,1.0000,193.1864,218.7419,1.1323,0
3177,1.0000,197.0609,215.9884,1.0960,0
3178,1.0000,180.7457,199.5370,1.1040,0
3179,1.0000,196.4943,208.7055,1.0621,0
3180,1.0000,213.1220,262.1145,1.2299,0
3181,1.0000,181.2540,209.7951,1.1575,0
3182,0.9000,187.2538,201.0721,1.0738,0
3183,1.0000,216.6541,224.6820,1.0371,0
3184,1.0000,223.4838,257.5442,1.1524,0
3185,0.5000,248.1774,267.4322,1.0776,0
3186,1.0000,192.4552,216.0440,1.1226,0
3187,0.9000,161.9259,201.9406,1.2471,0
3188,1.0000,157.4421,188.7776,1.1990,0
3189,1.0000,145.0345,171.5401,1.1828,0
3190,1.0000,264.5222,289.4788,1.0943,0
3191,1.0000,127.9453,167.2513,1.3072,0
3192,1.0000,206.0049,269.8852,1.3101,0
3193,1.0000,260.8103,282.0390,1.0814,0
3194,0.9000,209.0215,240.5140,1.1507,0
3195,1.0000,175.9858,190.7380,1.0838,0
3196,1.0000,228.0921,248.1209,1.0878,0
3197,1.0000,258.7528,294.7745,1.1392,0
3198,0.9000,234.8297,257.8216,1.0979,0
3199,0.9000,193.1787,223.0291,1.1545,0
3200,1.0000,124.9560,221.4249,1.7720,0
3201,1.0000,211.1019,229.8804,1.0890,0
3202,1.0000,183.0929,246.8724,1.3483,0
3203,1.0000,78.7845,90.1610,1.1444,0
3204,1.0000,133.2629,158.8553,1.1920,0
3205,1.0000,119.8582,137.6554,1.1485,0
3206,1.0000,106.9205,126.8818,1.1867,0
3207,1.0000,101.2966,150.0300,1.4811,0
3208,1.0000,88.6172,109.4440,1.2350,0
3209,1.0000,95.9740,119.5533,1.2457,0
3210,1.0000,183.4612,196.5070,1.0711,0
3211,1.0000,148.6943,183.0492,1.2310,0
3212,1.0000,171.0994,203.9608,1.1921,0
3213,1.0000,208.1778,235.4251,1.1309,0
3214,0.8000,235.1553,269.2527,1.1450,0
3215,1.0000,97.4679,110.2588,1.1312,0
3216,1.0000,150.6121,189.7894,1.2601,0
3217,1.0000,195.2434,209.1507,1.0712,0
3218,1.0000,109.1742,118.0720,1.0815,0
3219,1.0000,110.2270,130.8167,1.1868,0
3220,1.0000,130.3802,155.1354,1.1899,0
3221,1.0000,155.2933,183.0738,1.1789,0
3222,1.0000,211.2794,284.0282,1.3443,0
3223,1.0000,243.2776,262.7489,1.0800,0
3224,1.0000,115.7670,126.7359,1.0948,0
3225,1.0000,90.7855,156.4896,1.7237,0
3226,0.9000,202.7412,221.7205,1.0936,0
3227,0.9000,218.2682,241.3939,1.1060,0
3228,1.0000,162.7237,188.4702,1.1582,0
3229,1.0000,161.8116,198.3331,1.2257,0
3230,0.9000,238.8933,248.6262,1.0407,0
3231,1.0000,187.3233,217.6833,1.1621,0
3232,1.0000,229.6519,247.1376,1.0761,0
3233,1.0000,232.4823,275.8985,1.1868,0
3234,1.0000,188.8624,205.8907,1.0902,0
3235,1.0000,112.3076,141.8097,1.2627,0
3236,1.0000,141.5556,181.5296,1.2824,0
3237,1.0000,164.4962,187.4833,1.1397,0
3238,1.0000,68.1982,96.5609,1.4159,0
3239,1.0000,218.4651,242.7633,1.1112,0
3240,0.9000,180.3164,192.8238,1.0694,0
3241,1.0000,163.8017,207.8533,1.2689,0
3242,1.0000,226.9097,239.5788,1.0558,0
3243,0.9000,218.2384,241.8760,1.1083,0
3244,1.0000,134.8925,155.4992,1.1528,0
3245,1.0000,148.0811,182.2663,1.2309,0
3246,1.0000,229.9761,255.3860,1.1105,0
3247,1.0000,223.7722,270.5882,1.2092,0
3248,1.0000,173.4935,184.8134,1.0652,0
3249,1.0000,204.1935,249.5155,1.2220,0
3250,1.0000,253.9055,298.5733,1.1759,0
3251,1.0000,172.9538,203.8774,1.1788,0
3252,1.0000,216.4925,238.6504,1.1023,0
3253,0.9000,219.3490,258.0271,1.1763,0
3254,1.0000,246.5198,271.6873,1.1021,0
3255,0.7000,219.4220,230.9177,1.0524,0
3256,1.0000,192.1458,271.7591,1.4143,0
3257,1.0000,114.2147,138.7804,1.2151,0
3258,1.0000,126.7438,149.3854,1.1786,0
3259,1.0000,244.5813,261.4039,1.0688,0
3260,0.9000,181.0525,204.5654,1.1299,0
3261,0.8000,203.6001,218.7304,1.0743,0
3262,0.8000,302.8795,323.8842,1.0694,0
3263,1.0000,244.0225,277.5014,1.1372,0
3264,1.0000,181.2457,230.7856,1.2733,0
3265,1.0000,264.3445,293.8775,1.1117,0
3266,1.0000,198.9698,223.6470,1.1240,0
3267,1.0000,243.1255,257.8643,1.0606,0
3268,0.9000,207.4753,219.5974,1.0584,0
3269,1.0000,245.0571,259.0869,1.0573,0
3270,1.0000,221.1809,240.0312,1.0852,0
3271,1.0000,172.1976,192.7096,1.1191,0
3272,0.8000,242.8971,255.0725,1.0501,0
3273,1.0000,163.8963,177.8258,1.0850,0
3274,1.0000,224.8088,243.6904,1.0840,0
3275,1.0000,238.9686,252.7845,1.0578,0
3276,1.0000,190.1868,198.2902,1.0426,0
3277,1.0000,142.7585,164.6694,1.1535,0
3278,1.0000,220.6808,232.3080,1.0527,0
3279,1.0000,161.5085,192.7978,1.1937,0
3280,0.9000,197.3930,214.0958,1.0846,0
3281,0.8000,254.6822,269.4698,1.0581,0
3282,1.0000,228.0899,236.2033,1.0356,0
3283,1.0000,191.0026,221.1719,1.1580,0
3284,1.0000,214.4201,240.1833,1.1202,0
3285,1.0000,136.0662,155.2514,1.1410,0
3286,0.7000,217.7177,232.7660,1.0691,0
3287,1.0000,180.9530,201.8465,1.1155,0
3288,1.0000,207.6945,224.6731,1.0817,0
3289,1.0000,159.8499,187.1897,1.1710,0
3290,1.0000,191.7785,243.1687,1.2680,0
3291,1.0000,182.9973,223.7074,1.2225,0
3292,1.0000,66.2646,86.0581,1.2987,0
3293,1.0000,119.8124,141.1382,1.1780,0
3294,1.0000,201.2461,294.0561,1.4612,0
3295,0.9000,222.2071,247.1902,1.1124,0
3296,1.0000,157.9367,197.6891,1.2517,0
3297,1.0000,115.1304,158.0823,1.3731,0
3298,1.0000,224.5662,254.5329,1.1334,0
3299,0.8000,196.0536,214.4458,1.0938,0
3300,1.0000,252.4817,280.7917,1.1121,0
3301,1.0000,202.7264,223.6761,1.1033,0
3302,0.8000,202.6573,223.0224,1.1005,0
3303,1.0000,218.9932,259.3376,1.1842,0
3304,1.0000,224.4014,243.0021,1.0829,0
3305,1.0000,245.5524,263.2717,1.0722,0
3306,1.0000,190.2498,220.2839,1.1579,0
3307,0.9000,199.3314,229.5953,1.1518,0
3308,1.0000,218.9703,233.5616,1.0666,0
3309,1.0000,108.0740,160.9876,1.4896,0
3310,1.0000,240.0687,268.7359,1.1194,0
3311,1.0000,154.2919,178.7093,1.1583,0
3312,1.0000,123.3491,146.9183,1.1911,0
3313,0.9000,260.3382,275.7154,1.0591,0
3314,1.0000,255.8085,265.3243,1.0372,0
3315,1.0000,276.2680,299.1906,1.0830,0
3316,1.0000,192.2524,210.5208,1.0950,0
3317,1.0000,176.9717,196.1759,1.1085,0
3318,1.0000,242.2602,259.0347,1.0692,0
3319,1.0000,287.7429,308.8527,1.0734,0
3320,1.0000,172.9538,202.6129,1.1715,0
3321,1.0000,198.2851,222.7824,1.1235,0
3322,1.0000,231.7477,275.7118,1.1897,0
3323,0.8000,240.3518,293.4382,1.2209,0
3324,0.9000,250.6292,274.2207,1.0941,0
3325,0.9000,230.7531,245.2713,1.0629,0
3326,1.0000,241.7747,257.2275,1.0639,0
3327,1.0000,200.4595,218.1124,1.0881,0
3328,1.0000,271.7775,289.0830,1.0637,0
3329,1.0000,248.8594,282.7561,1.1362,0
3330,0.8000,227.3148,256.2187,1.1272,0
3331,1.0000,271.1033,282.7561,1.0430,0
3332,1.0000,153.1960,169.2986,1.1051,0
3333,1.0000,177.6063,217.0000,1.2218,0
3334,1.0000,142.8601,169.9294,1.1895,0
3335,1.0000,183.4530,194.0567,1.0578,0
3336,1.0000,228.7641,240.4059,1.0509,0
3337,0.9000,229.5125,253.0573,1.1026,0
3338,1.0000,241.3462,264.7452,1.0970,0
3339,1.0000,159.9750,258.6832,1.6170,0
3340,1.0000,220.4972,248.7469,1.1281,0
3341,0.8000,252.4183,261.3484,1.0354,0
3342,1.0000,236.8713,264.5165,1.1167,0
3343,1.0000,229.1201,256.3884,1.1190,0
3344,1.0000,172.4036,201.0746,1.1663,0
3345,0.9000,239.4473,266.1823,1.1117,0
3346,1.0000,193.3261,208.8684,1.0804,0
3347,1.0000,224.9022,244.1352,1.0855,0
3348,0.9000,177.9101,207.2076,1.1647,0
3349,0.9000,169.4491,212.5559,1.2544,0
3350,1.0000,202.0495,218.0871,1.0794,0
3351,1.0000,154.1071,170.8391,1.1086,0
3352,1.0000,204.0858,242.4191,1.1878,0
3353,1.0000,170.3115,206.5018,1.2125,0
3354,1.0000,116.8974,131.8636,1.1280,0
3355,0.7000,209.2582,235.0404,1.1232,0
3356,1.0000,200.3746,226.1194,1.1285,0
3357,1.0000,184.8675,202.4969,1.0954,0
3358,0.7000,241.4022,257.3655,1.0661,0
3359,1.0000,167.2453,197.1015,1.1785,0
3360,0.7000,211.9292,233.8162,1.1033,0
3361,1.0000,226.3382,248.3365,1.0972,0
3362,1.0000,187.6433,210.4234,1.1214,0
3363,1.0000,230.2281,249.0020,1.0815,0
3364,1.0000,149.5861,168.4607,1.1262,0
3365,0.9000,236.9810,248.7187,1.0495,0
3366,1.0000,222.2139,261.3044,1.1759,0
3367,0.9000,208.2691,219.2806,1.0529,0
3368,1.0000,229.4232,234.1089,1.0204,0
3369,0.8000,242.2003,258.1647,1.0659,0
3370,1.0000,212.7181,233.1480,1.0960,0
3371,1.0000,201.6135,211.6932,1.0500,0
3372,1.0000,181.3670,192.0911,1.0591,0
3373,1.0000,206.7462,233.9658,1.1317,0
3374,1.0000,186.0323,204.1078,1.0972,0
3375,1.0000,220.6853,237.1329,1.0745,0
3376,1.0000,178.8910,209.2104,1.1695,0
3377,1.0000,234.0214,255.1196,1.0902,0
3378,1.0000,157.8322,196.6265,1.2458,0
3379,1.0000,168.5616,182.4637,1.0825,0
3380,0.9000,191.5803,224.4037,1.1713,0
3381,1.0000,177.0452,217.5293,1.2287,0
3382,0.8000,223.6873,256.0566,1.1447,0
3383,1.0000,211.0071,229.4406,1.0874,0
3384,0.9000,220.0432,240.4433,1.0927,0
3385,1.0000,208.3147,222.1418,1.0664,0
3386,1.0000,242.7076,270.7453,1.1155,0
3387,1.0000,207.4295,215.3137,1.0380,0
3388,1.0000,188.3401,206.6567,1.0973,0
3389,1.0000,209.6163,237.3500,1.1323,0
3390,1.0000,223.9732,239.6018,1.0698,0
3391,1.0000,183.7988,194.2344,1.0568,0
3392,1.0000,207.7956,235.1744,1.1318,0
3393,0.9000,223.3540,259.3203,1.1610,0
3394,1.0000,209.8881,225.8429,1.0760,0
3395,1.0000,224.9333,248.8976,1.1065,0
3396,1.0000,207.8533,229.0873,1.1022,0
3397,1.0000,200.8407,216.5825,1.0784,0
3398,0.8000,244.8673,266.9888,1.0903,0
3399,1.0000,239.2258,258.8223,1.0819,0
3400,1.0000,202.1287,222.8677,1.1026,0
3401,1.0000,245.7397,285.3261,1.1611,0
3402,0.9000,249.9920,283.9296,1.1358,0
3403,1.0000,231.5794,238.5058,1.0299,0
3404,0.8000,271.2066,285.4435,1.0525,0
3405,1.0000,210.8649,232.4435,1.1023,0
3406,1.0000,221.4972,237.3837,1.0717,0
3407,0.9000,188.1568,205.9077,1.0943,0
3408,0.9000,230.4582,240.7198,1.0445,0
3409,0.9000,231.0995,244.5097,1.0580,0
3410,1.0000,236.2287,248.5116,1.0520,0
3411,1.0000,204.3012,222.2971,1.0881,0
3412,1.0000,188.4808,206.7897,1.0971,0
3413,1.0000,149.9467,175.2655,1.1689,0
3414,1.0000,173.9713,186.2418,1.0705,0
3415,1.0000,122.6866,173.3378,1.4129,0
3416,1.0000,129.2246,219.8681,1.7014,0
3417,0.9000,172.5978,181.4442,1.0513,0
3418,1.0000,122.8332,207.4464,1.6888,0
3419,1.0000,152.4697,191.9219,1.2588,0
3420,1.0000,192.2446,257.2042,1.3379,0
3421,1.0000,73.7496,170.9415,2.3179,0
3422,1.0000,157.8639,176.9972,1.1212,0
3423,1.0000,210.2261,233.9402,1.1128,0
3424,0.9000,112.4011,210.4376,1.8722,0
3425,1.0000,146.1677,170.8508,1.1689,0
3426,1.0000,215.9352,233.0322,1.0792,0
3427,1.0000,152.0197,194.6201,1.2802,0
3428,1.0000,125.1279,227.0837,1.8148,0
3429,1.0000,145.2722,163.8811,1.1281,0
3430,1.0000,150.7315,258.5015,1.7150,0
3431,1.0000,207.7498,253.5113,1.2203,0
3432,1.0000,209.4350,224.9800,1.0742,0
3433,1.0000,188.3401,207.8076,1.1034,0
3434,1.0000,108.7566,200.7063,1.8455,0
3435,1.0000,92.1358,205.7766,2.2334,0
3436,0.9000,200.6689,225.4263,1.1234,0
3437,1.0000,167.7439,209.3609,1.2481,0
3438,1.0000,203.3544,226.3427,1.1130,0
3439,1.0000,139.7534,214.0023,1.5313,0
3440,1.0000,117.2860,220.3497,1.8787,0
3441,1.0000,129.0000,200.7411,1.5561,0
3442,1.0000,119.2979,241.7416,2.0264,0
3443,1.0000,142.7060,180.2970,1.2634,0
3444,0.8000,235.8389,261.7193,1.1097,0
3445,1.0000,66.1438,208.4634,3.1517,0
3446,1.0000,101.0742,196.1606,1.9408,0
3447,1.0000,181.8213,227.3785,1.2506,0
3448,1.0000,111.4226,187.2699,1.6807,0
3449,1.0000,121.8072,222.4208,1.8260,0
3450,1.0000,132.8307,211.6459,1.5934,0
3451,1.0000,191.8098,219.5883,1.1448,0
3452,1.0000,155.0000,189.1190,1.2201,0
3453,1.0000,67.9779,185.1486,2.7237,0
3454,1.0000,125.5707,232.4607,1.8512,0
3455,1.0000,133.1202,213.2370,1.6018,0
3456,1.0000,62.5939,221.3052,3.5356,0
3457,1.0000,142.2463,177.6373,1.2488,0
3458,1.0000,173.5281,284.1215,1.6373,0
3459,1.0000,85.7321,283.4925,3.3067,0
3460,1.0000,210.7012,241.3172,1.1453,0
3461,0.9000,203.6345,218.2521,1.0718,0
3462,1.0000,106.8878,192.5902,1.8018,0
3463,1.0000,224.6308,257.5364,1.1465,0
3464,0.9000,136.2791,249.5756,1.8314,0
3465,1.0000,204.3673,231.7369,1.1339,0
3466,1.0000,81.1357,232.3231,2.8634,0
3467,0.9000,246.2194,298.9515,1.2142,0
3468,1.0000,181.5158,223.1345,1.2293,0
3469,1.0000,208.6720,283.2437,1.3574,0
3470,1.0000,94.2815,185.8333,1.9710,0
3471,1.0000,120.9421,250.9143,2.0747,0
3472,1.0000,82.4318,225.8606,2.7400,0
3473,1.0000,110.7926,237.0548,2.1396,0
3474,1.0000,215.5249,244.1209,1.1327,0
3475,1.0000,90.3383,261.7059,2.8970,0
3476,1.0000,179.9139,218.3025,1.2134,0
3477,0.9000,80.1998,256.4137,3.1972,0
3478,1.0000,135.8234,238.5037,1.7560,0
3479,1.0000,98.5850,241.6920,2.4516,0
3480,1.0000,129.6225,227.0595,1.7517,0
3481,0.8000,121.7333,245.3548,2.0155,0
3482,1.0000,96.9278,211.6105,2.1832,0
3483,0.9000,293.7278,315.7721,1.0751,0
3484,0.9000,125.6145,230.6404,1.8361,0
3485,0.9000,204.8268,227.5742,1.1111,0
3486,1.0000,210.8744,245.1367,1.1625,0
3487,1.0000,111.7408,258.2770,2.3114,0
3488,1.0000,88.1533,245.9410,2.7899,0
3489,1.0000,221.9707,249.8379,1.1255,0
3490,0.9000,253.1581,268.1884,1.0594,0
3491,0.7000,213.7732,247.1538,1.1561,0
3492,1.0000,243.5467,266.3081,1.0935,0
3493,0.6000,191.6586,244.9959,1.2783,0
3494,0.9000,192.9819,270.4422,1.4014,0
3495,0.8000,270.0333,282.7808,1.0472,0
3496,1.0000,163.9360,246.0488,1.5009,0
3497,1.0000,163.4166,236.8164,1.4492,0
3498,1.0000,221.8400,247.2529,1.1146,0
3499,0.9000,140.4884,182.3787,1.2982,0
3500,0.9000,262.7642,285.0246,1.0847,0
3501,0.9000,116.5161,215.2487,1.8474,0
3502,0.8000,265.8270,277.9370,1.0456,0
3503,1.0000,140.6307,243.6863,1.7328,0
3504,0.9000,265.1245,286.3390,1.0800,0
3505,1.0000,176.0000,196.4103,1.1160,0
3506,1.0000,150.4826,222.8250,1.4807,0
3507,0.9000,196.4179,225.0222,1.1456,0
3508,1.0000,198.7209,223.1345,1.1229,0
3509,1.0000,160.1999,197.8914,1.2353,0
3510,1.0000,109.2474,217.3914,1.9899,0
3511,1.0000,178.4629,226.1791,1.2674,0
3512,1.0000,82.6136,175.2912,2.1218,0
3513,0.9000,214.2965,222.2004,1.0369,0
3514,1.0000,107.4384,223.3338,2.0787,0
3515,1.0000,237.4174,249.0221,1.0489,0
3516,1.0000,200.2673,232.2047,1.1595,0
3517,1.0000,107.0794,223.3741,2.0861,0
3518,1.0000,186.3947,232.3833,1.2467,0
3519,1.0000,178.4124,203.4601,1.1404,0
3520,1.0000,153.6750,224.2588,1.4593,0
3521,1.0000,242.2788,271.7407,1.1216,0
3522,1.0000,207.9952,227.6093,1.0943,0
3523,1.0000,164.9091,195.0974,1.1831,0
3524,1.0000,130.8396,143.6419,1.0978,0
3525,1.0000,236.1631,277.1534,1.1736,0
3526,1.0000,162.5485,182.0110,1.1197,0
3527,1.0000,195.1128,236.7763,1.2135,0
3528,1.0000,259.0135,273.9051,1.0575,0
3529,0.9000,208.0649,241.1473,1.1590,0
3530,1.0000,50.6754,185.8037,3.6665,0
3531,0.8000,174.6568,193.3210,1.1069,0
3532,1.0000,137.3244,228.4973,1.6639,0
3533,1.0000,260.4726,296.3376,1.1377,0
3534,1.0000,209.3848,246.4467,1.1770,0
3535,0.8000,240.2540,256.2460,1.0666,0
3536,1.0000,161.4806,176.2527,1.0915,0
3537,1.0000,114.2804,210.3069,1.8403,0
3538,1.0000,162.6223,181.1353,1.1138,0
3539,0.8000,239.5976,246.4386,1.0286,0
3540,1.0000,143.4503,214.8721,1.4979,0
3541,1.0000,179.6330,194.9333,1.0852,0
3542,1.0000,278.1636,305.5078,1.0983,0
3543,1.0000,117.5160,231.5750,1.9706,0
3544,0.7000,237.6047,260.3306,1.0956,0
3545,1.0000,142.3587,219.6452,1.5429,0
3546,1.0000,107.4011,200.0500,1.8626,0
3547,1.0000,179.9556,219.6019,1.2203,0
3548,1.0000,86.8159,252.0516,2.9033,0
3549,0.9000,250.0880,288.6676,1.1543,0
3550,1.0000,185.3456,222.0586,1.1981,0
3551,1.0000,117.3158,200.4944,1.7090,0
3552,0.9000,91.8804,104.4079,1.1363,0
3553,1.0000,235.1255,261.6180,1.1127,0
3554,0.9000,169.3192,243.2077,1.4364,0
3555,1.0000,233.8119,247.3136,1.0577,0
3556,1.0000,200.4844,221.3481,1.1041,0
3557,1.0000,263.0608,291.9606,1.1099,0
3558,1.0000,102.5475,199.1507,1.9420,0
3559,0.8000,248.1733,256.4956,1.0335,0
3560,1.0000,247.2549,276.8610,1.1197,0
3561,1.0000,197.9268,213.1009,1.0767,0
3562,1.0000,215.1883,223.7834,1.0399,0
3563,1.0000,120.4865,145.0207,1.2036,0
3564,1.0000,112.4856,203.7351,1.8112,0
3565,1.0000,121.9959,228.4272,1.8724,0
3566,1.0000,204.3624,233.2895,1.1415,0
3567,1.0000,103.3199,254.4858,2.4631,0
3568,1.0000,158.2909,262.5966,1.6590,0
3569,1.0000,152.5549,230.2216,1.5091,0
3570,1.0000,174.0977,266.1259,1.5286,0
3571,1.0000,135.4031,204.9415,1.5136,0
3572,1.0000,114.5731,204.4798,1.7847,0
3573,1.0000,224.3591,232.5511,1.0365,0
3574,1.0000,211.6152,227.6093,1.0756,0
3575,1.0000,139.8070,241.6982,1.7288,0
3576,1.0000,182.7156,208.8325,1.1429,0
3577,1.0000,233.0086,258.8648,1.1110,0
3578,1.0000,222.2814,242.2499,1.0898,0
3579,1.0000,184.4044,202.3388,1.0973,0
3580,1.0000,171.3739,250.6871,1.4628,0
3581,1.0000,176.4738,253.2212,1.4349,0
3582,1.0000,155.6888,172.5630,1.1084,0
3583,1.0000,120.6027,213.0821,1.7668,0
3584,1.0000,165.0485,193.2253,1.1707,0
3585,1.0000,219.5974,230.2651,1.0486,0
3586,1.0000,275.3707,284.0863,1.0317,0
3587,1.0000,105.8915,181.4277,1.7133,0
3588,1.0000,223.4525,244.4831,1.0941,0
3589,1.0000,269.7740,286.4001,1.0616,0
3590,1.0000,240.6782,254.2754,1.0565,0
3591,1.0000,157.4452,290.9399,1.8479,0
3592,0.9000,144.2567,216.9608,1.5040,0
3593,1.0000,246.7529,294.3331,1.1928,0
3594,1.0000,80.3119,176.7343,2.2006,0
3595,1.0000,260.4400,265.5861,1.0198,0
3596,1.0000,232.3037,286.6409,1.2339,0
3597,1.0000,95.3625,215.2231,2.2569,0
3598,1.0000,62.8252,122.9634,1.9572,0
3599,1.0000,232.1594,285.1368,1.2282,0
3600,1.0000,141.5415,239.7686,1.6940,0
3601,1.0000,208.7391,228.7837,1.0960,0
3602,1.0000,164.7149,280.1964,1.7011,0
3603,1.0000,245.0041,272.5014,1.1122,0
3604,0.8000,101.6661,253.0020,2.4886,0
3605,0.7000,194.5867,211.2297,1.0855,0
3606,1.0000,107.4988,211.6058,1.9684,0
3607,1.0000,124.0887,233.1352,1.8788,0
3608,1.0000,221.8220,256.2343,1.1551,0
3609,1.0000,218.9498,247.7781,1.1317,0
3610,0.9000,243.1378,281.4143,1.1574,0
3611,0.8000,209.9905,219.0457,1.0431,0
3612,1.0000,207.0507,246.8238,1.1921,0
3613,1.0000,86.6776,222.9282,2.5719,0
3614,0.6000,203.9093,250.0160,1.2261,0
3615,1.0000,101.3509,228.1600,2.2512,0
3616,1.0000,168.6060,190.2945,1.1286,0
3617,1.0000,242.4087,263.8011,1.0882,0
3618,1.0000,124.9520,144.2532,1.1545,0
3619,1.0000,207.0869,229.0371,1.1060,0
3620,0.9000,162.7360,197.3297,1.2126,0
3621,1.0000,178.0955,205.7523,1.1553,0
3622,1.0000,234.9745,246.6637,1.0497,0
3623,1.0000,126.4081,149.5527,1.1831,0
3624,1.0000,170.8391,188.5099,1.1034,0
3625,1.0000,185.9301,197.0178,1.0596,0
3626,0.9000,212.1085,226.6583,1.0686,0
3627,1.0000,186.1424,193.4606,1.0393,0
3628,1.0000,211.8207,230.0652,1.0861,0
3629,1.0000,155.0161,178.7792,1.1533,0
3630,0.9000,218.8424,233.0000,1.0647,0
3631,1.0000,163.7223,183.5484,1.1211,0
3632,1.0000,197.4487,226.7135,1.1482,0
3633,1.0000,88.7243,126.8542,1.4298,0
3634,0.9000,245.7010,260.0077,1.0582,0
3635,1.0000,175.1342,186.1934,1.0631,0
3636,1.0000,159.4020,174.3072,1.0935,0
3637,0.9000,162.1666,172.3195,1.0626,0
3638,1.0000,161.5983,203.9951,1.2624,0
3639,1.0000,233.4159,248.9116,1.0664,0
3640,1.0000,208.8277,233.7028,1.1191,0
3641,0.8000,215.7591,245.0857,1.1359,0
3642,0.9000,176.5389,211.3575,1.1972,0
3643,1.0000,195.9184,227.8442,1.1630,0
3644,1.0000,172.2005,197.9065,1.1493,0
3645,1.0000,176.6296,212.0802,1.2007,0
3646,1.0000,166.7213,201.2486,1.2071,0
3647,1.0000,241.4229,260.1576,1.0776,0
3648,1.0000,217.8279,242.7921,1.1146,0
3649,1.0000,182.6609,205.9903,1.1277,0
3650,1.0000,241.1141,274.4030,1.1381,0
3651,1.0000,194.1572,204.5018,1.0533,0
3652,1.0000,231.1666,268.8885,1.1632,0
3653,1.0000,209.7761,249.8199,1.1909,0
3654,0.9000,200.1649,210.4638,1.0515,0
3655,1.0000,246.7326,259.1544,1.0503,0
3656,0.9000,234.0363,253.1403,1.0816,0
3657,1.0000,159.0755,192.1224,1.2077,0
3658,1.0000,95.7758,123.3613,1.2880,0
3659,1.0000,209.6926,242.8086,1.1579,0
3660,0.9000,241.0871,257.6141,1.0686,0
3661,1.0000,120.8180,143.9931,1.1918,0
3662,1.0000,210.4091,243.6452,1.1580,0
3663,1.0000,133.3342,153.3460,1.1501,0
3664,1.0000,162.1327,190.9084,1.1775,0
3665,1.0000,195.4482,206.8333,1.0583,0
3666,1.0000,218.7967,249.9880,1.1426,0
3667,1.0000,225.7897,232.5640,1.0300,0
3668,1.0000,164.6420,177.7048,1.0793,0
3669,1.0000,185.3996,206.5769,1.1142,0
3670,1.0000,219.3855,233.4052,1.0639,0
3671,0.9000,216.5595,246.9757,1.1405,0
3672,1.0000,204.4285,230.9026,1.1295,0
3673,1.0000,148.6405,172.8381,1.1628,0
3674,1.0000,172.3717,207.7426,1.2052,0
3675,1.0000,198.1817,223.3361,1.1269,0
3676,1.0000,162.3484,205.7669,1.2674,0
3677,0.9000,223.9643,248.5257,1.1097,0
3678,0.9000,271.6947,284.7209,1.0479,0
3679,1.0000,146.7651,167.8571,1.1437,0
3680,1.0000,219.1871,230.6621,1.0524,0
3681,0.9000,254.2518,276.6894,1.0882,0
3682,1.0000,198.1035,214.8325,1.0844,0
3683,1.0000,157.0382,178.6113,1.1374,0
3684,1.0000,235.1893,251.6307,1.0699,0
3685,1.0000,264.3199,291.9777,1.1046,0
3686,1.0000,225.0533,248.8554,1.1058,0
3687,1.0000,216.6887,236.4868,1.0914,0
3688,1.0000,179.3405,189.1983,1.0550,0
3689,1.0000,152.3778,177.6626,1.1659,0
3690,1.0000,179.3739,213.3565,1.1895,0
3691,0.9000,217.4764,240.9502,1.1079,0
3692,1.0000,212.6923,236.1017,1.1101,0
3693,1.0000,197.4158,231.7110,1.1737,0
3694,1.0000,232.9141,250.6192,1.0760,0
3695,1.0000,205.6696,220.7351,1.0733,0
3696,1.0000,233.5359,276.2843,1.1830,0
3697,1.0000,144.6340,236.7298,1.6368,0
3698,1.0000,278.5803,297.6021,1.0683,0
3699,0.9000,205.1292,224.4438,1.0942,0
3700,1.0000,183.6546,199.9950,1.0890,0
3701,1.0000,147.9932,177.1440,1.1970,0
3702,1.0000,135.9596,153.1078,1.1261,0
3703,1.0000,241.4456,257.5267,1.0666,0
3704,1.0000,172.4007,213.4783,1.2383,0
3705,1.0000,176.9944,203.6173,1.1504,0
3706,1.0000,228.1228,253.1265,1.1096,0
3707,1.0000,194.6176,208.7463,1.0726,0
3708,0.9000,197.7144,228.1140,1.1538,0
3709,1.0000,192.6967,238.2981,1.2366,0
3710,1.0000,195.9847,207.5669,1.0591,0
3711,1.0000,234.3480,261.1647,1.1144,0
3712,1.0000,190.8612,203.5780,1.0666,0
3713,1.0000,226.7047,239.6497,1.0571,0
3714,1.0000,217.0691,247.4409,1.1399,0
3715,1.0000,168.9023,184.3828,1.0917,0
3716,1.0000,247.7902,268.8624,1.0850,0
3717,0.9000,176.7343,228.7378,1.2942,0
3718,1.0000,125.4193,175.9545,1.4029,0
3719,1.0000,224.2833,241.2778,1.0758,0
3720,1.0000,287.7482,319.9484,1.1119,0
3721,1.0000,188.6505,206.2111,1.0931,0
3722,1.0000,188.8597,216.8202,1.1480,0
3723,1.0000,210.3045,232.2283,1.1042,0
3724,0.5000,244.2908,269.1041,1.1016,0
3725,1.0000,168.7957,183.3521,1.0862,0
3726,1.0000,184.8215,212.8004,1.1514,0
3727,1.0000,219.1963,234.9404,1.0718,0
3728,0.9000,219.6247,240.4038,1.0946,0
3729,1.0000,173.2570,188.3029,1.0868,0
3730,0.8000,217.5109,235.1276,1.0810,0
3731,1.0000,174.7942,195.2972,1.1173,0
3732,1.0000,142.6780,201.1616,1.4099,0
3733,1.0000,172.9798,215.7151,1.2471,0
3734,1.0000,210.6537,238.3254,1.1314,0
3735,0.7000,243.5570,253.1344,1.0393,0
3736,1.0000,170.9825,182.9918,1.0702,0
3737,1.0000,154.6932,170.0941,1.0996,0
3738,0.9000,199.9900,216.3493,1.0818,0
3739,1.0000,292.4637,315.8813,1.0801,0
3740,1.0000,148.7884,172.9162,1.1622,0
3741,0.9000,190.7302,264.1950,1.3852,0
3742,0.8000,184.6158,248.7247,1.3473,0
3743,1.0000,118.5074,210.7890,1.7787,0
3744,1.0000,225.0244,252.3153,1.1213,0
3745,1.0000,144.1076,164.0366,1.1383,0
3746,1.0000,137.8115,237.4047,1.7227,0
3747,1.0000,206.5212,225.8074,1.0934,0
3748,0.7000,267.4248,284.2235,1.0628,0
3749,0.9000,151.1158,168.8105,1.1171,0
3750,0.9000,196.6774,210.9479,1.0726,0
3751,1.0000,157.7213,175.8465,1.1149,0
3752,1.0000,194.1391,267.4435,1.3776,0
3753,1.0000,130.4224,215.9606,1.6559,0
3754,1.0000,171.8720,186.3894,1.0845,0
3755,1.0000,236.8797,251.1971,1.0604,0
3756,1.0000,158.9654,195.5377,1.2301,0
3757,1.0000,181.5461,204.5776,1.1269,0
3758,0.9000,190.5413,232.6328,1.2209,0
3759,1.0000,141.5450,190.4180,1.3453,0
3760,1.0000,235.8495,250.8685,1.0637,0
3761,1.0000,214.6765,231.5319,1.0785,0
3762,1.0000,200.7860,220.3316,1.0973,0
3763,1.0000,183.7417,209.2725,1.1389,0
3764,0.9000,155.5988,252.2221,1.6210,0
3765,0.9000,188.5656,210.2736,1.1151,0
3766,0.9000,230.0761,258.7586,1.1247,0
3767,0.8000,197.7777,234.9617,1.1880,0
3768,0.9000,213.3120,259.8115,1.2180,0
3769,1.0000,263.5204,279.8482,1.0620,0
3770,1.0000,152.1611,190.5072,1.2520,0
3771,0.9000,224.6553,238.5959,1.0621,0
3772,1.0000,214.3362,250.1420,1.1671,0
3773,1.0000,185.2053,204.4309,1.1038,0
3774,1.0000,215.0791,239.2906,1.1126,0
3775,1.0000,233.9979,245.1224,1.0475,0
3776,1.0000,146.1164,159.4396,1.0912,0
3777,0.8000,217.4948,229.3055,1.0543,0
3778,1.0000,221.4769,231.7585,1.0464,0
3779,1.0000,224.1339,239.4723,1.0684,0
3780,0.9000,228.1009,254.7469,1.1168,0
3781,1.0000,217.9404,250.3458,1.1487,0
3782,1.0000,239.9896,266.0996,1.1088,0
3783,1.0000,199.3640,227.8355,1.1428,0
3784,1.0000,165.3118,195.3919,1.1820,0
3785,1.0000,233.2166,247.0789,1.0594,0
3786,1.0000,232.9442,260.9119,1.1201,0
3787,1.0000,175.4337,221.1040,1.2603,0
3788,1.0000,264.6507,275.8152,1.0422,0
3789,1.0000,229.6454,254.5015,1.1082,0
3790,1.0000,152.8823,168.5378,1.1024,0
3791,1.0000,196.6418,214.7277,1.0920,0
3792,1.0000,183.7063,195.8826,1.0663,0
3793,1.0000,170.0735,211.0592,1.2410,0
3794,1.0000,180.3718,198.3003,1.0994,0
3795,0.9000,201.9629,211.3291,1.0464,0
3796,1.0000,185.4400,232.7724,1.2552,0
3797,1.0000,102.7035,178.3788,1.7368,0
3798,1.0000,82.0610,183.7988,2.2398,0
3799,1.0000,103.7834,181.2347,1.7463,0
3800,1.0000,217.1060,265.3036,1.2220,0
3801,1.0000,75.0400,92.1846,1.2285,0
3802,0.9000,261.8186,280.5263,1.0715,0
3803,1.0000,80.1249,88.8369,1.1087,0
3804,1.0000,60.6630,73.8106,1.2167,0
3805,1.0000,139.4884,216.8317,1.5545,0
3806,1.0000,221.5807,243.8873,1.1007,0
3807,1.0000,188.8836,275.0018,1.4559,0
3808,1.0000,197.5297,219.7885,1.1127,0
3809,1.0000,79.1138,218.9520,2.7676,0
3810,0.8000,149.5159,193.5149,1.2943,0
3811,0.9000,120.5819,159.5337,1.3230,0
3812,0.9000,146.2976,179.1201,1.2244,0
3813,0.9000,178.5357,248.6282,1.3926,0
3814,1.0000,202.2845,223.6180,1.1055,0
3815,1.0000,155.8012,295.5199,1.8968,0
3816,1.0000,163.5298,196.7333,1.2030,0
3817,1.0000,155.4510,172.7889,1.1115,0
3818,0.8000,93.3488,216.4809,2.3191,0
3819,1.0000,63.4271,80.0437,1.2620,0
3820,1.0000,121.6018,139.3377,1.1459,0
3821,1.0000,117.7285,142.8601,1.2135,0
3822,1.0000,57.7408,169.2690,2.9315,0
3823,1.0000,52.1920,81.9817,1.5708,0
3824,1.0000,69.6850,181.1215,2.5991,0
3825,1.0000,174.1350,201.9406,1.1597,0
3826,1.0000,145.8218,209.3538,1.4357,0
3827,1.0000,69.0217,192.4370,2.7881,0
3828,1.0000,192.1198,227.2664,1.1829,0
3829,0.9000,220.4518,240.9876,1.0932,0
3830,1.0000,82.5409,175.9687,2.1319,0
3831,1.0000,72.6498,103.5036,1.4247,0
3832,1.0000,182.4966,278.9337,1.5284,0
3833,1.0000,141.0390,196.3695,1.3923,0
3834,1.0000,55.0545,72.0139,1.3080,0
3835,1.0000,194.9974,210.7629,1.0808,0
3836,1.0000,126.8188,222.1914,1.7520,0
3837,1.0000,94.1701,112.5877,1.1956,0
3838,1.0000,209.8309,239.3115,1.1405,0
3839,1.0000,64.3817,83.2286,1.2927,0
3840,1.0000,61.4410,226.2145,3.6818,0
3841,1.0000,148.1081,182.6335,1.2331,0
3842,1.0000,113.4813,135.8050,1.1967,0
3843,1.0000,61.2291,171.7644,2.8053,0
3844,1.0000,106.9907,153.2416,1.4323,0
3845,1.0000,242.8086,254.0925,1.0465,0
3846,1.0000,76.2102,87.4757,1.1478,0
3847,1.0000,145.3375,243.7868,1.6774,0
3848,1.0000,154.7126,232.3187,1.5016,0
3849,1.0000,151.4332,172.8352,1.1413,0
3850,1.0000,124.7357,148.5025,1.1905,0
3851,0.9000,82.8070,199.0804,2.4041,0
3852,1.0000,116.0474,157.3499,1.3559,0
3853,1.0000,55.5788,61.1146,1.0996,0
3854,1.0000,109.8408,173.9684,1.5838,0
3855,1.0000,84.2793,256.6768,3.0456,0
3856,1.0000,123.3045,151.1390,1.2257,0
3857,1.0000,200.8084,230.8073,1.1494,0
3858,0.8000,217.0046,253.3851,1.1676,0
3859,1.0000,141.9437,161.4094,1.1371,0
3860,1.0000,62.3378,80.1935,1.2864,0
3861,1.0000,143.6454,214.3222,1.4920,0
3862,1.0000,116.3916,183.1557,1.5736,0
3863,1.0000,117.4393,225.2709,1.9182,0
3864,1.0000,160.4743,198.6907,1.2381,0
3865,1.0000,156.7291,222.7398,1.4212,0
3866,1.0000,155.1741,185.8171,1.1975,0
3867,1.0000,77.6402,138.9568,1.7898,0
3868,1.0000,227.6357,247.4348,1.0870,0
3869,0.9000,308.9417,323.7916,1.0481,0
3870,1.0000,135.0370,241.0373,1.7850,0
3871,1.0000,87.3957,279.9303,3.2030,0
3872,0.8000,202.8916,230.2108,1.1346,0
3873,1.0000,140.4066,193.6543,1.3792,0
3874,1.0000,254.7764,283.3620,1.1122,0
3875,1.0000,57.9396,180.8259,3.1209,0
3876,1.0000,133.3679,173.5454,1.3013,0
3877,1.0000,77.8845,90.5539,1.1627,0
3878,1.0000,65.8179,235.2552,3.5743,0
3879,1.0000,164.7210,221.1696,1.3427,0
3880,1.0000,119.8290,131.5333,1.0977,0
3881,1.0000,136.7808,151.0364,1.1042,0
3882,1.0000,176.1278,203.5854,1.1559,0
3883,1.0000,153.4601,171.2980,1.1162,0
3884,1.0000,149.7899,163.4931,1.0915,0
3885,1.0000,178.7372,192.7408,1.0783,0
3886,1.0000,201.3430,218.7350,1.0864,0
3887,1.0000,204.3942,230.0978,1.1258,0
3888,1.0000,231.1990,250.3997,1.0830,0
3889,1.0000,136.6016,163.5115,1.1970,0
3890,1.0000,146.6117,188.7432,1.2874,0
3891,1.0000,211.0711,228.6395,1.0832,0
3892,1.0000,175.6787,191.4654,1.0899,0
3893,1.0000,180.1638,193.4399,1.0737,0
3894,1.0000,207.9856,233.9231,1.1247,0
3895,1.0000,269.6850,288.3765,1.0693,0
3896,1.0000,225.4063,244.2171,1.0835,0
3897,1.0000,193.3313,207.7763,1.0747,0
3898,1.0000,197.3347,202.3784,1.0256,0
3899,1.0000,147.1564,171.7382,1.1670,0
3900,1.0000,152.5287,175.3169,1.1494,0
3901,1.0000,186.7619,216.7487,1.1606,0
3902,1.0000,225.6036,234.0790,1.0376,0
3903,1.0000,135.4732,168.9349,1.2470,0
3904,1.0000,179.4408,214.7301,1.1967,0
3905,1.0000,171.3418,196.2677,1.1455,0
3906,1.0000,197.7144,217.4649,1.0999,0
3907,1.0000,165.5808,217.1635,1.3115,0
3908,1.0000,253.2982,290.0172,1.1450,0
3909,1.0000,100.6578,118.8655,1.1809,0
3910,1.0000,161.3103,210.3925,1.3043,0
3911,1.0000,200.2099,232.3898,1.1607,0
3912,1.0000,211.8891,260.8486,1.2311,0
3913,1.0000,169.7027,195.1333,1.1499,0
3914,1.0000,155.2772,192.2966,1.2384,0
3915,0.9000,212.3040,226.0885,1.0649,0
3916,1.0000,234.5805,258.9942,1.1041,0
3917,0.8000,174.4735,209.4827,1.2007,0
3918,1.0000,182.9399,215.4112,1.1775,0
3919,0.9000,183.0819,233.1995,1.2737,0
3920,1.0000,249.0703,278.8458,1.1195,0
3921,1.0000,159.9469,198.9598,1.2439,0
3922,1.0000,105.8962,121.9672,1.1518,0
3923,1.0000,176.4029,224.2699,1.2714,0
3924,1.0000,139.3090,161.3939,1.1585,0
3925,1.0000,107.6104,127.9844,1.1893,0
3926,1.0000,243.8832,269.5459,1.1052,0
3927,1.0000,140.7658,180.4855,1.2822,0
3928,1.0000,201.4100,226.5877,1.1250,0
3929,1.0000,157.9968,180.8038,1.1444,0
3930,1.0000,149.8800,168.6713,1.1254,0
3931,1.0000,176.4738,200.8183,1.1379,0
3932,1.0000,69.7854,77.5758,1.1116,0
3933,0.9000,210.4614,224.2298,1.0654,0
3934,0.9000,186.6708,201.9530,1.0819,0
3935,1.0000,134.2088,174.9286,1.3034,0
3936,1.0000,175.4765,212.4688,1.2108,0
3937,1.0000,182.6034,196.3364,1.0752,0
3938,1.0000,184.0380,202.3141,1.0993,0
3939,1.0000,185.9489,240.2103,1.2918,0
3940,1.0000,273.7408,288.0521,1.0523,0
3941,1.0000,177.8089,223.1479,1.2550,0
3942,1.0000,175.9801,198.4843,1.1279,0
3943,0.9000,223.5106,237.1265,1.0609,0
3944,0.9000,198.0354,221.6100,1.1190,0
3945,0.9000,199.7023,226.5304,1.1343,0
3946,1.0000,197.4411,202.8990,1.0276,0
3947,0.8000,239.9833,259.5111,1.0814,0
3948,1.0000,137.7897,161.4435,1.1717,0
3949,1.0000,220.7918,239.7686,1.0859,0
3950,1.0000,115.4426,141.3223,1.2242,0
3951,1.0000,154.7934,176.1760,1.1381,0
3952,1.0000,149.5694,158.9528,1.0627,0
3953,1.0000,208.2186,233.1502,1.1197,0
3954,1.0000,209.0048,220.6286,1.0556,0
3955,1.0000,205.2364,214.7161,1.0462,0
3956,1.0000,95.8697,131.2174,1.3687,0
3957,0.9000,208.9258,231.0346,1.1058,0
3958,1.0000,182.1757,200.6589,1.1015,0
3959,1.0000,172.5022,188.4277,1.0923,0
3960,1.0000,166.8442,209.3275,1.2546,0
3961,1.0000,210.8032,237.5963,1.1271,0
3962,1.0000,229.0764,253.4364,1.1063,0
3963,1.0000,174.3904,186.4779,1.0693,0
3964,1.0000,196.9086,228.6438,1.1612,0
3965,1.0000,193.9304,207.2945,1.0689,0
3966,1.0000,197.4867,215.5249,1.0913,0
3967,1.0000,198.0555,214.4668,1.0829,0
3968,1.0000,237.2846,259.2663,1.0926,0
3969,1.0000,253.0534,282.8480,1.1177,0
3970,1.0000,200.7909,212.1650,1.0566,0
3971,0.9000,218.6367,236.0551,1.0797,0
3972,1.0000,236.0911,249.7499,1.0579,0
3973,1.0000,217.1935,237.5710,1.0938,0
3974,1.0000,137.9783,175.3653,1.2710,0
3975,0.9000,269.5700,322.9226,1.1979,0
3976,1.0000,170.1058,183.1993,1.0770,0
3977,0.9000,220.2135,232.4543,1.0556,0
3978,1.0000,251.2529,282.8904,1.1259,0
3979,1.0000,202.8990,217.2372,1.0707,0
3980,1.0000,196.4154,219.2236,1.1161,0
3981,1.0000,205.6915,227.9232,1.1081,0
3982,1.0000,169.0946,179.2763,1.0602,0
3983,1.0000,237.6405,262.0668,1.1028,0
3984,1.0000,238.9561,271.1236,1.1346,0
3985,1.0000,171.3097,190.9817,1.1148,0
3986,1.0000,147.8513,169.6732,1.1476,0
3987,1.0000,199.2636,222.5579,1.1169,0
3988,1.0000,245.8556,257.9748,1.0493,0
3989,1.0000,183.0000,201.2362,1.0997,0
3990,0.9000,237.9643,266.2480,1.1189,0
3991,1.0000,214.5134,235.6523,1.0985,0
3992,0.8000,218.0986,249.5135,1.1440,0
3993,0.9000,223.5375,252.6401,1.1302,0
3994,1.0000,201.9381,212.6946,1.0533,0
3995,1.0000,165.4056,194.5328,1.1761,0
3996,1.0000,178.9274,195.9209,1.0950,0
3997,0.7000,209.8738,231.8728,1.1048,0
3998,0.9000,209.6187,229.1462,1.0932,0
3999,1.0000,232.7574,250.7947,1.0775,0
4000,1.0000,175.5021,191.1413,1.0891,0
4001,1.0000,252.6796,284.5997,1.1263,0
4002,1.0000,119.8249,155.4895,1.2976,0
4003,1.0000,174.0287,215.1023,1.2360,0
4004,1.0000,209.8928,220.5493,1.0508,0
4005,1.0000,174.6454,210.0762,1.2029,0
4006,1.0000,130.9695,149.5894,1.1422,0
4007,1.0000,199.3615,207.7306,1.0420,0
4008,1.0000,140.5809,154.5704,1.0995,0
4009,1.0000,168.8372,200.0375,1.1848,0
4010,1.0000,145.9863,162.7298,1.1147,0
4011,1.0000,159.8843,187.9787,1.1757,0
4012,1.0000,235.3126,254.3069,1.0807,0
4013,1.0000,207.1304,229.2248,1.1067,0
4014,1.0000,158.0981,181.2981,1.1467,0
4015,1.0000,150.9139,175.7242,1.1644,0
4016,1.0000,154.3567,178.1881,1.1544,0
4017,1.0000,150.4693,172.7657,1.1482,0
4018,1.0000,118.6971,149.2984,1.2578,0
4019,1.0000,95.7340,109.4623,1.1434,0
4020,1.0000,216.8848,255.4291,1.1777,0
4021,1.0000,164.9485,191.7707,1.1626,0
4022,1.0000,220.0341,252.5886,1.1480,0
4023,1.0000,237.9096,280.4889,1.1790,0
4024,1.0000,179.1089,228.0877,1.2735,0
4025,1.0000,183.4884,210.6751,1.1482,0
4026,1.0000,49.6790,56.7891,1.1431,0
4027,1.0000,47.8539,64.6607,1.3512,0
4028,1.0000,144.5579,161.2917,1.1158,0
4029,0.9000,280.0571,308.5952,1.1019,0
4030,1.0000,246.6577,274.5979,1.1133,0
4031,1.0000,233.9679,263.2470,1.1251,0
4032,1.0000,79.3788,93.3059,1.1755,0
4033,1.0000,180.1111,224.8244,1.2483,0
4034,1.0000,114.8521,196.1556,1.7079,0
4035,1.0000,201.0050,257.2353,1.2797,0
4036,1.0000,95.3153,148.0270,1.5530,0
4037,1.0000,193.8350,228.2718,1.1777,0
4038,1.0000,159.3549,176.5446,1.1079,0
4039,1.0000,140.3139,155.2031,1.1061,0
4040,1.0000,164.2285,191.4785,1.1659,0
4041,1.0000,173.7182,202.6549,1.1666,0
4042,0.9000,174.1924,192.0599,1.1026,0
4043,1.0000,243.1748,276.0743,1.1353,0
4044,1.0000,164.9636,180.1027,1.0918,0
4045,1.0000,170.7513,194.1623,1.1371,0
4046,1.0000,161.7374,198.5422,1.2276,0
4047,1.0000,192.0365,218.9383,1.1401,0
4048,1.0000,121.7005,136.8430,1.1244,0
4049,1.0000,192.3226,205.4045,1.0680,0
4050,1.0000,214.7324,249.8139,1.1634,0
4051,1.0000,142.7901,167.3708,1.1721,0
4052,0.7000,186.0779,195.0128,1.0480,0
4053,1.0000,184.9568,215.1604,1.1633,0
4054,1.0000,131.6397,150.0500,1.1399,0
4055,1.0000,189.9842,205.9126,1.0838,0
4056,1.0000,169.1124,177.5556,1.0499,0
4057,1.0000,135.6060,155.1580,1.1442,0
4058,1.0000,279.3671,297.4122,1.0646,0
4059,1.0000,140.6592,159.8843,1.1367,0
4060,1.0000,210.2189,223.6157,1.0637,0
4061,1.0000,146.1472,152.6106,1.0442,0
4062,1.0000,203.3126,227.3543,1.1183,0
4063,1.0000,221.0204,250.6811,1.1342,0
4064,0.8000,254.1791,290.8659,1.1443,0
4065,1.0000,155.5796,168.6980,1.0843,0
4066,1.0000,191.5568,212.7134,1.1104,0
4067,0.9000,238.9393,263.3439,1.1021,0
4068,1.0000,255.7557,272.6591,1.0661,0
4069,1.0000,256.6963,271.2471,1.0567,0
4070,1.0000,183.6709,212.0731,1.1546,0
4071,0.8000,232.6628,249.2027,1.0711,0
4072,1.0000,246.1585,263.4654,1.0703,0
4073,0.8000,215.0535,233.1823,1.0843,0
4074,1.0000,185.3888,208.2955,1.1236,0
4075,1.0000,178.1376,231.7671,1.3011,0
4076,1.0000,228.9760,255.0392,1.1138,0
4077,1.0000,122.3233,140.2462,1.1465,0
4078,0.7000,240.8236,268.8829,1.1165,0
4079,1.0000,160.1624,182.5760,1.1399,0
4080,1.0000,189.6629,215.4669,1.1361,0
4081,1.0000,139.5564,178.5273,1.2792,0
4082,1.0000,203.4257,225.1622,1.1069,0
4083,1.0000,193.0466,241.2136,1.2495,0
4084,1.0000,190.4390,202.2820,1.0622,0
4085,0.9000,197.4411,225.6901,1.1431,0
4086,1.0000,245.7417,268.8643,1.0941,0
4087,1.0000,171.0819,206.2523,1.2056,0
4088,1.0000,134.7739,150.3363,1.1155,0
4089,1.0000,230.9264,263.4768,1.1410,0
4090,1.0000,222.1171,258.4086,1.1634,0
4091,1.0000,160.0750,182.8907,1.1425,0
4092,1.0000,208.1057,244.9816,1.1772,0
4093,1.0000,144.0451,171.3301,1.1894,0
4094,1.0000,123.5395,153.4275,1.2419,0
4095,1.0000,191.7916,206.5188,1.0768,0
4096,0.9000,265.1339,282.0195,1.0637,0
4097,1.0000,186.3545,243.1748,1.3049,0
4098,1.0000,173.2945,226.8017,1.3088,0
4099,1.0000,144.5994,207.9832,1.4383,0
4100,1.0000,185.5344,216.8294,1.1687,0
4101,0.7000,172.9046,233.1201,1.3483,0
4102,1.0000,104.6709,172.6007,1.6490,0
4103,1.0000,135.0778,181.1353,1.3410,0
4104,1.0000,155.9166,182.3047,1.1692,0
4105,1.0000,155.0871,188.7538,1.2171,0
4106,1.0000,135.0185,220.5380,1.6334,0
4107,0.9000,206.8695,229.0087,1.1070,0
4108,1.0000,78.4156,219.2442,2.7959,0
4109,1.0000,142.3165,157.8765,1.1093,0
4110,1.0000,193.3675,209.7165,1.0845,0
4111,0.9000,127.9805,179.6580,1.4038,0
4112,1.0000,177.7526,205.7134,1.1573,0
4113,1.0000,189.7867,203.5780,1.0727,0
4114,1.0000,199.3138,228.3813,1.1458,0
4115,1.0000,236.8945,257.9942,1.0891,0
4116,1.0000,177.0141,221.9797,1.2540,0
4117,1.0000,115.5725,242.9465,2.1021,0
4118,1.0000,95.1473,208.8827,2.1954,0
4119,1.0000,144.5614,172.5978,1.1939,0
4120,1.0000,188.6849,201.8960,1.0700,0
4121,0.7000,198.1943,229.2989,1.1569,0
4122,1.0000,168.1933,221.5671,1.3173,0
4123,1.0000,194.9256,219.5860,1.1265,0
4124,1.0000,190.5702,221.0294,1.1598,0
4125,1.0000,211.7924,233.3431,1.1018,0
4126,1.0000,190.0579,214.7813,1.1301,0
4127,1.0000,90.5373,221.4159,2.4456,0
4128,1.0000,213.4690,241.6692,1.1321,0
4129,0.8000,252.4223,274.7890,1.0886,0
4130,1.0000,160.6113,187.9149,1.1700,0
4131,1.0000,243.1070,257.3713,1.0587,0
4132,1.0000,174.0977,239.6560,1.3766,0
4133,1.0000,116.0172,201.7895,1.7393,0
4134,0.9000,109.2108,221.1674,2.0251,0
4135,1.0000,175.0086,274.7544,1.5699,0
4136,1.0000,46.3141,234.2627,5.0581,0
4137,1.0000,207.2559,254.1948,1.2265,0
4138,1.0000,145.3479,232.1745,1.5974,0
4139,1.0000,243.7970,256.0078,1.0501,0
4140,0.9000,259.4629,296.3545,1.1422,0
4141,1.0000,216.2915,238.9812,1.1049,0
4142,1.0000,201.7845,227.8201,1.1290,0
4143,1.0000,213.4034,244.1106,1.1439,0
4144,0.9000,216.8363,238.2730,1.0989,0
4145,1.0000,228.6591,252.7212,1.1052,0
4146,1.0000,194.8846,223.4815,1.1467,0
4147,1.0000,66.4003,212.3864,3.1986,0
4148,1.0000,274.5433,291.9366,1.0634,0
4149,1.0000,162.1512,193.9020,1.1958,0
4150,1.0000,242.0764,269.0427,1.1114,0
4151,1.0000,48.2701,199.9225,4.1417,0
4152,0.8000,155.5506,254.2971,1.6348,0
4153,1.0000,225.6391,263.2641,1.1667,0
4154,1.0000,148.5833,201.7845,1.3581,0
4155,1.0000,189.0661,207.3765,1.0968,0
4156,1.0000,127.1928,176.5446,1.3880,0
4157,1.0000,236.8860,266.7040,1.1259,0
4158,0.8000,220.4019,232.3553,1.0542,0
4159,1.0000,176.5701,201.1318,1.1391,0
4160,1.0000,205.1853,245.5137,1.1965,0
4161,0.5000,276.9910,297.3264,1.0734,0
4162,1.0000,206.1771,249.1787,1.2086,0
4163,1.0000,195.5582,209.1865,1.0697,0
4164,1.0000,250.9382,265.4487,1.0578,0
4165,1.0000,159.0000,252.0020,1.5849,0
4166,0.9000,241.7561,254.8941,1.0543,0
4167,1.0000,211.7924,230.4647,1.0882,0
4168,0.9000,213.7475,234.5251,1.0972,0
4169,1.0000,176.3264,191.9479,1.0886,0
4170,1.0000,197.7473,237.5584,1.2013,0
4171,0.8000,216.4879,238.4009,1.1012,0
4172,1.0000,242.3056,264.7735,1.0927,0
4173,1.0000,223.0583,259.8442,1.1649,0
4174,0.8000,260.0884,271.6174,1.0443,0
4175,0.9000,267.9963,293.7261,1.0960,0
4176,1.0000,221.5852,261.6505,1.1808,0
4177,1.0000,156.1538,267.4883,1.7130,0
4178,1.0000,223.9286,245.6949,1.0972,0
4179,0.9000,163.7651,278.1582,1.6985,0
4180,1.0000,227.2972,258.5053,1.1373,0
4181,1.0000,180.5159,225.1089,1.2470,0
4182,1.0000,91.4604,174.4735,1.9076,0
4183,1.0000,115.5638,237.5416,2.0555,0
4184,0.8000,224.2878,240.2852,1.0713,0
4185,1.0000,223.9152,259.2277,1.1577,0
4186,1.0000,248.1471,265.5052,1.0700,0
4187,1.0000,188.2312,264.3520,1.4044,0
4188,1.0000,211.8183,281.1405,1.3273,0
4189,1.0000,183.9130,274.0730,1.4902,0
4190,1.0000,140.9326,257.5345,1.8274,0
4191,1.0000,154.0941,248.9116,1.6153,0
4192,1.0000,130.2805,246.9939,1.8959,0
4193,1.0000,203.4871,227.6510,1.1187,0
4194,0.9000,97.0309,196.4917,2.0250,0
4195,1.0000,213.6469,252.6638,1.1826,0
4196,0.9000,255.9512,274.8763,1.0739,0
4197,1.0000,253.7932,273.6896,1.0784,0
4198,0.8000,234.1453,246.1260,1.0512,0
4199,1.0000,220.2499,238.6965,1.0838,0
4200,0.6000,241.1410,271.5124,1.1259,0
4201,1.0000,244.3338,262.9715,1.0763,0
4202,1.0000,168.6268,190.6017,1.1303,0
4203,1.0000,264.6356,289.6601,1.0946,0
4204,1.0000,61.8466,177.8988,2.8765,0
4205,0.9000,164.3350,224.6019,1.3667,0
4206,1.0000,200.1300,238.5561,1.1920,0
4207,1.0000,198.1691,223.9286,1.1300,0
4208,1.0000,92.9247,118.7561,1.2780,0
4209,1.0000,162.2344,182.3047,1.1237,0
4210,1.0000,210.9431,232.9850,1.1045,0
4211,1.0000,168.1814,182.4144,1.0846,0
4212,1.0000,214.7254,243.9344,1.1360,0
4213,0.8000,197.2562,249.0703,1.2627,0
4214,0.9000,202.2622,226.2145,1.1184,0
4215,0.6000,227.4093,254.0787,1.1173,0
4216,1.0000,172.9162,202.5537,1.1714,0
4217,0.9000,222.2769,243.0946,1.0937,0
4218,0.9000,247.3500,269.3455,1.0889,0
4219,1.0000,84.5813,89.8944,1.0628,0
4220,1.0000,185.5424,201.1144,1.0839,0
4221,0.8000,171.9564,270.5587,1.5734,0
4222,1.0000,143.0175,163.4656,1.1430,0
4223,1.0000,171.7935,198.2877,1.1542,0
4224,1.0000,197.3145,225.5482,1.1431,0
4225,1.0000,207.3379,244.7632,1.1805,0
4226,0.8000,259.6671,276.4833,1.0648,0
4227,1.0000,142.0774,260.7738,1.8354,0
4228,1.0000,152.6401,169.8028,1.1124,0
4229,1.0000,166.0723,197.7549,1.1908,0
4230,1.0000,165.0818,217.9059,1.3200,0
4231,1.0000,222.4118,249.1566,1.1202,0
4232,0.9000,199.3389,209.4159,1.0506,0
4233,1.0000,65.9469,212.3841,3.2205,0
4234,1.0000,133.3267,205.4799,1.5412,0
4235,1.0000,156.5599,179.1898,1.1445,0
4236,1.0000,191.2119,218.7236,1.1439,0
4237,1.0000,99.0404,176.0710,1.7778,0
4238,0.7000,191.4262,217.8463,1.1380,0
4239,0.9000,171.2104,219.8090,1.2839,0
4240,1.0000,148.3375,166.4272,1.1219,0
4241,0.9000,214.8325,257.0078,1.1963,0
4242,1.0000,203.8455,213.2651,1.0462,0
4243,1.0000,189.8578,203.9926,1.0744,0
4244,1.0000,173.5367,193.7498,1.1165,0
4245,1.0000,205.3168,276.5502,1.3469,0
4246,0.8000,185.1729,239.2279,1.2919,0
4247,1.0000,93.8083,142.8461,1.5227,0
4248,1.0000,174.4678,213.7335,1.2251,0
4249,1.0000,177.4711,212.2522,1.1960,0
4250,1.0000,106.5035,220.0591,2.0662,0
4251,1.0000,228.6351,259.8673,1.1366,0
4252,1.0000,195.4021,214.1285,1.0958,0
4253,0.9000,199.8099,228.8012,1.1451,0
4254,1.0000,176.6805,192.5850,1.0900,0
4255,1.0000,252.3410,278.9552,1.1055,0
4256,0.9000,202.3388,224.0201,1.1072,0
4257,1.0000,190.5466,196.8959,1.0333,0
4258,1.0000,200.1874,226.9692,1.1338,0
4259,0.8000,181.5682,196.9619,1.0848,0
4260,1.0000,230.0348,257.2528,1.1183,0
4261,0.9000,209.9190,228.1381,1.0868,0
4262,0.9000,216.9078,230.3693,1.0621,0
4263,1.0000,176.3519,194.4299,1.1025,0
4264,1.0000,156.8247,185.2134,1.1810,0
4265,0.9000,200.1325,220.6286,1.1024,0
4266,1.0000,87.7667,114.9348,1.3095,0
4267,1.0000,120.1166,172.6702,1.4375,0
4268,0.9000,193.9588,239.2802,1.2337,0
4269,1.0000,188.5338,243.8647,1.2935,0
4270,1.0000,182.6363,213.2463,1.1676,0
4271,0.9000,200.0300,234.4888,1.1723,0
4272,1.0000,112.9159,178.4237,1.5801,0
4273,1.0000,75.0999,189.0767,2.5177,0
4274,0.9000,200.7760,214.7953,1.0698,0
4275,1.0000,162.7913,199.6221,1.2262,0
4276,1.0000,172.3456,261.1590,1.5153,0
4277,1.0000,148.4655,161.6416,1.0887,0
4278,1.0000,84.7113,176.7456,2.0864,0
4279,1.0000,124.1048,171.5022,1.3819,0
4280,1.0000,144.9793,151.5091,1.0450,0
4281,1.0000,86.4696,199.3239,2.3051,0
4282,1.0000,122.0615,164.1463,1.3448,0
4283,1.0000,154.8515,175.2969,1.1320,0
4284,1.0000,137.7933,147.6618,1.0716,0
4285,1.0000,92.2280,178.2779,1.9330,0
4286,1.0000,198.8366,300.3614,1.5106,0
4287,1.0000,104.1057,115.2606,1.1071,0
4288,1.0000,100.8563,111.5303,1.1058,0
4289,0.9000,260.1634,275.2399,1.0580,0
4290,1.0000,216.1065,227.9956,1.0550,0
4291,0.9000,182.0275,223.5554,1.2281,0
4292,1.0000,233.6750,263.3629,1.1270,0
4293,1.0000,234.1282,264.1590,1.1283,0
4294,1.0000,63.6710,146.5879,2.3023,0
4295,1.0000,215.1162,232.3682,1.0802,0
4296,1.0000,226.4178,239.5767,1.0581,0
4297,0.9000,246.3270,255.7890,1.0384,0
4298,1.0000,236.3747,250.7608,1.0609,0
4299,1.0000,109.3298,154.8483,1.4163,0
4300,0.9000,252.7865,274.0803,1.0842,0
4301,1.0000,107.9352,236.9895,2.1957,0
4302,1.0000,115.1911,167.9792,1.4583,0
4303,1.0000,196.2906,230.3193,1.1734,0
4304,1.0000,219.5063,228.8012,1.0423,0
4305,1.0000,219.9477,237.8087,1.0812,0
4306,1.0000,190.1026,216.1712,1.1371,0
4307,1.0000,169.5199,275.4015,1.6246,0
4308,1.0000,210.6015,237.0274,1.1255,0
4309,1.0000,201.2436,226.0597,1.1233,0
4310,1.0000,241.1016,269.4791,1.1177,0
4311,1.0000,225.9513,246.0549,1.0890,0
4312,1.0000,224.6397,235.2233,1.0471,0
4313,1.0000,212.9953,225.1622,1.0571,0
4314,1.0000,195.3868,227.4335,1.1640,0
4315,1.0000,217.9862,241.4643,1.1077,0
4316,1.0000,156.7514,176.6267,1.1268,0
4317,1.0000,152.8692,178.5525,1.1680,0
4318,1.0000,179.8861,212.0118,1.1786,0
4319,1.0000,165.7287,189.9684,1.1463,0
4320,1.0000,208.7439,223.6716,1.0715,0
4321,1.0000,198.5321,214.8907,1.0824,0
4322,1.0000,223.0381,245.9695,1.1028,0
4323,1.0000,162.2868,173.7556,1.0707,0
4324,0.9000,148.4419,181.5296,1.2229,0
4325,1.0000,166.7603,194.3836,1.1656,0
4326,1.0000,231.1774,242.1879,1.0476,0
4327,1.0000,162.7360,186.9064,1.1485,0
4328,1.0000,196.8883,213.2604,1.0832,0
4329,1.0000,182.4993,222.7128,1.2203,0
4330,1.0000,209.0024,248.5880,1.1894,0
4331,0.9000,258.5498,273.0916,1.0562,0
4332,1.0000,128.6857,167.2513,1.2997,0
4333,1.0000,209.8690,230.3041,1.0974,0
4334,1.0000,223.2443,238.1365,1.0667,0
4335,1.0000,136.8284,187.7765,1.3724,0
4336,1.0000,229.3425,245.2550,1.0694,0
4337,1.0000,162.2467,176.0256,1.0849,0
4338,0.9000,191.7342,212.7933,1.1098,0
4339,1.0000,122.0819,153.3428,1.2561,0
4340,1.0000,206.2571,255.1451,1.2370,0
4341,1.0000,177.6710,185.0378,1.0415,0
4342,0.9000,291.0945,314.6522,1.0809,0
4343,0.9000,226.2034,242.5819,1.0724,0
4344,0.9000,169.8205,202.9803,1.1953,0
4345,0.9000,236.0614,250.0560,1.0593,0
4346,1.0000,168.7246,199.7599,1.1839,0
4347,1.0000,189.6418,218.7967,1.1537,0
4348,1.0000,144.6409,162.4500,1.1231,0
4349,0.9000,202.7585,225.7166,1.1132,0
4350,1.0000,220.8665,236.4107,1.0704,0
4351,0.9000,196.8019,219.8454,1.1171,0
4352,1.0000,219.8363,237.7730,1.0816,0
4353,1.0000,239.1840,264.5203,1.1059,0
4354,1.0000,120.3744,138.8128,1.1532,0
4355,1.0000,196.0791,234.8148,1.1976,0
4356,1.0000,210.6775,221.6777,1.0522,0
4357,1.0000,214.2849,238.6210,1.1136,0
4358,0.9000,245.2590,259.2913,1.0572,0
4359,1.0000,138.0290,174.6854,1.2656,0
4360,1.0000,229.7825,253.2291,1.1020,0
4361,1.0000,206.3250,230.1999,1.1157,0
4362,1.0000,201.4299,211.6577,1.0508,0
4363,1.0000,245.3202,261.8874,1.0675,0
4364,0.9000,174.5222,201.3678,1.1538,0
4365,1.0000,174.3760,188.3826,1.0803,0
4366,1.0000,131.1983,152.8856,1.1653,0
4367,1.0000,226.4597,242.1570,1.0693,0
4368,1.0000,195.8035,217.2993,1.1098,0
4369,1.0000,200.8631,228.7247,1.1387,0
4370,1.0000,207.2004,232.5081,1.1221,0
4371,1.0000,186.1236,199.5370,1.0721,0
4372,0.8000,200.9552,234.6039,1.1674,0
4373,1.0000,228.3813,255.8613,1.1203,0
4374,1.0000,203.4846,218.7899,1.0752,0
4375,1.0000,186.9358,200.7361,1.0738,0
4376,1.0000,166.6433,186.7726,1.1208,0
4377,0.9000,208.9354,236.7573,1.1332,0
4378,0.9000,281.7996,305.6305,1.0846,0
4379,1.0000,217.0737,242.9218,1.1191,0
4380,1.0000,231.1060,255.1882,1.1042,0
4381,1.0000,195.3842,219.8295,1.1251,0
4382,1.0000,228.0044,253.7991,1.1131,0
4383,1.0000,267.3705,284.3572,1.0635,0
4384,1.0000,258.7972,278.0611,1.0744,0
4385,0.9000,181.2402,199.2586,1.0994,0
4386,0.9000,204.9268,231.0866,1.1277,0
4387,1.0000,242.2003,270.8025,1.1181,0
4388,1.0000,217.1589,232.5446,1.0708,0
4389,1.0000,222.2499,244.1680,1.0986,0
4390,1.0000,210.5896,228.4469,1.0848,0
4391,0.9000,209.4541,228.5520,1.0912,0
4392,1.0000,225.9115,241.5802,1.0694,0
4393,1.0000,217.2901,232.9421,1.0720,0
4394,0.9000,228.9760,243.9980,1.0656,0
4395,1.0000,149.0403,162.5884,1.0909,0
4396,1.0000,213.9907,230.7141,1.0782,0
4397,1.0000,221.1764,240.5785,1.0877,0
4398,1.0000,259.1004,276.3693,1.0666,0
4399,1.0000,193.2822,206.1795,1.0667,0
4400,1.0000,210.2427,229.3316,1.0908,0
4401,1.0000,170.7659,188.1196,1.1016,0
4402,1.0000,242.7447,264.3785,1.0891,0
4403,1.0000,176.1817,209.8619,1.1912,0
4404,1.0000,272.6976,286.2464,1.0497,0
4405,0.9000,257.0759,277.0632,1.0777,0
4406,1.0000,218.6001,258.4608,1.1823,0
4407,1.0000,181.9231,205.0122,1.1269,0
4408,1.0000,154.3988,175.4765,1.1365,0
4409,1.0000,228.5651,252.1032,1.1030,0
4410,1.0000,161.3660,180.1166,1.1162,0
4411,1.0000,161.3072,171.0497,1.0604,0
4412,0.9000,226.5811,243.1399,1.0731,0
4413,1.0000,211.8466,239.1819,1.1290,0
4414,0.9000,205.5553,249.4895,1.2137,0
4415,0.9000,227.6027,254.9627,1.1202,0
4416,1.0000,225.8429,241.7933,1.0706,0
4417,0.9000,159.2388,182.2581,1.1446,0
4418,1.0000,152.4598,179.4408,1.1770,0
4419,0.9000,230.9784,245.6909,1.0637,0
4420,1.0000,217.7223,244.2314,1.1218,0
4421,1.0000,220.5198,255.7870,1.1599,0
4422,1.0000,187.8696,227.2070,1.2094,0
4423,1.0000,207.8293,236.8206,1.1395,0
4424,1.0000,158.0443,185.1027,1.1712,0
4425,1.0000,154.9806,179.5522,1.1585,0
4426,1.0000,196.1046,226.5304,1.1552,0
4427,1.0000,218.5154,233.2852,1.0676,0
4428,1.0000,194.2756,205.4118,1.0573,0
4429,0.9000,219.8045,245.3874,1.1164,0
4430,1.0000,220.0545,234.5805,1.0660,0
4431,1.0000,216.4671,229.7694,1.0615,0
4432,1.0000,251.0936,272.2260,1.0842,0
4433,1.0000,204.1788,249.2950,1.2210,0
4434,0.9000,251.6048,264.3104,1.0505,0
4435,1.0000,226.4111,262.0878,1.1576,0
4436,1.0000,286.7089,300.3531,1.0476,0
4437,0.9000,201.6631,242.2850,1.2014,0
4438,0.9000,211.2274,234.1260,1.1084,0
4439,1.0000,214.0187,237.0548,1.1076,0
4440,0.9000,216.0370,225.5815,1.0442,0
4441,1.0000,183.6546,211.4356,1.1513,0
4442,1.0000,172.0349,210.3497,1.2227,0
4443,0.7000,241.6920,258.9054,1.0712,0
4444,0.9000,261.6372,278.8315,1.0657,0
4445,1.0000,255.5856,272.0901,1.0646,0
4446,0.9000,216.1782,241.5202,1.1172,0
4447,1.0000,171.5925,182.6007,1.0642,0
4448,1.0000,174.9857,185.9866,1.0629,0
4449,0.9000,244.3113,266.1015,1.0892,0
4450,1.0000,204.4285,221.2691,1.0824,0
4451,0.9000,201.2163,229.2466,1.1393,0
4452,1.0000,237.7120,262.8612,1.1058,0
4453,1.0000,194.3682,216.9447,1.1162,0
4454,1.0000,199.4417,214.2195,1.0741,0
4455,1.0000,254.3777,282.1879,1.1093,0
4456,1.0000,239.9896,257.8410,1.0744,0
4457,1.0000,233.6151,246.2722,1.0542,0
4458,0.9000,222.4702,238.5246,1.0722,0
4459,1.0000,155.0742,162.9110,1.0505,0
4460,1.0000,235.3444,255.0863,1.0839,0
4461,1.0000,186.6815,200.7212,1.0752,0
4462,1.0000,219.7749,250.9940,1.1421,0
4463,1.0000,242.5943,267.8432,1.1041,0
4464,1.0000,215.9282,237.9790,1.1021,0
4465,1.0000,256.4079,262.2766,1.0229,0
4466,1.0000,229.2466,259.6190,1.1325,0
4467,1.0000,234.1047,256.4235,1.0953,0
4468,1.0000,180.2027,190.8402,1.0590,0
4469,1.0000,227.4467,266.4751,1.1716,0
4470,0.9000,219.0525,242.4809,1.1070,0
4471,1.0000,234.2605,270.4755,1.1546,0
4472,1.0000,137.9203,161.5116,1.1711,0
4473,1.0000,99.5942,212.0448,2.1291,0
4474,0.9000,146.8196,222.0135,1.5122,0
4475,1.0000,158.0791,167.8869,1.0620,0
4476,1.0000,175.6730,211.9835,1.2067,0
4477,0.9000,187.8404,206.5357,1.0995,0
4478,1.0000,188.0000,211.7853,1.1265,0
4479,1.0000,122.5765,150.9735,1.2317,0
4480,0.9000,169.7145,182.9535,1.0780,0
4481,1.0000,181.8708,206.3662,1.1347,0
4482,1.0000,123.3734,218.7190,1.7728,0
4483,1.0000,66.2420,156.2498,2.3588,0
4484,1.0000,193.2382,215.0256,1.1127,0
4485,1.0000,126.9685,157.3213,1.2391,0
4486,1.0000,149.0067,240.4059,1.6134,0
4487,0.9000,148.8523,167.9762,1.1285,0
4488,1.0000,234.7680,258.2325,1.0999,0
4489,1.0000,134.0746,194.9000,1.4537,0
4490,1.0000,205.3193,225.1244,1.0965,0
4491,1.0000,183.2785,203.8627,1.1123,0
4492,1.0000,120.8429,232.1379,1.9210,0
4493,1.0000,143.7776,212.4335,1.4775,0
4494,1.0000,156.9873,169.4816,1.0796,0
4495,1.0000,183.2348,196.5553,1.0727,0
4496,1.0000,242.1095,263.3021,1.0875,0
4497,1.0000,139.3664,169.0917,1.2133,0
4498,1.0000,182.9781,200.2149,1.0942,0
4499,1.0000,125.1080,232.9442,1.8619,0
4500,1.0000,105.1475,161.1366,1.5325,0
4501,1.0000,133.9664,154.5930,1.1540,0
4502,1.0000,166.6463,194.6381,1.1680,0
4503,1.0000,156.2082,218.6024,1.3994,0
4504,1.0000,216.3423,241.8181,1.1178,0
4505,1.0000,134.3987,142.4570,1.0600,0
4506,1.0000,192.7978,219.6566,1.1393,0
4507,0.7000,261.0919,276.6604,1.0596,0
4508,1.0000,111.2115,175.2398,1.5757,0
4509,0.9000,219.7408,232.1120,1.0563,0
4510,1.0000,213.6258,233.9102,1.0950,0
4511,1.0000,155.0097,172.0756,1.1101,0
4512,1.0000,200.4270,222.7600,1.1114,0
4513,0.9000,227.3785,256.6496,1.1287,0
4514,1.0000,187.3099,217.3315,1.1603,0
4515,1.0000,226.8524,277.3752,1.2227,0
4516,1.0000,200.3771,228.8449,1.1421,0
4517,1.0000,172.9422,201.9926,1.1680,0
4518,1.0000,200.2274,217.3430,1.0855,0
4519,1.0000,219.8136,257.5034,1.1715,0
4520,0.9000,189.1322,203.4281,1.0756,0
4521,1.0000,221.9347,265.3074,1.1954,0
4522,1.0000,129.1820,202.4870,1.5675,0
4523,0.8000,201.3008,277.5284,1.3787,0
4524,1.0000,148.9664,180.9005,1.2144,0
4525,1.0000,155.7081,178.2414,1.1447,0
4526,1.0000,147.1598,159.1163,1.0812,0
4527,1.0000,166.4572,184.6781,1.1095,0
4528,1.0000,142.4184,157.0223,1.1025,0
4529,0.9000,134.1566,265.3903,1.9782,0
4530,1.0000,68.3593,192.2992,2.8131,0
4531,1.0000,196.2906,205.6113,1.0475,0
4532,0.7000,240.3685,252.0436,1.0486,0
4533,1.0000,102.8494,224.0134,2.1781,0
4534,1.0000,232.9742,275.7807,1.1837,0
4535,1.0000,160.8291,211.5443,1.3153,0
4536,1.0000,83.4026,114.5644,1.3736,0
4537,1.0000,114.0482,237.9895,2.0867,0
4538,1.0000,116.3830,157.2323,1.3510,0
4539,1.0000,190.1841,204.3012,1.0742,0
4540,0.8000,247.2003,274.1569,1.1090,0
4541,1.0000,183.3003,200.2923,1.0927,0
4542,1.0000,184.9946,197.1319,1.0656,0
4543,1.0000,197.0888,213.8551,1.0851,0
4544,1.0000,199.8074,219.6702,1.0994,0
4545,1.0000,160.1905,208.1610,1.2995,0
4546,1.0000,199.1381,229.4537,1.1522,0
4547,1.0000,184.6700,202.8497,1.0984,0
4548,0.9000,236.6495,254.2282,1.0743,0
4549,1.0000,177.3894,226.9185,1.2792,0
4550,1.0000,212.7322,218.8561,1.0288,0
4551,1.0000,170.6956,183.3248,1.0740,0
4552,1.0000,208.6504,230.6101,1.1052,0
4553,1.0000,163.4992,235.8834,1.4427,0
4554,0.9000,172.5399,239.3763,1.3874,0
4555,1.0000,210.9147,270.7120,1.2835,0
4556,0.9000,234.7467,251.3842,1.0709,0
4557,1.0000,143.3876,260.7796,1.8187,0
4558,1.0000,152.7907,186.2230,1.2188,0
4559,0.8000,198.7285,223.5643,1.1250,0
4560,1.0000,126.7478,172.6702,1.3623,0
4561,1.0000,202.8990,217.8187,1.0735,0
4562,1.0000,99.3328,220.0114,2.2149,0
4563,0.9000,211.4710,224.8711,1.0634,0
4564,1.0000,204.1446,238.0189,1.1659,0
4565,1.0000,240.8921,274.6034,1.1399,0
4566,1.0000,71.6031,232.8154,3.2515,0
4567,1.0000,177.6936,197.3727,1.1107,0
4568,1.0000,181.1767,205.7936,1.1359,0
4569,0.9000,168.6772,230.1000,1.3641,0
4570,1.0000,250.3418,271.3540,1.0839,0
4571,1.0000,168.4191,196.3594,1.1659,0
4572,1.0000,188.1701,249.9560,1.3284,0
4573,0.9000,161.9444,245.2264,1.5143,0
4574,1.0000,214.1868,241.8140,1.1290,0
4575,1.0000,81.7251,257.1556,3.1466,0
4576,0.9000,236.8459,260.5993,1.1003,0
4577,0.9000,238.0903,253.3397,1.0640,0
4578,1.0000,110.5124,131.7574,1.1922,0
4579,1.0000,100.6330,132.2649,1.3143,0
4580,0.8000,197.5829,207.1907,1.0486,0
4581,1.0000,154.3567,227.2378,1.4722,0
4582,1.0000,167.8035,220.9095,1.3165,0
4583,1.0000,170.6751,187.1016,1.0962,0
4584,0.9000,205.4945,224.4683,1.0923,0
4585,0.8000,214.6439,248.5900,1.1582,0
4586,1.0000,208.0216,247.7741,1.1911,0
4587,0.9000,114.1008,265.1980,2.3242,0
4588,1.0000,219.3148,260.3997,1.1873,0
4589,1.0000,158.4330,205.7231,1.2985,0
4590,1.0000,201.8341,234.8255,1.1635,0
4591,1.0000,181.9368,234.0876,1.2866,0
4592,1.0000,220.3565,245.0755,1.1122,0
4593,1.0000,182.1785,193.0673,1.0598,0
4594,1.0000,107.7868,264.1685,2.4508,0
4595,0.9000,166.3911,194.1056,1.1666,0
4596,1.0000,225.5948,236.1504,1.0468,0
4597,1.0000,143.8749,163.4656,1.1362,0
4598,1.0000,187.7152,203.0739,1.0818,0
4599,1.0000,197.1066,224.3502,1.1382,0
4600,0.9000,200.1025,224.1607,1.1202,0
4601,0.8000,265.4600,275.2526,1.0369,0
4602,1.0000,192.9508,207.8966,1.0775,0
4603,1.0000,132.2006,150.3961,1.1376,0
4604,0.9000,179.8750,197.7600,1.0994,0
4605,1.0000,250.4097,275.1836,1.0989,0
4606,1.0000,228.6766,236.5544,1.0344,0
4607,1.0000,212.2546,239.6310,1.1290,0
4608,1.0000,208.9713,222.1531,1.0631,0
4609,1.0000,134.3540,157.2959,1.1708,0
4610,0.9000,258.2809,270.7342,1.0482,0
4611,1.0000,235.2658,253.8346,1.0789,0
4612,1.0000,184.2498,217.4810,1.1804,0
4613,1.0000,230.0174,248.3606,1.0797,0
4614,0.9000,206.7849,228.8493,1.1067,0
4615,1.0000,192.7200,218.9041,1.1359,0
4616,1.0000,208.7894,243.8360,1.1679,0
4617,1.0000,211.5041,226.4685,1.0708,0
4618,1.0000,208.7989,220.9004,1.0580,0
4619,0.9000,142.9161,169.8676,1.1886,0
4620,1.0000,135.1740,151.9112,1.1238,0
4621,1.0000,210.5825,228.0833,1.0831,0
4622,0.9000,179.2261,201.3033,1.1232,0
4623,1.0000,185.8413,224.4193,1.2076,0
4624,1.0000,226.8876,249.5336,1.0998,0
4625,1.0000,116.3572,219.8363,1.8893,0
4626,0.9000,195.7371,214.0444,1.0935,0
4627,1.0000,239.7540,257.9380,1.0758,0
4628,1.0000,224.7932,252.7133,1.1242,0
4629,1.0000,187.6166,218.5246,1.1647,0
4630,1.0000,201.1939,226.2963,1.1248,0
4631,1.0000,158.5434,217.0230,1.3689,0
4632,0.9000,132.0833,193.9201,1.4682,0
4633,0.9000,196.6520,215.2487,1.0946,0
4634,1.0000,127.4598,163.9390,1.2862,0
4635,1.0000,169.7056,184.3990,1.0866,0
4636,1.0000,207.5861,218.1605,1.0509,0
4637,1.0000,231.5556,248.8413,1.0747,0
4638,1.0000,188.6054,275.2599,1.4594,0
4639,1.0000,244.6569,273.6823,1.1186,0
4640,1.0000,164.7483,240.4413,1.4594,0
4641,1.0000,170.8830,194.0670,1.1357,0
4642,1.0000,159.8843,193.5846,1.2108,0
4643,1.0000,124.1934,176.5984,1.4220,0
4644,1.0000,181.9890,200.7436,1.1031,0
4645,0.9000,213.3729,224.4571,1.0519,0
4646,1.0000,171.4614,191.4341,1.1165,0
4647,1.0000,131.4648,166.0572,1.2631,0
4648,1.0000,179.4101,204.7560,1.1413,0
4649,0.9000,233.2938,246.7245,1.0576,0
4650,1.0000,131.9356,234.8510,1.7800,0
4651,1.0000,194.5765,209.6354,1.0774,0
4652,1.0000,105.0952,123.5921,1.1760,0
4653,1.0000,213.8177,255.7714,1.1962,0
4654,1.0000,194.2524,207.0483,1.0659,0
4655,1.0000,136.1947,205.1950,1.5066,0
4656,1.0000,199.6547,234.8979,1.1765,0
4657,1.0000,206.7269,221.6732,1.0723,0
4658,1.0000,136.2681,175.4708,1.2877,0
4659,1.0000,146.2771,220.0954,1.5046,0
4660,1.0000,188.4967,201.3480,1.0682,0
4661,1.0000,137.2807,150.6021,1.0970,0
4662,1.0000,102.8154,256.6768,2.4965,0
4663,0.9000,197.6891,219.1803,1.1087,0
4664,1.0000,189.5864,211.6270,1.1163,0
4665,1.0000,112.2096,223.8057,1.9945,0
4666,1.0000,149.4523,204.9390,1.3713,0
4667,1.0000,194.2601,215.4414,1.1090,0
4668,1.0000,223.7074,238.6168,1.0666,0
4669,1.0000,200.9925,216.7026,1.0782,0
4670,1.0000,210.8839,230.0869,1.0911,0
4671,1.0000,151.4992,163.5145,1.0793,0
4672,0.9000,220.0795,239.9687,1.0904,0
4673,0.9000,218.7419,235.2552,1.0755,0
4674,1.0000,92.2497,220.4405,2.3896,0
4675,1.0000,176.2583,203.2634,1.1532,0
4676,1.0000,131.2098,223.3428,1.7022,0
4677,1.0000,151.0232,170.0441,1.1259,0
4678,1.0000,201.9802,211.7003,1.0481,0
4679,1.0000,229.5430,241.1804,1.0507,0
4680,1.0000,175.3967,191.6690,1.0928,0
4681,1.0000,159.2200,217.9839,1.3691,0
4682,1.0000,191.5724,205.9053,1.0748,0
4683,1.0000,108.4850,164.1219,1.5129,0
4684,1.0000,187.6033,208.1081,1.1093,0
4685,0.9000,157.2260,178.5805,1.1358,0
4686,1.0000,181.4497,220.0795,1.2129,0
4687,1.0000,164.3776,183.3767,1.1156,0
4688,1.0000,135.0815,153.0163,1.1328,0
4689,1.0000,139.5851,195.2332,1.3987,0
4690,1.0000,81.1419,159.4992,1.9657,0
4691,1.0000,103.9038,136.0625,1.3095,0
4692,1.0000,113.7365,149.4590,1.3141,0
4693,1.0000,140.2926,154.9193,1.1043,0
4694,0.9000,106.4988,203.4527,1.9104,0
4695,1.0000,155.4317,200.2224,1.2882,0
4696,1.0000,205.1073,224.3101,1.0936,0
4697,1.0000,232.9163,285.4645,1.2256,0
4698,1.0000,158.1423,176.0824,1.1134,0
4699,1.0000,133.3417,240.9772,1.8072,0
4700,1.0000,114.9826,185.0513,1.6094,0
4701,1.0000,123.3450,223.9732,1.8158,0
4702,0.9000,144.0278,238.7530,1.6577,0
4703,0.9000,227.2554,240.7592,1.0594,0
4704,1.0000,185.9543,197.4968,1.0621,0
4705,1.0000,208.9258,253.6060,1.2139,0
4706,1.0000,225.4218,239.4911,1.0624,0
4707,1.0000,185.4319,213.5299,1.1515,0
4708,0.9000,168.4102,212.6147,1.2625,0
4709,1.0000,201.1094,227.2664,1.1301,0
4710,1.0000,155.4863,213.3729,1.3723,0
4711,1.0000,178.1179,212.5959,1.1936,0
4712,1.0000,122.0369,175.5876,1.4388,0
4713,1.0000,212.4735,233.2488,1.0978,0
4714,1.0000,223.9687,231.8254,1.0351,0
4715,1.0000,145.3100,224.9600,1.5481,0
4716,0.9000,154.5283,238.1995,1.5415,0
4717,1.0000,192.8238,231.0801,1.1984,0
4718,1.0000,168.8698,242.9527,1.4387,0
4719,1.0000,156.2626,215.1767,1.3770,0
4720,1.0000,180.6433,203.5068,1.1266,0
4721,1.0000,216.3978,237.0211,1.0953,0
4722,1.0000,144.5130,195.2639,1.3512,0
4723,1.0000,173.3869,235.3381,1.3573,0
4724,0.9000,202.4525,226.6495,1.1195,0
4725,1.0000,133.2329,210.3117,1.5785,0
4726,1.0000,187.3553,212.7487,1.1355,0
4727,0.8000,162.7851,177.0395,1.0876,0
4728,0.8000,256.5560,280.7312,1.0942,0
4729,1.0000,225.6236,242.4294,1.0745,0
4730,1.0000,190.6777,205.7158,1.0789,0
4731,1.0000,117.5670,196.7867,1.6738,0
4732,0.8000,274.6489,283.1607,1.0310,0
4733,1.0000,207.2752,224.3390,1.0823,0
4734,0.9000,203.4969,214.5344,1.0542,0
4735,0.9000,212.7839,221.9685,1.0432,0
4736,1.0000,180.9807,192.1432,1.0617,0
4737,1.0000,192.8938,216.6149,1.1230,0
4738,0.9000,162.1234,215.8310,1.3313,0
4739,1.0000,192.3434,205.9709,1.0708,0
4740,1.0000,188.0532,198.8567,1.0574,0
4741,1.0000,162.6100,194.3373,1.1951,0
4742,0.9000,228.7728,244.1844,1.0674,0
4743,1.0000,93.6963,148.4621,1.5845,0
4744,0.7000,215.9468,227.4863,1.0534,0
4745,1.0000,155.7530,210.8269,1.3536,0
4746,1.0000,80.1748,202.9951,2.5319,0
4747,1.0000,189.3489,207.4681,1.0957,0
4748,1.0000,190.7380,210.4899,1.1036,0
4749,0.9000,201.9777,238.1302,1.1790,0
4750,1.0000,148.3543,174.0546,1.1732,0
4751,0.8000,207.0725,221.2804,1.0686,0
4752,1.0000,170.1676,202.7560,1.1915,0
4753,0.9000,159.2796,176.3179,1.1070,0
4754,1.0000,195.0718,213.6633,1.0953,0
4755,1.0000,133.6563,162.4284,1.2153,0
4756,1.0000,164.7270,173.3147,1.0521,0
4757,0.8000,258.1240,275.4052,1.0669,0
4758,1.0000,207.3162,222.8452,1.0749,0
4759,1.0000,235.5801,240.6055,1.0213,0
4760,1.0000,216.8940,241.3669,1.1128,0
4761,1.0000,179.3823,191.2067,1.0659,0
4762,1.0000,175.1428,200.2623,1.1434,0
4763,0.9000,291.0103,305.5749,1.0500,0
4764,1.0000,203.3986,224.5373,1.1039,0
4765,1.0000,234.1944,257.7848,1.1007,0
4766,0.8000,260.9713,291.8527,1.1183,0
4767,1.0000,179.4547,205.4970,1.1451,0
4768,1.0000,218.3896,246.5177,1.1288,0
4769,0.7000,283.6935,305.9804,1.0786,0
4770,0.9000,237.7415,259.9000,1.0932,0
4771,0.6000,251.6982,272.6481,1.0832,0
4772,0.9000,267.5164,281.8049,1.0534,0
4773,1.0000,234.5869,276.7273,1.1796,0
4774,1.0000,258.9479,270.3054,1.0439,0
4775,0.9000,236.5840,271.3411,1.1469,0
4776,1.0000,222.1126,249.8920,1.1251,0
4777,1.0000,114.7519,164.2559,1.4314,0
4778,0.9000,226.9846,236.4191,1.0416,0
4779,0.9000,223.0179,238.1470,1.0678,0
4780,1.0000,232.9120,247.7721,1.0638,0
4781,1.0000,215.6479,231.3871,1.0730,0
4782,1.0000,122.6010,154.6642,1.2615,0
4783,1.0000,151.0761,186.2203,1.2326,0
4784,0.9000,143.9931,188.8439,1.3115,0
4785,1.0000,216.8479,257.2528,1.1863,0
4786,0.9000,267.6303,305.8791,1.1429,0
4787,1.0000,153.0294,184.1630,1.2034,0
4788,1.0000,171.8168,200.4370,1.1666,0
4789,1.0000,153.1339,179.2958,1.1708,0
4790,0.9000,196.6825,225.9336,1.1487,0
4791,1.0000,142.2638,184.6673,1.2981,0
4792,1.0000,152.6892,202.9113,1.3289,0
4793,1.0000,150.1200,241.0996,1.6060,0
4794,0.9000,186.1451,250.8864,1.3478,0
4795,1.0000,164.5813,182.1346,1.1067,0
4796,1.0000,164.9848,198.1086,1.2008,0
4797,0.9000,173.2224,216.0417,1.2472,0
4798,1.0000,129.1588,139.7462,1.0820,0
4799,1.0000,160.3714,174.5394,1.0883,0
4800,1.0000,115.5465,243.5878,2.1081,0
4801,1.0000,222.2476,250.2739,1.1261,0
4802,1.0000,108.4942,153.6522,1.4162,0
4803,0.9000,156.0064,166.0572,1.0644,0
4804,1.0000,171.5401,228.5104,1.3321,0
4805,1.0000,125.1639,147.9020,1.1817,0
4806,1.0000,189.3753,202.8152,1.0710,0
4807,1.0000,162.7483,187.9069,1.1546,0
4808,1.0000,127.0551,146.4036,1.1523,0
4809,1.0000,165.4811,242.3737,1.4647,0
4810,1.0000,216.6333,225.2488,1.0398,0
4811,1.0000,200.9851,213.8855,1.0642,0
4812,0.9000,188.9391,205.5091,1.0877,0
4813,1.0000,252.2201,267.0917,1.0590,0
4814,0.9000,220.8370,239.6706,1.0853,0
4815,1.0000,196.1505,264.3293,1.3476,0
4816,1.0000,190.7852,211.0071,1.1060,0
4817,1.0000,183.9918,208.7439,1.1345,0
4818,0.9000,190.5335,240.7551,1.2636,0
4819,1.0000,160.8788,182.6554,1.1354,0
4820,0.7000,225.3930,250.4736,1.1113,0
4821,1.0000,66.5282,197.5677,2.9697,0
4822,0.9000,247.4146,260.5667,1.0532,0
4823,1.0000,203.8161,230.2998,1.1299,0
4824,1.0000,178.8994,208.0841,1.1631,0
4825,1.0000,107.4663,184.1059,1.7132,0
4826,1.0000,215.6386,226.4443,1.0501,0
4827,1.0000,179.3683,209.9047,1.1702,0
4828,1.0000,173.1011,194.2550,1.1222,0
4829,1.0000,231.4152,252.5549,1.0913,0
4830,0.9000,226.2344,239.0314,1.0566,0
4831,1.0000,150.5025,172.8699,1.1486,0
4832,1.0000,109.7862,125.4631,1.1428,0
4833,1.0000,191.9323,211.9245,1.1042,0
4834,1.0000,184.8865,206.0704,1.1146,0
4835,1.0000,100.8662,114.9783,1.1399,0
4836,1.0000,109.3115,130.6866,1.1955,0
4837,1.0000,185.5909,196.8578,1.0607,0
4838,1.0000,166.1716,186.2445,1.1208,0
4839,1.0000,122.7192,146.2259,1.1915,0
4840,1.0000,236.2456,246.8360,1.0448,0
4841,0.6000,233.4395,247.8023,1.0615,0
4842,0.7000,204.7560,226.3537,1.1055,0
4843,1.0000,134.3503,156.8279,1.1673,0
4844,1.0000,182.7950,193.3106,1.0575,0
4845,1.0000,161.4528,186.4913,1.1551,0
4846,1.0000,177.2033,200.7486,1.1329,0
4847,1.0000,149.4590,172.3920,1.1534,0
4848,0.8000,216.0694,237.7099,1.1002,0
4849,1.0000,218.0092,232.9979,1.0688,0
4850,1.0000,196.7054,239.9458,1.2198,0
4851,1.0000,178.8798,194.9538,1.0899,0
4852,1.0000,222.6679,256.0644,1.1500,0
4853,1.0000,122.2129,149.0906,1.2199,0
4854,0.9000,207.1352,219.7157,1.0607,0
4855,1.0000,177.7498,196.7613,1.1070,0
4856,1.0000,164.2924,183.7553,1.1185,0
4857,0.9000,192.2654,219.7248,1.1428,0
4858,0.9000,189.5152,201.9208,1.0655,0
4859,0.9000,244.7243,260.1038,1.0628,0
4860,1.0000,135.4289,162.2436,1.1980,0
4861,1.0000,213.1291,236.3366,1.1089,0
4862,1.0000,238.3841,261.7403,1.0980,0
4863,0.9000,231.5059,240.9647,1.0409,0
4864,0.9000,162.1203,191.2956,1.1800,0
4865,1.0000,214.4435,238.2625,1.1111,0
4866,0.9000,257.9903,276.2861,1.0709,0
4867,0.9000,195.4047,220.3089,1.1274,0
4868,0.9000,208.7870,222.2814,1.0646,0
4869,0.9000,195.6860,206.1286,1.0534,0
4870,0.9000,236.2202,262.9087,1.1130,0
4871,1.0000,211.4970,249.6478,1.1804,0
4872,1.0000,217.1820,248.3445,1.1435,0
4873,1.0000,197.3398,217.5155,1.1022,0
4874,1.0000,233.7456,261.7824,1.1199,0
4875,1.0000,222.0023,245.7214,1.1068,0
4876,0.7000,225.4152,248.6604,1.1031,0
4877,1.0000,170.9386,182.7950,1.0694,0
4878,1.0000,257.1711,268.3039,1.0433,0
4879,0.9000,207.1038,227.2730,1.0974,0
4880,0.9000,176.8474,201.0448,1.1368,0
4881,1.0000,138.8740,174.1723,1.2542,0
4882,0.7000,233.7114,245.1591,1.0490,0
4883,1.0000,162.2745,183.0792,1.1282,0
4884,0.9000,222.8968,247.6712,1.1111,0
4885,1.0000,216.1643,261.9408,1.2118,0
4886,1.0000,259.4899,279.1792,1.0759,0
4887,1.0000,144.3087,159.0157,1.1019,0
4888,0.9000,257.9922,274.1970,1.0628,0
4889,1.0000,109.4440,134.8518,1.2322,0
4890,1.0000,144.9138,177.5838,1.2254,0
4891,1.0000,159.4428,175.1599,1.0986,0
4892,1.0000,225.1200,242.7797,1.0784,0
4893,1.0000,222.0113,253.5153,1.1419,0
4894,1.0000,121.3631,154.0552,1.2694,0
4895,1.0000,218.5063,235.8580,1.0794,0
4896,1.0000,154.5607,168.9171,1.0929,0
4897,0.9000,170.6517,206.3056,1.2089,0
4898,1.0000,231.0411,240.0396,1.0389,0
4899,1.0000,127.0669,155.3029,1.2222,0
4900,1.0000,191.9531,222.6275,1.1598,0
4901,1.0000,156.8056,193.2718,1.2326,0
4902,0.9000,246.1016,263.1273,1.0692,0
4903,1.0000,185.5856,237.1265,1.2777,0
4904,0.5000,206.5139,219.5586,1.0632,0
4905,1.0000,136.4258,174.7112,1.2806,0
4906,1.0000,209.3753,224.5774,1.0726,0
4907,1.0000,237.2193,250.1360,1.0545,0
4908,0.9000,180.4051,205.8179,1.1409,0
4909,1.0000,202.1880,210.4329,1.0408,0
4910,1.0000,208.6241,242.4129,1.1620,0
4911,1.0000,211.3220,233.7499,1.1061,0
4912,0.8000,250.6212,282.9382,1.1289,0
4913,1.0000,233.6108,263.5109,1.1280,0
4914,1.0000,223.5665,253.8444,1.1354,0
4915,1.0000,128.4095,163.1196,1.2703,0
4916,0.9000,224.9022,235.4039,1.0467,0
4917,1.0000,161.9815,196.8070,1.2150,0
4918,0.9000,191.2694,207.0483,1.0825,0
4919,1.0000,205.1682,231.5664,1.1287,0
4920,1.0000,228.3878,236.4022,1.0351,0
4921,1.0000,215.1720,242.0083,1.1247,0
4922,1.0000,217.4327,255.7929,1.1764,0
4923,1.0000,212.2475,226.3692,1.0665,0
4924,1.0000,190.2078,222.7465,1.1711,0
4925,1.0000,114.6909,198.3532,1.7295,0
4926,1.0000,136.7041,167.7498,1.2271,0
4927,1.0000,220.1159,249.0562,1.1315,0
4928,1.0000,188.0585,207.2655,1.1021,0
4929,1.0000,194.2112,222.4815,1.1456,0
4930,0.9000,213.0845,224.5418,1.0538,0
4931,1.0000,191.8437,200.7511,1.0464,0
4932,1.0000,182.5158,197.2232,1.0806,0
4933,1.0000,140.7906,156.2050,1.1095,0
4934,1.0000,183.5293,213.9790,1.1659,0
4935,0.9000,165.8463,194.8615,1.1750,0
4936,0.8000,233.0150,256.6671,1.1015,0
4937,0.9000,212.5559,229.8217,1.0812,0
4938,1.0000,225.8008,267.9347,1.1866,0
4939,1.0000,173.6059,191.5542,1.1034,0
4940,1.0000,198.6781,211.1871,1.0630,0
4941,1.0000,208.9067,215.6084,1.0321,0
4942,1.0000,212.7369,243.9939,1.1469,0
4943,1.0000,187.0829,199.7849,1.0679,0
4944,1.0000,110.8467,129.7536,1.1706,0
4945,1.0000,179.5327,191.1335,1.0646,0
4946,1.0000,95.1052,125.9206,1.3240,0
4947,1.0000,72.0139,90.9395,1.2628,0
4948,1.0000,131.3240,145.0414,1.1045,0
4949,1.0000,153.3754,186.9010,1.2186,0
4950,1.0000,174.1206,191.6794,1.1008,0
4951,1.0000,170.9474,186.0457,1.0883,0
4952,1.0000,192.9715,208.9952,1.0830,0
4953,1.0000,179.1257,203.8063,1.1378,0
4954,1.0000,208.9928,238.9121,1.1432,0
4955,0.8000,182.9836,221.7634,1.2119,0
4956,1.0000,156.4768,195.7703,1.2511,0
4957,1.0000,138.8668,174.8085,1.2588,0
4958,1.0000,214.5973,235.2871,1.0964,0
4959,1.0000,218.9383,270.7213,1.2365,0
4960,1.0000,138.4810,162.7943,1.1756,0
4961,1.0000,243.2036,257.5733,1.0591,0
4962,1.0000,85.8254,96.6126,1.1257,0
4963,0.8000,243.7109,263.1672,1.0798,0
4964,1.0000,212.3252,241.9938,1.1397,0
4965,1.0000,135.2220,150.9371,1.1162,0
4966,1.0000,74.0135,187.2512,2.5300,0
4967,1.0000,171.3418,200.6564,1.1711,0
4968,1.0000,187.9495,207.1859,1.1023,0
4969,0.9000,219.7157,246.3108,1.1210,0
4970,1.0000,187.9894,214.1401,1.1391,0
4971,1.0000,115.0391,128.7828,1.1195,0
4972,1.0000,168.2082,188.8889,1.1229,0
4973,1.0000,223.3495,231.3266,1.0357,0
4974,1.0000,179.7498,189.1005,1.0520,0
4975,1.0000,198.0177,223.9129,1.1308,0
4976,0.9000,209.7308,236.6918,1.1286,0
4977,1.0000,171.0292,189.4967,1.1080,0
4978,1.0000,166.2618,222.3803,1.3375,0
4979,1.0000,130.6331,140.1428,1.0728,0
4980,1.0000,128.3900,146.5913,1.1418,0
4981,1.0000,141.1701,164.2529,1.1635,0
4982,0.9000,218.5543,236.3726,1.0815,0
4983,1.0000,132.2120,144.8896,1.0959,0
4984,1.0000,220.3928,236.8058,1.0745,0
4985,1.0000,264.2064,277.6274,1.0508,0
4986,0.9000,163.8292,186.1290,1.1361,0
4987,1.0000,186.4162,211.6341,1.1353,0
4988,1.0000,144.0868,165.8644,1.1511,0
4989,1.0000,84.0060,109.8727,1.3079,0
4990,1.0000,148.9698,238.8514,1.6034,0
4991,1.0000,207.7330,228.5235,1.1001,0
4992,1.0000,99.9300,108.8807,1.0896,0
4993,1.0000,171.7207,191.0968,1.1128,0
4994,1.0000,217.9633,252.3945,1.1580,0
4995,1.0000,233.1180,263.0855,1.1286,0
4996,1.0000,170.4435,197.7372,1.1601,0
4997,1.0000,208.7534,233.2852,1.1175,0
4998,1.0000,190.6987,223.2734,1.1708,0
4999,1.0000,157.3690,178.2021,1.1324,0
5000,1.0000,88.2496,124.7197,1.4133,0
5001,1.0000,79.3158,119.8124,1.5106,0
5002,1.0000,241.3607,264.6583,1.0965,0
5003,0.9000,211.7994,233.5080,1.1025,0
5004,0.9000,216.7487,229.1746,1.0573,0
5005,1.0000,182.4911,212.5418,1.1647,0
5006,1.0000,199.2260,227.0529,1.1397,0
5007,1.0000,227.2554,250.5694,1.1026,0
5008,1.0000,156.5631,176.8106,1.1293,0
5009,0.8000,245.3650,260.4400,1.0614,0
5010,1.0000,186.6601,221.4023,1.1861,0
5011,0.9000,227.2334,269.5700,1.1863,0
5012,1.0000,238.6168,262.6842,1.1009,0
5013,1.0000,252.5351,279.6855,1.1075,0
5014,0.9000,251.0199,260.4669,1.0376,0
5015,1.0000,211.1895,238.3212,1.1285,0
5016,1.0000,146.6220,156.6429,1.0683,0
5017,1.0000,216.1597,239.2927,1.1070,0
5018,0.9000,185.3402,198.7612,1.0724,0
5019,0.9000,145.6777,251.9663,1.7296,0
5020,1.0000,232.6779,256.8248,1.1038,0
5021,1.0000,244.1741,262.2251,1.0739,0
5022,1.0000,186.0994,205.6429,1.1050,0
5023,1.0000,183.8233,205.8616,1.1199,0
5024,1.0000,193.8066,210.7036,1.0872,0
5025,1.0000,183.5075,213.6984,1.1645,0
5026,1.0000,164.7968,236.9873,1.4381,0
5027,1.0000,110.5170,122.1515,1.1053,0
5028,0.9000,218.2682,241.0041,1.1042,0
5029,1.0000,184.1168,197.5880,1.0732,0
5030,1.0000,244.9796,260.1154,1.0618,0
5031,1.0000,148.7548,164.2163,1.1039,0
5032,1.0000,199.0678,213.9953,1.0750,0
5033,1.0000,245.5809,278.3559,1.1335,0
5034,0.9000,195.1538,206.5672,1.0585,0
5035,1.0000,204.3037,223.2084,1.0925,0
5036,1.0000,134.1417,264.2820,1.9702,0
5037,1.0000,188.7618,208.3891,1.1040,0
5038,1.0000,221.3707,235.2531,1.0627,0
5039,1.0000,181.4442,192.6655,1.0618,0
5040,1.0000,152.7842,181.8818,1.1904,0
5041,1.0000,213.7943,229.8412,1.0751,0
5042,0.9000,203.4896,215.7081,1.0600,0
5043,1.0000,174.8142,202.6746,1.1594,0
5044,1.0000,225.2532,244.8714,1.0871,0
5045,1.0000,196.1887,216.0741,1.1014,0
5046,1.0000,229.1484,251.4916,1.0975,0
5047,1.0000,219.6975,233.3474,1.0621,0
5048,1.0000,117.7073,133.6151,1.1351,0
5049,1.0000,187.8137,198.3053,1.0559,0
5050,1.0000,216.0810,242.7839,1.1236,0
5051,0.9000,227.8245,250.9382,1.1015,0
5052,0.8000,243.6062,268.8606,1.1037,0
5053,1.0000,227.6379,244.6712,1.0748,0
5054,1.0000,206.1917,231.2834,1.1217,0
5055,0.9000,273.1996,297.2541,1.0880,0
5056,1.0000,222.4994,245.9532,1.1054,0
5057,0.9000,243.4481,263.3894,1.0819,0
5058,1.0000,235.3933,268.0690,1.1388,0
5059,0.9000,274.0000,295.6992,1.0792,0
5060,0.7000,292.4107,302.3872,1.0341,0
5061,1.0000,216.8732,276.5683,1.2753,0
5062,0.9000,237.2804,256.0762,1.0792,0
5063,0.9000,223.0314,246.1260,1.1035,0
5064,1.0000,255.7342,285.7516,1.1174,0
5065,1.0000,232.7767,258.8610,1.1121,0
5066,0.8000,200.4445,217.1612,1.0834,0
5067,1.0000,222.2161,236.0932,1.0624,0
5068,0.9000,184.4966,208.1322,1.1281,0
5069,1.0000,155.6502,171.3038,1.1006,0
5070,0.9000,223.8839,232.7166,1.0395,0
5071,1.0000,151.6971,177.3076,1.1688,0
5072,1.0000,140.8581,177.4148,1.2595,0
5073,1.0000,272.5784,287.5813,1.0550,0
5074,0.9000,131.6814,166.4001,1.2637,0
5075,1.0000,231.5081,255.9316,1.1055,0
5076,0.9000,222.4725,246.9332,1.1099,0
5077,0.9000,192.1900,207.2800,1.0785,0
5078,1.0000,141.7850,177.5697,1.2524,0
5079,1.0000,92.5797,129.9923,1.4041,0
5080,0.9000,272.6811,288.4701,1.0579,0
5081,1.0000,186.0323,229.3752,1.2330,0
5082,1.0000,135.8749,166.8592,1.2280,0
5083,1.0000,183.8178,202.3660,1.1009,0
5084,1.0000,251.0159,260.5187,1.0379,0
5085,1.0000,242.6767,265.8740,1.0956,0
5086,1.0000,106.3673,214.6346,2.0179,0
5087,1.0000,162.3669,187.7978,1.1566,0
5088,1.0000,203.7768,256.0254,1.2564,0
5089,1.0000,112.0625,161.0311,1.4370,0
5090,1.0000,144.1839,176.0369,1.2209,0
5091,1.0000,109.6677,129.6650,1.1823,0
5092,1.0000,209.1602,223.5129,1.0686,0
5093,0.9000,263.6342,273.5891,1.0378,0
5094,1.0000,178.1292,191.0445,1.0725,0
5095,1.0000,166.6643,213.2065,1.2793,0
5096,1.0000,142.9510,200.4844,1.4025,0
5097,1.0000,198.8668,217.7476,1.0949,0
5098,1.0000,180.4827,225.8739,1.2515,0
5099,1.0000,213.5322,221.4633,1.0371,0
5100,1.0000,77.3305,85.1998,1.1018,0
5101,1.0000,163.6215,177.4063,1.0842,0
5102,1.0000,248.7469,254.5015,1.0231,0
5103,1.0000,194.7948,238.3485,1.2236,0
5104,1.0000,111.5437,227.9188,2.0433,0
5105,1.0000,142.8811,184.7999,1.2934,0
5106,1.0000,182.6965,216.3654,1.1843,0
5107,1.0000,147.1360,177.0395,1.2032,0
5108,1.0000,276.3639,296.1976,1.0718,0
5109,1.0000,170.1558,188.1568,1.1058,0
5110,1.0000,86.3539,223.7454,2.5910,0
5111,1.0000,101.7595,137.0219,1.3465,0
5112,1.0000,132.7780,163.9543,1.2348,0
5113,1.0000,124.8719,144.0660,1.1537,0
5114,1.0000,124.9440,156.7705,1.2547,0
5115,1.0000,195.5607,210.6514,1.0772,0
5116,1.0000,192.0234,221.2849,1.1524,0
5117,1.0000,140.2498,161.7344,1.1532,0
5118,1.0000,127.2714,166.7813,1.3104,0
5119,1.0000,210.9170,245.7336,1.1651,0
5120,1.0000,218.2819,236.8248,1.0849,0
5121,1.0000,171.4322,236.2499,1.3781,0
5122,1.0000,145.6880,171.2600,1.1755,0
5123,1.0000,230.6751,271.0849,1.1752,0
5124,1.0000,168.6446,188.7353,1.1191,0
5125,1.0000,180.0500,205.0878,1.1391,0
5126,1.0000,129.9384,233.0901,1.7939,0
5127,1.0000,143.7463,183.9429,1.2796,0
5128,1.0000,175.4366,184.8080,1.0534,0
5129,1.0000,178.5973,210.5683,1.1790,0
5130,1.0000,255.9160,274.5360,1.0728,0
5131,1.0000,166.3911,224.8711,1.3515,0
5132,1.0000,248.2197,266.7527,1.0747,0
5133,0.9000,189.9105,205.4361,1.0818,0
5134,1.0000,250.9582,265.6313,1.0585,0
5135,1.0000,118.8066,157.8544,1.3287,0
5136,1.0000,131.1945,177.8904,1.3559,0
5137,1.0000,85.1469,103.0340,1.2101,0
5138,1.0000,202.3858,246.6313,1.2186,0
5139,1.0000,190.2525,202.4944,1.0643,0
5140,1.0000,115.8102,133.6226,1.1538,0
5141,1.0000,251.3165,260.3901,1.0361,0
5142,1.0000,201.3405,238.7991,1.1860,0
5143,1.0000,174.4964,181.3918,1.0395,0
5144,1.0000,216.3585,235.4294,1.0881,0
5145,1.0000,195.0385,210.8151,1.0809,0
5146,1.0000,152.4369,200.6514,1.3163,0
5147,1.0000,162.3299,179.2652,1.1043,0
5148,1.0000,222.5489,271.6192,1.2205,0
5149,1.0000,185.5586,218.3918,1.1769,0
5150,1.0000,238.3128,267.2789,1.1215,0
5151,0.9000,207.0411,226.0531,1.0918,0
5152,1.0000,132.1628,156.5535,1.1846,0
5153,1.0000,216.3516,237.3394,1.0970,0
5154,1.0000,134.6440,191.7524,1.4241,0
5155,1.0000,175.6673,196.8045,1.1203,0
5156,1.0000,90.9450,111.7855,1.2292,0
5157,1.0000,222.1846,251.1275,1.1303,0
5158,1.0000,151.7992,279.7213,1.8427,0
5159,1.0000,141.4708,166.3490,1.1759,0
5160,1.0000,248.9438,266.0583,1.0687,0
5161,1.0000,230.8138,269.9537,1.1696,0
5162,1.0000,146.2019,164.0183,1.1219,0
5163,1.0000,170.7893,187.4593,1.0976,0
5164,0.9000,143.4503,169.3222,1.1804,0
5165,1.0000,152.8300,179.7721,1.1763,0
5166,1.0000,134.5548,165.5597,1.2304,0
5167,1.0000,156.7865,167.3201,1.0672,0
5168,1.0000,149.2816,180.5076,1.2092,0
5169,1.0000,206.7801,226.7135,1.0964,0
5170,1.0000,162.6714,192.0417,1.1805,0
5171,1.0000,273.7955,292.7952,1.0694,0
5172,1.0000,186.0000,203.9828,1.0967,0
5173,1.0000,171.4526,190.2945,1.1099,0
5174,1.0000,199.8149,234.9170,1.1757,0
5175,0.9000,138.5063,170.6868,1.2323,0
5176,1.0000,171.6741,185.2566,1.0791,0
5177,1.0000,193.1114,231.8534,1.2006,0
5178,1.0000,209.3848,225.2488,1.0758,0
5179,1.0000,197.8434,231.3914,1.1696,0
5180,1.0000,173.9051,195.8673,1.1263,0
5181,0.9000,167.0479,187.9175,1.1249,0
5182,1.0000,272.1139,298.7357,1.0978,0
5183,1.0000,60.4649,107.2334,1.7735,0
5184,1.0000,26.8701,35.3695,1.3163,0
5185,1.0000,20.9762,33.6303,1.6033,0
5186,1.0000,236.4255,268.3487,1.1350,0
5187,1.0000,253.2252,296.2246,1.1698,0
5188,1.0000,25.3180,33.8083,1.3353,0
5189,1.0000,268.3710,289.2317,1.0777,0
5190,1.0000,20.8087,32.4191,1.5580,0
5191,1.0000,180.8093,190.4678,1.0534,0
5192,1.0000,163.6246,170.2087,1.0402,0
5193,0.9000,212.9484,251.9107,1.1830,0
5194,1.0000,119.6913,204.0760,1.7050,0
5195,1.0000,63.5531,126.8779,1.9964,0
5196,1.0000,109.2840,167.1167,1.5292,0
5197,1.0000,163.8719,177.3076,1.0820,0
5198,1.0000,190.2919,204.9073,1.0768,0
5199,1.0000,104.4126,201.1939,1.9269,0
5200,1.0000,199.0729,216.4463,1.0873,0
5201,0.9000,226.1128,243.4872,1.0768,0
5202,1.0000,160.8757,174.1723,1.0827,0
5203,1.0000,141.0709,195.0282,1.3825,0
5204,0.9000,238.0336,284.3079,1.1944,0
5205,1.0000,196.2677,252.4718,1.2864,0
5206,1.0000,193.4528,199.5896,1.0317,0
5207,1.0000,102.5524,127.6715,1.2449,0
5208,0.9000,234.5954,280.3284,1.1949,0
5209,1.0000,156.4896,193.3132,1.2353,0
5210,1.0000,125.5588,145.2309,1.1567,0
5211,1.0000,46.0652,126.1547,2.7386,0
5212,1.0000,106.8176,157.0796,1.4705,0
5213,1.0000,228.6220,276.0869,1.2076,0
5214,1.0000,224.1406,248.4754,1.1086,0
5215,1.0000,240.1416,264.1231,1.0999,0
5216,1.0000,156.5503,217.8738,1.3917,0
5217,1.0000,191.7003,205.7717,1.0734,0
5218,1.0000,188.9180,211.6908,1.1205,0
5219,0.9000,183.9185,205.4386,1.1170,0
5220,1.0000,95.4987,159.9062,1.6744,0
5221,1.0000,191.2067,238.1197,1.2454,0
5222,0.9000,200.2074,231.9698,1.1586,0
5223,1.0000,175.3625,244.0369,1.3916,0
5224,1.0000,98.7826,145.2240,1.4701,0
5225,1.0000,254.9647,271.2932,1.0640,0
5226,1.0000,143.9132,155.9904,1.0839,0
5227,1.0000,98.1886,117.2902,1.1945,0
5228,1.0000,232.2520,282.9046,1.2181,0
5229,1.0000,161.2607,228.5782,1.4174,0
5230,0.9000,147.8986,168.4043,1.1386,0
5231,1.0000,201.7598,309.9081,1.5360,0
5232,1.0000,160.7203,234.9915,1.4621,0
5233,1.0000,185.2080,202.3388,1.0925,0
5234,1.0000,221.6100,238.5225,1.0763,0
5235,0.9000,253.0613,265.9342,1.0509,0
5236,1.0000,94.2974,123.3896,1.3085,0
5237,1.0000,221.9121,256.9922,1.1581,0
5238,1.0000,179.3990,191.9635,1.0700,0
5239,1.0000,91.9239,132.4538,1.4409,0
5240,1.0000,174.1436,196.8451,1.1304,0
5241,1.0000,116.3400,199.8224,1.7176,0
5242,0.9000,233.5551,258.0465,1.1049,0
5243,1.0000,115.2345,164.3137,1.4259,0
5244,1.0000,160.2498,219.4561,1.3695,0
5245,1.0000,131.6131,186.4564,1.4167,0
5246,1.0000,118.2159,156.8439,1.3268,0
5247,1.0000,284.9667,309.8580,1.0873,0
5248,1.0000,37.0000,44.8999,1.2135,0
5249,0.9000,293.1024,308.5547,1.0527,0
5250,1.0000,103.3151,140.8297,1.3631,0
5251,1.0000,240.7073,267.0506,1.1094,0
5252,1.0000,30.8707,64.7611,2.0978,0
5253,1.0000,264.9623,294.2669,1.1106,0
5254,1.0000,205.9272,237.2130,1.1519,0
5255,1.0000,112.5522,124.6916,1.1079,0
5256,1.0000,208.6432,228.5913,1.0956,0
5257,1.0000,153.4275,172.1598,1.1221,0
5258,1.0000,109.1604,132.8571,1.2171,0
5259,1.0000,158.8269,175.0343,1.1020,0
5260,1.0000,177.4570,190.4075,1.0730,0
5261,1.0000,95.1367,131.2021,1.3791,0
5262,1.0000,91.5205,156.6046,1.7111,0
5263,1.0000,197.4133,214.1962,1.0850,0
5264,1.0000,183.7961,200.2224,1.0894,0
5265,0.9000,178.3031,199.9575,1.1214,0
5266,1.0000,138.6687,154.1460,1.1116,0
5267,1.0000,147.5025,198.6102,1.3465,0
5268,1.0000,144.0174,156.4417,1.0863,0
5269,1.0000,194.3399,209.6879,1.0790,0
5270,0.8000,212.9624,232.3424,1.0910,0
5271,1.0000,165.8463,182.2526,1.0989,0
5272,0.6000,222.1126,232.4715,1.0466,0
5273,1.0000,210.1380,219.6019,1.0450,0
5274,0.9000,241.6340,252.1547,1.0435,0
5275,1.0000,196.8781,205.7450,1.0450,0
5276,1.0000,265.3093,290.7800,1.0960,0
5277,0.9000,224.4059,239.9500,1.0693,0
5278,1.0000,203.9975,218.2430,1.0698,0
5279,1.0000,252.8676,275.4396,1.0893,0
5280,1.0000,274.3392,308.1039,1.1231,0
5281,0.9000,260.8179,281.6523,1.0799,0
5282,1.0000,195.4380,207.5476,1.0620,0
5283,1.0000,153.0784,187.1630,1.2227,0
5284,1.0000,177.2823,233.7156,1.3183,0
5285,1.0000,259.6498,271.6431,1.0462,0
5286,1.0000,148.1452,155.6888,1.0509,0
5287,1.0000,170.9298,181.2484,1.0604,0
5288,0.9000,195.3279,211.6341,1.0835,0
5289,1.0000,208.7175,230.7119,1.1054,0
5290,1.0000,170.1147,184.4885,1.0845,0
5291,1.0000,173.3984,190.1263,1.0965,0
5292,0.9000,179.8805,193.0829,1.0734,0
5293,0.9000,201.2610,216.7741,1.0771,0
5294,1.0000,95.5353,145.2584,1.5205,0
5295,1.0000,125.1839,150.2465,1.2002,0
5296,1.0000,173.3695,193.6388,1.1169,0
5297,1.0000,141.1276,169.7557,1.2029,0
5298,1.0000,229.3883,241.7023,1.0537,0
5299,0.9000,195.9388,211.2463,1.0781,0
5300,0.8000,232.1357,241.4560,1.0402,0
5301,1.0000,164.3198,182.5431,1.1109,0
5302,1.0000,162.3022,170.0618,1.0478,0
5303,1.0000,202.8324,240.5140,1.1858,0
5304,0.9000,207.1352,250.6372,1.2100,0
5305,1.0000,181.7223,194.1262,1.0683,0
5306,1.0000,208.9067,225.7919,1.0808,0
5307,1.0000,185.5963,225.2066,1.2134,0
5308,1.0000,109.2428,136.5540,1.2500,0
5309,1.0000,219.5883,277.8471,1.2653,0
5310,1.0000,158.0285,167.6991,1.0612,0
5311,1.0000,98.8079,105.1047,1.0637,0
5312,1.0000,85.7146,102.7619,1.1989,0
5313,0.9000,254.4759,278.9265,1.0961,0
5314,1.0000,175.5278,188.6319,1.0747,0
5315,1.0000,83.7437,87.2124,1.0414,0
5316,1.0000,145.1103,164.5995,1.1343,0
5317,1.0000,124.1008,140.6627,1.1335,0
5318,1.0000,149.5426,169.7969,1.1354,0
5319,1.0000,84.2378,97.2625,1.1546,0
5320,1.0000,50.3389,83.6122,1.6610,0
5321,1.0000,210.1000,240.8049,1.1461,0
5322,1.0000,83.4446,106.2732,1.2736,0
5323,1.0000,74.0405,95.1105,1.2846,0
5324,1.0000,87.6356,111.1306,1.2681,0
5325,1.0000,206.7873,225.7410,1.0917,0
5326,1.0000,200.4245,221.0475,1.1029,0
5327,0.9000,231.2012,247.4146,1.0701,0
5328,1.0000,75.8222,98.1428,1.2944,0
5329,0.9000,143.5862,155.6535,1.0840,0
5330,1.0000,197.7928,220.4563,1.1146,0
5331,1.0000,115.1825,190.5676,1.6545,0
5332,1.0000,173.5425,214.3012,1.2349,0
5333,1.0000,259.7903,290.5065,1.1182,0
5334,0.8000,228.7859,255.2685,1.1158,0
5335,1.0000,206.0995,232.1250,1.1263,0
5336,1.0000,143.5514,175.4651,1.2223,0
5337,1.0000,110.1408,122.9227,1.1161,0
5338,1.0000,89.9944,101.0693,1.1231,0
5339,1.0000,92.8816,138.4666,1.4908,0
5340,1.0000,160.9565,201.2039,1.2501,0
5341,1.0000,202.9384,232.5640,1.1460,0
5342,1.0000,197.3373,248.9357,1.2615,0
5343,1.0000,161.4652,192.7252,1.1936,0
5344,1.0000,167.0419,188.9974,1.1314,0
5345,1.0000,210.8317,226.2366,1.0731,0
5346,0.9000,158.3667,206.9517,1.3068,0
5347,1.0000,206.5333,250.7309,1.2140,0
5348,0.9000,220.9434,231.7067,1.0487,0
5349,1.0000,220.8189,238.0168,1.0779,0
5350,1.0000,129.9769,148.4284,1.1420,0
5351,1.0000,156.3010,188.4304,1.2056,0
5352,1.0000,210.5232,256.6554,1.2191,0
5353,1.0000,108.7658,243.3352,2.2372,0
5354,0.8000,225.6967,275.3380,1.2199,0
5355,0.9000,160.4089,171.5051,1.0692,0
5356,1.0000,215.0419,233.9487,1.0879,0
5357,1.0000,67.1193,79.6681,1.1870,0
5358,1.0000,104.0048,110.1817,1.0594,0
5359,1.0000,195.7141,209.5304,1.0706,0
5360,1.0000,216.5872,246.2478,1.1369,0
5361,1.0000,206.2911,240.4517,1.1656,0
5362,1.0000,134.3205,155.2095,1.1555,0
5363,1.0000,139.9035,166.0964,1.1872,0
5364,1.0000,168.4191,197.3195,1.1716,0
5365,1.0000,154.2595,175.6445,1.1386,0
5366,0.8000,218.6664,233.2081,1.0665,0
5367,0.7000,86.4870,157.3499,1.8193,0
5368,1.0000,156.0801,175.9176,1.1271,0
5369,1.0000,157.5309,175.6445,1.1150,0
5370,1.0000,157.1337,175.4223,1.1164,0
5371,0.6000,226.3029,244.4627,1.0802,0
5372,1.0000,176.4823,190.9424,1.0819,0
5373,1.0000,143.6315,160.4961,1.1174,0
5374,1.0000,236.5756,260.8371,1.1026,0
5375,0.9000,179.7276,189.9553,1.0569,0
5376,1.0000,155.9134,174.8142,1.1212,0
5377,1.0000,194.9410,229.0808,1.1751,0
5378,0.9000,133.4016,159.6872,1.1970,0
5379,1.0000,239.8812,258.3738,1.0771,0
5380,1.0000,204.1984,221.6100,1.0853,0
5381,1.0000,255.5758,279.9875,1.0955,0
5382,1.0000,194.4582,219.0228,1.1263,0
5383,1.0000,221.2171,259.5708,1.1734,0
5384,0.9000,263.1995,275.0327,1.0450,0
5385,1.0000,185.6691,202.5833,1.0911,0
5386,1.0000,219.2852,230.3910,1.0506,0
5387,1.0000,205.6818,233.7606,1.1365,0
5388,1.0000,181.0083,195.6706,1.0810,0
5389,1.0000,156.2530,225.2288,1.4414,0
5390,1.0000,263.7499,298.4058,1.1314,0
5391,0.9000,219.5199,239.0565,1.0890,0
5392,0.8000,221.7476,262.1030,1.1820,0
5393,0.8000,230.8289,249.6277,1.0814,0
5394,1.0000,97.7036,267.2040,2.7348,0
5395,1.0000,177.2428,192.7226,1.0873,0
5396,1.0000,138.1050,159.8061,1.1571,0
5397,1.0000,268.0933,294.8288,1.0997,0
5398,1.0000,185.8924,202.0173,1.0867,0
5399,1.0000,144.9241,156.8343,1.0822,0
5400,0.9000,232.6886,246.0589,1.0575,0
5401,1.0000,184.1820,201.6680,1.0949,0
5402,1.0000,228.4053,252.5549,1.1057,0
5403,1.0000,139.9714,167.3230,1.1954,0
5404,0.9000,219.9705,225.6701,1.0259,0
5405,1.0000,172.7715,193.6801,1.1210,0
5406,1.0000,230.6621,250.2319,1.0848,0
5407,1.0000,217.0968,238.2625,1.0975,0
5408,1.0000,239.8187,260.7834,1.0874,0
5409,1.0000,248.0181,282.2446,1.1380,0
5410,1.0000,198.1111,232.3855,1.1730,0
5411,1.0000,256.6437,277.1895,1.0801,0
5412,1.0000,249.8199,265.1377,1.0613,0
5413,1.0000,198.3809,215.5783,1.0867,0
5414,0.9000,240.3622,258.4144,1.0751,0
5415,1.0000,180.8369,213.3635,1.1799,0
5416,1.0000,244.8469,273.7115,1.1179,0
5417,0.9000,220.7147,249.8399,1.1320,0
5418,0.9000,242.6087,260.7834,1.0749,0
5419,0.9000,205.3582,236.5692,1.1520,0
5420,1.0000,198.7259,234.6167,1.1806,0
5421,0.9000,223.4413,244.6610,1.0950,0
5422,0.9000,231.8167,269.1672,1.1611,0
5423,1.0000,180.9641,202.6154,1.1196,0
5424,1.0000,240.9191,258.0949,1.0713,0
5425,1.0000,216.5895,224.4749,1.0364,0
5426,1.0000,187.6753,204.3086,1.0886,0
5427,1.0000,237.9075,266.2048,1.1189,0
5428,1.0000,250.3997,276.7309,1.1052,0
5429,1.0000,110.9640,216.7256,1.9531,0
5430,1.0000,207.8750,227.1585,1.0928,0
5431,1.0000,157.6293,194.8384,1.2361,0
5432,1.0000,248.4291,259.0116,1.0426,0
5433,1.0000,217.1060,235.8962,1.0865,0
5434,1.0000,189.2696,217.0968,1.1470,0
5435,1.0000,178.4769,208.2114,1.1666,0
5436,1.0000,222.2341,238.1071,1.0714,0
5437,1.0000,200.7386,225.1599,1.1217,0
5438,1.0000,148.8590,187.3393,1.2585,0
5439,0.9000,209.2725,240.2624,1.1481,0
5440,1.0000,156.9204,201.7102,1.2854,0
5441,1.0000,240.9876,266.5746,1.1062,0
5442,1.0000,217.6281,255.4525,1.1738,0
5443,0.9000,219.9091,245.9695,1.1185,0
5444,1.0000,257.8100,272.0717,1.0553,0
5445,1.0000,185.2404,201.7003,1.0889,0
5446,1.0000,188.7220,210.7866,1.1169,0
5447,0.8000,264.2896,289.1660,1.0941,0
5448,1.0000,229.3643,250.3677,1.0916,0
5449,0.9000,179.2177,201.4125,1.1238,0
5450,1.0000,197.3601,244.3420,1.2381,0
5451,0.9000,221.0249,233.6942,1.0573,0
5452,0.9000,214.4481,245.0347,1.1426,0
5453,1.0000,235.0511,256.2616,1.0902,0
5454,1.0000,190.9869,256.7333,1.3442,0
5455,1.0000,249.2749,262.6081,1.0535,0
5456,1.0000,106.7848,127.3067,1.1922,0
5457,1.0000,191.3583,205.7984,1.0755,0
5458,0.9000,212.1721,226.4707,1.0674,0
5459,1.0000,219.2350,242.5366,1.1063,0
5460,1.0000,174.0287,189.0212,1.0861,0
5461,0.9000,241.6154,254.3777,1.0528,0
5462,1.0000,198.9698,217.3545,1.0924,0
5463,1.0000,198.3129,216.6149,1.0923,0
5464,0.7000,252.6816,272.9341,1.0802,0
5465,0.8000,259.9981,272.9670,1.0499,0
5466,1.0000,265.6803,284.4732,1.0707,0
5467,1.0000,209.8547,222.3826,1.0597,0
5468,1.0000,218.8767,242.4830,1.1079,0
5469,1.0000,136.5980,245.2835,1.7957,0
5470,1.0000,181.9808,243.6206,1.3387,0
5471,1.0000,209.9905,244.3379,1.1636,0
5472,1.0000,243.2139,256.8229,1.0560,0
5473,1.0000,252.6678,264.3974,1.0464,0
5474,1.0000,224.3346,242.3469,1.0803,0
5475,1.0000,205.0244,239.4890,1.1681,0
5476,1.0000,253.0988,265.8778,1.0505,0
5477,1.0000,257.1225,272.7270,1.0607,0
5478,1.0000,182.8688,208.8947,1.1423,0
5479,1.0000,109.7315,119.3440,1.0876,0
5480,1.0000,200.4645,219.8067,1.0965,0
5481,1.0000,115.1694,125.5149,1.0898,0
5482,1.0000,280.7597,293.8418,1.0466,0
5483,1.0000,190.9921,223.6783,1.1711,0
5484,1.0000,165.7257,193.7008,1.1688,0
5485,0.9000,241.8739,267.0786,1.1042,0
5486,1.0000,240.2041,256.2226,1.0667,0
5487,0.7000,262.7071,285.5381,1.0869,0
5488,1.0000,181.0856,205.6016,1.1354,0
5489,1.0000,227.4643,251.8948,1.1074,0
5490,1.0000,178.4461,199.8825,1.1201,0
5491,0.8000,255.0059,271.2121,1.0636,0
5492,1.0000,183.6437,203.0493,1.1057,0
5493,1.0000,224.8399,243.8155,1.0844,0
5494,1.0000,192.4708,213.0798,1.1071,0
5495,0.8000,225.9181,275.3325,1.2187,0
5496,1.0000,220.0614,249.8900,1.1355,0
5497,0.8000,246.9777,261.0249,1.0569,0
5498,1.0000,245.8109,266.4658,1.0840,0
5499,0.9000,218.5063,278.5803,1.2749,0
5500,0.9000,270.4829,293.8401,1.0864,0
5501,1.0000,255.5465,271.0184,1.0605,0
5502,0.9000,225.7543,253.0435,1.1209,0
5503,0.9000,232.2822,254.0453,1.0937,0
5504,1.0000,185.8682,196.5477,1.0575,0
5505,1.0000,223.3674,238.9707,1.0699,0
5506,0.8000,261.1666,280.0982,1.0725,0
5507,0.9000,233.5872,262.9335,1.1256,0
5508,1.0000,114.9348,142.0176,1.2356,0
5509,0.8000,244.6365,256.8696,1.0500,0
5510,1.0000,199.1708,218.8356,1.0987,0
5511,1.0000,201.1517,220.3815,1.0956,0
5512,1.0000,248.0000,282.1932,1.1379,0
5513,0.7000,186.1048,195.3126,1.0495,0
5514,1.0000,206.9903,236.0805,1.1405,0
5515,0.8000,220.6536,245.2835,1.1116,0
5516,1.0000,281.7730,302.4335,1.0733,0
5517,1.0000,250.3458,268.6876,1.0733,0
5518,1.0000,194.3708,213.2862,1.0973,0
5519,1.0000,176.6833,212.4853,1.2026,0
5520,0.9000,210.8696,246.0447,1.1668,0
5521,1.0000,237.3689,267.0393,1.1250,0
5522,1.0000,167.0688,201.5267,1.2062,0
5523,1.0000,250.3837,267.4117,1.0680,0
5524,1.0000,185.3079,201.7424,1.0887,0
5525,0.9000,229.3011,249.3010,1.0872,0
5526,0.8000,255.6599,272.6096,1.0663,0
5527,0.7000,248.0464,265.8345,1.0717,0
5528,0.9000,267.4846,299.8633,1.1210,0
5529,1.0000,271.3172,299.5597,1.1041,0
5530,1.0000,188.0399,203.2609,1.0809,0
5531,0.9000,177.9270,227.3390,1.2777,0
5532,1.0000,147.7329,171.7702,1.1627,0
5533,0.9000,274.2772,316.5612,1.1542,0
5534,1.0000,269.8296,291.7105,1.0811,0
5535,1.0000,186.3894,194.6664,1.0444,0
5536,1.0000,218.1009,245.7295,1.1267,0
5537,1.0000,193.1295,212.8873,1.1023,0
5538,1.0000,162.7882,186.3384,1.1447,0
5539,1.0000,233.6964,269.7814,1.1544,0
5540,1.0000,183.3439,226.7576,1.2368,0
5541,0.9000,249.2449,260.7508,1.0462,0
5542,1.0000,147.4720,238.8075,1.6193,0
5543,1.0000,239.8229,267.7854,1.1166,0
5544,1.0000,238.0987,262.7584,1.1036,0
5545,1.0000,247.7156,272.7581,1.1011,0
5546,1.0000,245.1918,265.9098,1.0845,0
5547,1.0000,251.9087,289.2750,1.1483,0
5548,0.8000,231.4044,278.2607,1.2025,0
5549,1.0000,278.4349,295.0153,1.0595,0
5550,0.9000,206.0485,216.3585,1.0500,0
5551,1.0000,224.1874,257.1925,1.1472,0
5552,1.0000,177.8061,205.4945,1.1557,0
5553,0.5000,257.7654,277.1444,1.0752,0
5554,1.0000,235.3699,266.6758,1.1330,0
5555,1.0000,224.0536,251.1374,1.1209,0
5556,1.0000,216.5040,239.9875,1.1085,0
5557,0.9000,190.5518,224.7999,1.1797,0
5558,1.0000,224.5774,259.6517,1.1562,0
5559,1.0000,191.9088,217.8600,1.1352,0
5560,1.0000,251.2131,264.1174,1.0514,0
5561,1.0000,268.6950,292.4449,1.0884,0
5562,0.9000,250.6811,271.3780,1.0826,0
5563,1.0000,233.3045,257.4238,1.1034,0
5564,1.0000,258.6871,290.2947,1.1222,0
5565,1.0000,209.9643,232.6757,1.1082,0
5566,1.0000,255.0706,276.9856,1.0859,0
5567,1.0000,224.4059,259.0656,1.1545,0
5568,1.0000,227.6972,254.5977,1.1181,0
5569,0.8000,245.9106,260.9943,1.0613,0
5570,1.0000,249.8259,274.3975,1.0984,0
5571,1.0000,189.8078,212.4994,1.1196,0
5572,1.0000,122.4745,160.0625,1.3069,0
5573,1.0000,164.4202,183.0983,1.1136,0
5574,1.0000,127.4951,165.3935,1.2973,0
5575,1.0000,144.7377,158.7230,1.0966,0
5576,0.9000,270.3479,286.7019,1.0605,0
5577,1.0000,130.1691,150.0766,1.1529,0
5578,1.0000,150.1333,161.1831,1.0736,0
5579,0.8000,196.4434,223.5733,1.1381,0
5580,1.0000,126.8818,162.6192,1.2817,0
5581,1.0000,236.9620,244.4811,1.0317,0
5582,0.9000,215.6942,226.3184,1.0493,0
5583,1.0000,181.9945,209.6879,1.1522,0
5584,0.9000,171.8080,181.3009,1.0553,0
5585,1.0000,125.1759,154.0422,1.2306,0
5586,1.0000,109.4852,144.2810,1.3178,0
5587,0.9000,267.0412,286.5432,1.0730,0
5588,0.9000,230.1456,246.9514,1.0730,0
5589,1.0000,123.7417,136.1396,1.1002,0
5590,0.9000,283.4131,303.5507,1.0711,0
5591,0.8000,227.1893,245.3915,1.0801,0
5592,1.0000,175.1885,225.0178,1.2844,0
5593,1.0000,235.2871,249.5316,1.0605,0
5594,1.0000,223.8013,238.8682,1.0673,0
5595,1.0000,232.6435,247.5237,1.0640,0
5596,0.9000,203.6050,227.7521,1.1186,0
5597,0.8000,260.1942,270.6344,1.0401,0
5598,1.0000,184.1141,202.4475,1.0996,0
5599,1.0000,137.1459,156.2114,1.1390,0
5600,1.0000,181.6232,226.6539,1.2479,0
5601,1.0000,197.7878,221.2758,1.1188,0
5602,1.0000,202.0668,212.8826,1.0535,0
5603,0.9000,219.6224,252.2320,1.1485,0
5604,1.0000,161.6570,182.2361,1.1273,0
5605,1.0000,151.6015,179.9889,1.1873,0
5606,1.0000,182.9918,214.6253,1.1729,0
5607,1.0000,194.3682,223.3652,1.1492,0
5608,1.0000,226.2079,245.4486,1.0851,0
5609,0.9000,200.7984,231.5815,1.1533,0
5610,1.0000,216.2684,251.3225,1.1621,0
5611,0.8000,237.2825,256.8326,1.0824,0
5612,1.0000,229.2226,253.0652,1.1040,0
5613,1.0000,188.6054,208.2883,1.1044,0
5614,1.0000,166.5803,192.2030,1.1538,0
5615,0.9000,213.3096,221.4091,1.0380,0
5616,0.9000,215.1395,223.7320,1.0399,0
5617,1.0000,233.6728,260.3555,1.1142,0
5618,1.0000,203.3445,283.2684,1.3930,0
5619,0.8000,233.7563,255.5230,1.0931,0
5620,0.9000,230.2195,249.6057,1.0842,0
5621,1.0000,205.6915,238.0756,1.1574,0
5622,0.9000,243.8586,255.0784,1.0460,0
5623,1.0000,166.0542,195.5710,1.1778,0
5624,1.0000,201.6581,234.0876,1.1608,0
5625,1.0000,120.9091,149.9400,1.2401,0
5626,1.0000,190.4547,230.0587,1.2079,0
5627,1.0000,170.9327,181.7883,1.0635,0
5628,1.0000,153.8018,176.9350,1.1504,0
5629,1.0000,234.4739,257.8643,1.0998,0
5630,1.0000,184.0109,208.5426,1.1333,0
5631,1.0000,213.8130,245.9228,1.1502,0
5632,1.0000,223.5733,271.4240,1.2140,0
5633,1.0000,241.4084,254.9431,1.0561,0
5634,1.0000,212.0047,264.1401,1.2459,0
5635,1.0000,207.5139,241.2323,1.1625,0
5636,1.0000,167.4276,184.6023,1.1026,0
5637,1.0000,236.4276,253.7518,1.0733,0
5638,1.0000,240.8879,278.4026,1.1557,0
5639,1.0000,199.8800,206.1286,1.0313,0
5640,1.0000,166.8532,217.9839,1.3064,0
5641,0.9000,256.0215,279.8500,1.0931,0
5642,0.9000,211.7971,219.8454,1.0380,0
5643,1.0000,268.7397,297.5886,1.1073,0
5644,1.0000,192.5591,215.7753,1.1206,0
5645,1.0000,207.4632,249.6117,1.2032,0
5646,1.0000,184.6591,203.2511,1.1007,0
5647,1.0000,190.9136,231.3353,1.2117,0
5648,1.0000,194.1237,240.5514,1.2392,0
5649,1.0000,205.0927,228.0658,1.1120,0
5650,1.0000,132.2573,151.1522,1.1429,0
5651,1.0000,231.1233,250.6970,1.0847,0
5652,0.9000,258.2673,276.1141,1.0691,0
5653,1.0000,144.1041,176.2498,1.2231,0
5654,0.8000,213.3542,230.5927,1.0808,0
5655,1.0000,131.1755,158.7608,1.2103,0
5656,1.0000,215.6502,242.7303,1.1256,0
5657,0.9000,189.7208,206.4098,1.0880,0
5658,1.0000,200.7337,227.2202,1.1319,0
5659,1.0000,251.0100,274.9600,1.0954,0
5660,1.0000,210.3473,232.1831,1.1038,0
5661,0.9000,256.6476,275.6737,1.0741,0
5662,1.0000,166.1806,206.5357,1.2428,0
5663,0.9000,237.9370,260.5110,1.0949,0
5664,0.9000,244.0861,264.1212,1.0821,0
5665,1.0000,129.9038,138.5496,1.0666,0
5666,1.0000,142.3341,170.7718,1.1998,0
5667,1.0000,180.2471,201.8638,1.1199,0
5668,1.0000,146.7174,167.0718,1.1387,0
5669,1.0000,175.8352,213.7990,1.2159,0
5670,1.0000,171.7556,198.8341,1.1577,0
5671,1.0000,214.8511,223.6470,1.0409,0
5672,1.0000,238.7614,276.3693,1.1575,0
5673,1.0000,171.6595,198.6681,1.1573,0
5674,1.0000,280.1464,296.9798,1.0601,0
5675,1.0000,189.3806,225.5061,1.1908,0
5676,1.0000,173.7297,185.3079,1.0666,0
5677,1.0000,183.9538,212.7322,1.1564,0
5678,1.0000,178.1179,207.3186,1.1639,0
5679,1.0000,230.6014,240.0500,1.0410,0
5680,1.0000,232.7402,247.8871,1.0651,0
5681,0.8000,224.8889,237.8823,1.0578,0
5682,1.0000,195.5889,229.3491,1.1726,0
5683,1.0000,125.4472,132.3745,1.0552,0
5684,1.0000,218.4193,233.9038,1.0709,0
5685,1.0000,98.5698,113.2652,1.1491,0
5686,0.9000,185.2350,209.1602,1.1292,0
5687,1.0000,175.3197,203.3495,1.1599,0
5688,1.0000,197.7802,246.5340,1.2465,0
5689,1.0000,241.9690,253.6218,1.0482,0
5690,1.0000,250.4476,277.0957,1.1064,0
5691,1.0000,259.3164,277.5986,1.0705,0
5692,1.0000,224.8444,240.4371,1.0693,0
5693,0.9000,276.1340,283.4996,1.0267,0
5694,1.0000,220.0523,243.8709,1.1082,0
5695,1.0000,164.8969,189.2406,1.1476,0
5696,1.0000,163.3065,186.6494,1.1429,0
5697,0.9000,184.7539,205.5432,1.1125,0
5698,1.0000,230.7271,259.6440,1.1253,0
5699,0.9000,236.1948,254.4327,1.0772,0
5700,1.0000,159.8718,173.8821,1.0876,0
5701,1.0000,207.8653,237.7141,1.1436,0
5702,1.0000,269.3009,295.8496,1.0986,0
5703,1.0000,198.8266,211.0237,1.0613,0
5704,0.9000,238.7530,259.2586,1.0859,0
5705,1.0000,230.1673,240.0937,1.0431,0
5706,0.9000,201.5341,209.8380,1.0412,0
5707,0.9000,173.4042,230.2564,1.3279,0
5708,1.0000,242.5613,258.1608,1.0643,0
5709,1.0000,108.9587,129.0775,1.1846,0
5710,1.0000,133.8021,153.4666,1.1470,0
5711,1.0000,187.1016,191.4210,1.0231,0
5712,0.9000,192.4916,203.3617,1.0565,0
5713,1.0000,189.6418,204.4138,1.0779,0
5714,0.9000,248.9578,256.7197,1.0312,0
5715,1.0000,166.5323,216.2892,1.2988,0
5716,1.0000,167.1048,190.7564,1.1415,0
5717,0.8000,281.6256,298.1828,1.0588,0
5718,1.0000,157.0318,173.7556,1.1065,0
5719,1.0000,173.5540,186.2901,1.0734,0
5720,1.0000,203.6664,219.2784,1.0767,0
5721,1.0000,195.1230,242.2684,1.2416,0
5722,1.0000,174.0057,203.2978,1.1683,0
5723,1.0000,73.5663,84.3564,1.1467,0
5724,1.0000,226.1106,255.5856,1.1304,0
5725,1.0000,171.8080,194.9564,1.1347,0
5726,1.0000,178.0140,200.8333,1.1282,0
5727,1.0000,110.9730,129.9231,1.1708,0
5728,1.0000,137.0292,154.3438,1.1264,0
5729,1.0000,183.8641,213.2018,1.1596,0
5730,1.0000,182.3924,218.2842,1.1968,0
5731,1.0000,218.8424,249.1566,1.1385,0
5732,1.0000,206.0752,224.7510,1.0906,0
5733,1.0000,197.6967,227.5851,1.1512,0
5734,1.0000,242.9753,251.8631,1.0366,0
5735,1.0000,133.8656,151.4398,1.1313,0
5736,1.0000,211.8301,235.0213,1.1095,0
5737,1.0000,234.9638,252.0952,1.0729,0
5738,1.0000,102.1616,133.4129,1.3059,0
5739,0.8000,234.5613,245.8272,1.0480,0
5740,1.0000,215.2348,242.3427,1.1259,0
5741,1.0000,198.9447,235.9958,1.1862,0
5742,1.0000,197.9697,223.8951,1.1310,0
5743,1.0000,265.6690,276.7743,1.0418,0
5744,1.0000,211.5420,239.3011,1.1312,0
5745,1.0000,244.5567,267.5444,1.0940,0
5746,0.9000,186.4913,205.2170,1.1004,0
5747,1.0000,231.1947,246.3757,1.0657,0
5748,1.0000,220.5516,241.4208,1.0946,0
5749,0.8000,248.2358,259.2682,1.0444,0
5750,1.0000,194.7563,204.5287,1.0502,0
5751,0.9000,228.3747,255.4760,1.1187,0
5752,1.0000,203.1625,224.4905,1.1050,0
5753,1.0000,149.8833,183.0683,1.2214,0
5754,1.0000,184.0326,199.0678,1.0817,0
5755,0.9000,247.5136,278.6808,1.1259,0
5756,1.0000,235.6947,253.5981,1.0760,0
5757,1.0000,198.0177,217.4052,1.0979,0
5758,1.0000,200.5866,221.1425,1.1025,0
5759,1.0000,211.6176,225.3664,1.0650,0
5760,0.9000,215.9305,235.9597,1.0928,0
5761,1.0000,248.8915,290.4961,1.1672,0
5762,1.0000,263.0475,294.6863,1.1203,0
5763,1.0000,151.5454,173.0925,1.1422,0
5764,1.0000,238.6776,259.6825,1.0880,0
5765,1.0000,176.6918,191.5072,1.0838,0
5766,1.0000,184.4912,211.9033,1.1486,0
5767,0.9000,223.5822,253.0830,1.1319,0
5768,1.0000,212.2499,240.4454,1.1328,0
5769,1.0000,110.9099,148.5665,1.3395,0
5770,1.0000,119.1302,153.6815,1.2900,0
5771,0.7000,222.8789,259.7826,1.1656,0
5772,1.0000,190.5151,223.7610,1.1745,0
5773,1.0000,149.0705,175.9744,1.1805,0
5774,1.0000,189.5706,204.2939,1.0777,0
5775,1.0000,267.7144,285.0070,1.0646,0
5776,1.0000,148.0709,161.3320,1.0896,0
5777,1.0000,164.7786,181.4855,1.1014,0
5778,1.0000,189.6760,226.0022,1.1915,0
5779,0.8000,270.1333,293.2337,1.0855,0
5780,1.0000,212.1532,242.5242,1.1432,0
5781,1.0000,230.0109,250.8864,1.0908,0
5782,1.0000,217.4856,234.0961,1.0764,0
5783,1.0000,63.0635,87.4814,1.3872,0
5784,1.0000,270.7194,307.9156,1.1374,0
5785,1.0000,138.7408,155.3480,1.1197,0
5786,1.0000,208.9809,236.1186,1.1299,0
5787,1.0000,194.2884,219.6975,1.1308,0
5788,1.0000,153.3884,178.8715,1.1661,0
5789,1.0000,245.2937,272.9450,1.1127,0
5790,1.0000,185.7929,221.2962,1.1911,0
5791,1.0000,185.4184,207.1159,1.1170,0
5792,1.0000,121.1569,132.5028,1.0936,0
5793,1.0000,182.3102,233.8183,1.2825,0
5794,1.0000,116.0733,134.8221,1.1615,0
5795,1.0000,217.5615,243.3393,1.1185,0
5796,1.0000,96.1821,112.5167,1.1698,0
5797,1.0000,184.2037,207.0145,1.1238,0
5798,1.0000,186.2096,199.3690,1.0707,0
5799,1.0000,124.3061,198.0177,1.5930,0
5800,1.0000,48.6518,157.6959,3.2413,0
5801,1.0000,210.1190,249.4414,1.1871,0
5802,1.0000,113.9166,221.9189,1.9481,0
5803,1.0000,111.3014,243.0535,2.1837,0
5804,1.0000,94.1116,126.8542,1.3479,0
5805,1.0000,155.0194,194.8564,1.2570,0
5806,1.0000,222.8340,238.2436,1.0692,0
5807,1.0000,54.1387,61.1801,1.1301,0
5808,1.0000,222.8542,249.6177,1.1201,0
5809,1.0000,180.3053,211.3552,1.1722,0
5810,1.0000,127.2949,193.7137,1.5218,0
5811,1.0000,156.6142,219.0046,1.3984,0
5812,1.0000,103.6677,171.0029,1.6495,0
5813,1.0000,159.2074,215.8611,1.3558,0
5814,1.0000,85.5862,191.5959,2.2386,0
5815,1.0000,135.5655,193.8659,1.4301,0
5816,1.0000,215.7591,240.9191,1.1166,0
5817,1.0000,103.0146,118.3469,1.1488,0
5818,1.0000,145.0448,238.7928,1.6463,0
5819,1.0000,218.1857,247.2630,1.1333,0
5820,0.9000,191.7264,208.0865,1.0853,0
5821,1.0000,185.5074,272.5619,1.4693,0
5822,1.0000,151.5124,222.2004,1.4665,0
5823,1.0000,74.6190,185.3969,2.4846,0
5824,0.9000,118.0424,197.0228,1.6691,0
5825,1.0000,81.6946,204.6094,2.5046,0
5826,1.0000,199.1155,258.5981,1.2987,0
5827,1.0000,170.3966,225.1555,1.3214,0
5828,1.0000,204.4578,248.0605,1.2133,0
5829,1.0000,125.8292,190.5833,1.5146,0
5830,0.8000,275.4396,291.3434,1.0577,0
5831,1.0000,249.1887,279.0018,1.1196,0
5832,1.0000,231.5772,271.8768,1.1740,0
5833,1.0000,130.5220,203.4994,1.5591,0
5834,1.0000,161.1986,220.1590,1.3658,0
5835,1.0000,136.0845,155.1644,1.1402,0
5836,0.9000,292.4073,304.0378,1.0398,0
5837,1.0000,140.5738,272.9450,1.9416,0
5838,1.0000,241.7706,275.3761,1.1390,0
5839,1.0000,181.2291,230.0174,1.2692,0
5840,1.0000,219.1164,244.8306,1.1174,0
5841,1.0000,159.9656,270.4995,1.6910,0
5842,1.0000,116.2583,223.7387,1.9245,0
5843,1.0000,93.9574,279.7588,2.9775,0
5844,1.0000,163.6001,200.4694,1.2254,0
5845,1.0000,234.0897,253.3792,1.0824,0
5846,0.9000,176.4823,313.7897,1.7780,0
5847,1.0000,214.8418,236.1038,1.0990,0
5848,1.0000,101.2225,210.3545,2.0781,0
5849,1.0000,170.9912,241.6154,1.4130,0
5850,1.0000,246.3453,267.3443,1.0852,0
5851,1.0000,182.9153,219.9727,1.2026,0
5852,1.0000,183.4911,257.9322,1.4057,0
5853,1.0000,243.5056,269.7888,1.1079,0
5854,1.0000,217.7039,273.6165,1.2568,0
5855,0.9000,214.4015,232.9421,1.0865,0
5856,0.9000,236.1948,251.9266,1.0666,0
5857,0.7000,278.8082,294.2958,1.0555,0
5858,1.0000,183.9049,194.3142,1.0566,0
5859,1.0000,225.4329,246.1443,1.0919,0
5860,1.0000,275.2163,291.7448,1.0601,0
5861,1.0000,96.8607,253.6967,2.6192,0
5862,1.0000,214.6812,258.0329,1.2019,0
5863,1.0000,153.5448,237.8087,1.5488,0
5864,1.0000,114.2147,167.1496,1.4635,0
5865,1.0000,198.3532,229.3447,1.1562,0
5866,1.0000,150.5988,230.5992,1.5312,0
5867,1.0000,208.3315,265.5692,1.2747,0
5868,0.9000,254.9765,286.8658,1.1251,0
5869,0.9000,251.3762,289.3769,1.1512,0
5870,0.9000,212.9296,279.1648,1.3111,0
5871,1.0000,233.4074,275.2363,1.1792,0
5872,0.9000,163.2636,196.8299,1.2056,0
5873,0.9000,158.4172,236.6030,1.4935,0
5874,1.0000,257.8643,270.2499,1.0480,0
5875,0.9000,210.6324,223.9933,1.0634,0
5876,1.0000,152.1282,177.7864,1.1687,0
5877,1.0000,79.8812,86.6429,1.0846,0
5878,1.0000,76.2496,86.7352,1.1375,0
5879,1.0000,197.8257,220.0114,1.1121,0
5880,1.0000,167.0180,201.8093,1.2083,0
5881,1.0000,177.4768,199.0000,1.1213,0
5882,1.0000,154.4215,175.7697,1.1382,0
5883,1.0000,203.8921,228.0767,1.1186,0
5884,1.0000,222.5579,248.7227,1.1176,0
5885,1.0000,180.8895,201.5292,1.1141,0
5886,1.0000,162.6776,184.7268,1.1355,0
5887,1.0000,74.8933,91.5423,1.2223,0
5888,1.0000,189.3357,203.0246,1.0723,0
5889,1.0000,190.5518,223.0135,1.1704,0
5890,1.0000,149.0570,183.3439,1.2300,0
5891,1.0000,199.6297,227.5236,1.1397,0
5892,1.0000,183.3085,202.6919,1.1057,0
5893,1.0000,258.9749,285.3717,1.1019,0
5894,1.0000,208.7463,229.8630,1.1012,0
5895,0.9000,234.8787,254.4622,1.0834,0
5896,1.0000,147.2107,164.6937,1.1188,0
5897,1.0000,212.7769,235.1744,1.1053,0
5898,1.0000,148.9866,161.6694,1.0851,0
5899,0.8000,261.7461,281.2490,1.0745,0
5900,1.0000,141.5133,149.6696,1.0576,0
5901,1.0000,196.6469,223.2487,1.1353,0
5902,1.0000,187.7552,204.9585,1.0916,0
5903,1.0000,216.4093,249.8980,1.1547,0
5904,1.0000,209.5614,229.6824,1.0960,0
5905,1.0000,177.3246,213.5322,1.2042,0
5906,1.0000,190.2393,210.5493,1.1068,0
5907,1.0000,135.3366,159.8875,1.1814,0
5908,1.0000,197.4563,212.5865,1.0766,0
5909,1.0000,218.8767,236.5671,1.0808,0
5910,1.0000,199.0301,225.5970,1.1335,0
5911,1.0000,188.1117,210.6727,1.1199,0
5912,1.0000,209.0837,238.1743,1.1391,0
5913,1.0000,164.0549,201.6755,1.2293,0
5914,1.0000,216.9009,222.5174,1.0259,0
5915,1.0000,200.0725,221.0837,1.1050,0
5916,1.0000,208.5474,241.7395,1.1592,0
5917,1.0000,110.5305,135.4363,1.2253,0
5918,1.0000,162.1296,189.6233,1.1696,0
5919,1.0000,202.9975,217.8256,1.0730,0
5920,1.0000,231.2661,254.4740,1.1004,0
5921,1.0000,137.8405,172.3601,1.2504,0
5922,1.0000,190.2130,229.4275,1.2062,0
5923,0.9000,218.2521,236.0106,1.0814,0
5924,1.0000,189.8842,213.1455,1.1225,0
5925,1.0000,213.6048,235.0043,1.1002,0
5926,1.0000,232.5167,269.3436,1.1584,0
5927,1.0000,160.9503,197.5576,1.2274,0
5928,1.0000,204.5752,211.7050,1.0349,0
5929,1.0000,183.0628,202.2548,1.1048,0
5930,1.0000,180.8756,196.1097,1.0842,0
5931,1.0000,217.8830,238.9749,1.0968,0
5932,0.9000,227.1960,245.3508,1.0799,0
5933,0.9000,259.0154,274.3520,1.0592,0
5934,1.0000,152.4893,179.4909,1.1771,0
5935,0.8000,218.0757,224.5173,1.0295,0
5936,1.0000,151.0066,188.8756,1.2508,0
5937,1.0000,207.9423,219.4653,1.0554,0
5938,1.0000,185.3375,214.6602,1.1582,0
5939,1.0000,180.3607,202.1188,1.1206,0
5940,1.0000,216.4347,239.4890,1.1065,0
5941,1.0000,238.7760,261.9905,1.0972,0
5942,1.0000,232.0323,278.3433,1.1996,0
5943,0.8000,254.7096,272.2334,1.0688,0
5944,1.0000,208.6528,235.8580,1.1304,0
5945,1.0000,195.7166,222.4837,1.1368,0
5946,1.0000,140.8936,156.2914,1.1093,0
5947,0.9000,259.3820,284.4820,1.0968,0
5948,1.0000,228.4382,245.2937,1.0738,0
5949,1.0000,243.3845,259.7614,1.0673,0
5950,1.0000,189.3066,219.5678,1.1599,0
5951,0.8000,236.7805,243.8401,1.0298,0
5952,1.0000,195.8571,211.2676,1.0787,0
5953,1.0000,178.2554,207.3114,1.1630,0
5954,1.0000,251.0617,266.6683,1.0622,0
5955,1.0000,243.9037,259.4783,1.0639,0
5956,0.9000,242.6891,253.6986,1.0454,0
5957,1.0000,197.6942,217.1083,1.0982,0
5958,1.0000,192.9352,209.3132,1.0849,0
5959,1.0000,211.8584,235.7435,1.1127,0
5960,1.0000,176.2640,186.6682,1.0590,0
5961,1.0000,168.8372,189.7973,1.1241,0
5962,0.9000,199.2160,217.4764,1.0917,0
5963,1.0000,226.3824,253.9055,1.1216,0
5964,1.0000,185.5128,216.4740,1.1669,0
5965,0.9000,263.4293,286.6758,1.0882,0
5966,1.0000,182.0549,196.3415,1.0785,0
5967,1.0000,226.5524,254.8725,1.1250,0
5968,1.0000,233.8012,254.8941,1.0902,0
5969,1.0000,172.0698,210.3687,1.2226,0
5970,1.0000,236.0381,253.1344,1.0724,0
5971,1.0000,145.1689,178.7680,1.2314,0
5972,1.0000,234.0620,249.4955,1.0659,0
5973,1.0000,224.2811,267.2471,1.1916,0
5974,1.0000,244.7632,272.9102,1.1150,0
5975,1.0000,146.4343,182.3266,1.2451,0
5976,1.0000,229.4559,268.2853,1.1692,0
5977,1.0000,216.8202,228.6023,1.0543,0
5978,1.0000,124.1290,127.2203,1.0249,0
5979,0.9000,216.9954,245.2672,1.1303,0
5980,1.0000,210.9929,225.6790,1.0696,0
5981,1.0000,169.4609,183.4884,1.0828,0
5982,0.9000,183.4176,195.2486,1.0645,0
5983,1.0000,171.6333,199.9200,1.1648,0
5984,1.0000,205.4824,232.3209,1.1306,0
5985,1.0000,186.8502,210.0595,1.1242,0
5986,1.0000,162.6653,187.0134,1.1497,0
5987,1.0000,217.4672,231.6657,1.0653,0
5988,1.0000,199.3916,218.0963,1.0938,0
5989,1.0000,156.8853,183.0082,1.1665,0
5990,0.8000,252.2717,275.6429,1.0926,0
5991,1.0000,200.4944,231.0628,1.1525,0
5992,0.7000,248.2680,278.0414,1.1199,0
5993,0.9000,223.9978,241.9442,1.0801,0
5994,1.0000,137.7026,167.6335,1.2174,0
5995,1.0000,162.9632,185.5047,1.1383,0
5996,1.0000,201.6110,234.8531,1.1649,0
5997,1.0000,220.5402,244.6814,1.1095,0
5998,1.0000,186.3652,202.8522,1.0885,0
5999,1.0000,231.5988,267.8022,1.1563,0
6000,1.0000,131.5599,142.9825,1.0868,0
6001,1.0000,261.1456,283.2967,1.0848,0
6002,1.0000,213.1080,239.3094,1.1229,0
6003,1.0000,89.1964,97.0927,1.0885,0
6004,1.0000,204.6485,223.9397,1.0943,0
6005,1.0000,171.9070,213.4174,1.2415,0
6006,1.0000,149.3017,165.5929,1.1091,0
6007,0.9000,265.2621,285.6659,1.0769,0
6008,1.0000,217.0461,254.0276,1.1704,0
6009,1.0000,194.4685,213.9089,1.1000,0
6010,1.0000,244.1127,262.1698,1.0740,0
6011,1.0000,213.0845,252.8537,1.1866,0
6012,1.0000,130.8472,148.5463,1.1353,0
6013,1.0000,222.1126,255.4153,1.1499,0
6014,0.9000,222.0338,238.9958,1.0764,0
6015,0.6000,268.7880,287.0070,1.0678,0
6016,0.8000,253.3634,262.3795,1.0356,0
6017,1.0000,204.4969,231.1406,1.1303,0
6018,1.0000,225.9093,247.6247,1.0961,0
6019,0.9000,211.6176,225.5127,1.0657,0
6020,1.0000,225.6081,240.1291,1.0644,0
6021,1.0000,164.5144,172.5804,1.0490,0
6022,1.0000,182.1648,211.7971,1.1627,0
6023,1.0000,210.7748,232.2111,1.1017,0
6024,1.0000,247.2893,263.4957,1.0655,0
6025,1.0000,224.7154,245.1958,1.0911,0
6026,1.0000,155.7947,191.1256,1.2268,0
6027,1.0000,239.5913,253.9488,1.0599,0
6028,0.7000,275.4741,294.0034,1.0673,0
6029,1.0000,258.6716,265.9361,1.0281,0
6030,1.0000,241.5926,266.1428,1.1016,0
6031,1.0000,202.4451,218.6115,1.0799,0
6032,1.0000,194.0670,226.6274,1.1678,0
6033,1.0000,127.7615,157.4992,1.2328,0
6034,1.0000,238.7069,252.8952,1.0594,0
6035,1.0000,227.9210,246.2296,1.0803,0
6036,1.0000,232.0108,281.1974,1.2120,0
6037,1.0000,230.8203,244.9408,1.0612,0
6038,1.0000,223.0897,245.1897,1.0991,0
6039,1.0000,233.0064,246.8340,1.0593,0
6040,1.0000,190.0395,222.9664,1.1733,0
6041,1.0000,197.3499,211.3386,1.0709,0
6042,0.9000,254.1082,269.5812,1.0609,0
6043,1.0000,247.9214,274.1314,1.1057,0
6044,1.0000,212.9624,252.8814,1.1874,0
6045,0.9000,218.2338,243.6042,1.1163,0
6046,1.0000,220.9072,243.1748,1.1008,0
6047,1.0000,187.5127,208.1466,1.1100,0
6048,0.7000,215.2998,236.8396,1.1000,0
6049,0.9000,220.7374,258.9112,1.1729,0
6050,1.0000,214.0093,240.3747,1.1232,0
6051,1.0000,258.8996,273.5982,1.0568,0
6052,1.0000,229.0524,258.9112,1.1304,0
6053,1.0000,183.0164,210.1143,1.1481,0
6054,1.0000,207.3065,251.5134,1.2132,0
6055,1.0000,155.0065,211.3197,1.3633,0
6056,0.9000,247.5641,283.0106,1.1432,0
6057,1.0000,255.9785,278.5929,1.0883,0
6058,1.0000,228.9520,246.6110,1.0771,0
6059,0.9000,262.2785,272.0478,1.0372,0
6060,0.9000,227.4049,244.6753,1.0759,0
6061,1.0000,207.5428,222.1621,1.0704,0
6062,1.0000,202.3388,214.3339,1.0593,0
6063,1.0000,257.7848,279.8267,1.0855,0
6064,1.0000,233.6151,260.6914,1.1159,0
6065,1.0000,181.3588,200.9776,1.1082,0
6066,1.0000,261.9027,289.0190,1.1035,0
6067,1.0000,240.6034,264.1534,1.0979,0
6068,0.9000,246.6252,263.4160,1.0681,0
6069,1.0000,233.1566,240.1021,1.0298,0
6070,1.0000,230.7163,259.3453,1.1241,0
6071,0.6000,270.9354,281.9699,1.0407,0
6072,1.0000,257.0039,267.6117,1.0413,0
6073,1.0000,247.6469,259.0386,1.0460,0
6074,0.8000,249.7539,282.3792,1.1306,0
6075,1.0000,251.1155,288.8339,1.1502,0
6076,1.0000,231.1882,246.2336,1.0651,0
6077,0.8000,247.0850,262.2823,1.0615,0
6078,1.0000,169.3517,194.8615,1.1506,0
6079,1.0000,219.7294,253.7991,1.1551,0
6080,1.0000,248.3304,274.9836,1.1073,0
6081,1.0000,249.3672,265.9624,1.0665,0
6082,1.0000,213.5275,261.0402,1.2225,0
6083,0.7000,253.5843,288.5845,1.1380,0
6084,1.0000,206.0437,238.2792,1.1565,0
6085,0.9000,233.7648,286.1084,1.2239,0
6086,0.5000,231.1666,247.6853,1.0715,0
6087,1.0000,233.3195,255.5445,1.0953,0
6088,0.9000,241.8843,262.5243,1.0853,0
6089,0.9000,229.1353,256.8657,1.1210,0
6090,1.0000,131.2517,137.3936,1.0468,0
6091,1.0000,231.0346,249.0120,1.0778,0
6092,1.0000,228.2236,247.0405,1.0824,0
6093,1.0000,146.2327,182.3157,1.2468,0
6094,1.0000,81.9939,105.0143,1.2808,0
6095,1.0000,155.0806,172.0756,1.1096,0
6096,0.9000,230.0348,245.0082,1.0651,0
6097,1.0000,48.3529,192.6473,3.9842,0
6098,1.0000,120.3661,235.1659,1.9538,0
6099,1.0000,134.7479,201.0124,1.4918,0
6100,1.0000,164.5782,196.2244,1.1923,0
6101,1.0000,172.4094,250.3577,1.4521,0
6102,1.0000,86.0814,247.8588,2.8794,0
6103,0.9000,167.0838,180.5935,1.0809,0
6104,1.0000,140.4600,224.9133,1.6013,0
6105,0.9000,211.6199,228.5410,1.0800,0
6106,1.0000,80.0000,241.9752,3.0247,0
6107,0.9000,90.7469,245.5097,2.7054,0
6108,1.0000,181.5076,212.7275,1.1720,0
6109,0.9000,222.7398,243.8996,1.0950,0
6110,1.0000,87.2869,238.0567,2.7273,0
6111,1.0000,57.7927,225.7211,3.9057,0
6112,0.6000,215.7892,240.8651,1.1162,0
6113,1.0000,237.4089,284.1267,1.1968,0
6114,0.7000,265.3017,285.7569,1.0771,0
6115,1.0000,104.1441,289.9241,2.7839,0
6116,1.0000,202.0891,215.0302,1.0640,0
6117,1.0000,161.0776,191.7916,1.1907,0
6118,1.0000,208.5162,221.3210,1.0614,0
6119,1.0000,175.8949,215.1232,1.2230,0
6120,1.0000,216.9355,242.1632,1.1163,0
6121,0.6000,255.0274,267.1423,1.0475,0
6122,0.9000,224.3323,236.6221,1.0548,0
6123,0.9000,212.1721,227.4841,1.0722,0
6124,1.0000,75.5712,171.0497,2.2634,0
6125,1.0000,100.4241,252.5787,2.5151,0
6126,0.9000,156.7067,207.2679,1.3226,0
6127,1.0000,90.1443,238.9268,2.6505,0
6128,1.0000,182.2169,203.6124,1.1174,0
6129,0.9000,210.2594,227.3961,1.0815,0
6130,1.0000,284.5470,302.3591,1.0626,0
6131,1.0000,151.1456,269.3084,1.7818,0
6132,1.0000,169.4963,273.2819,1.6123,0
6133,1.0000,113.2652,270.1463,2.3851,0
6134,1.0000,45.4533,176.1675,3.8758,0
6135,1.0000,85.3288,239.3888,2.8055,0
6136,1.0000,120.1291,195.3894,1.6265,0
6137,1.0000,240.1083,270.6381,1.1272,0
6138,1.0000,221.7318,238.1365,1.0740,0
6139,1.0000,75.4321,264.1363,3.5016,0
6140,0.9000,227.6027,256.9786,1.1291,0
6141,1.0000,181.5296,230.6469,1.2706,0
6142,1.0000,126.5227,169.0887,1.3364,0
6143,0.9000,210.8554,220.8416,1.0474,0
6144,1.0000,225.9690,255.3233,1.1299,0
6145,1.0000,211.2510,223.2353,1.0567,0
6146,1.0000,224.9267,253.6316,1.1276,0
6147,1.0000,216.1759,239.0293,1.1057,0
6148,1.0000,193.7627,214.3828,1.1064,0
6149,1.0000,224.7020,242.1652,1.0777,0
6150,1.0000,172.3398,199.0754,1.1551,0
6151,1.0000,229.4058,252.0754,1.0988,0
6152,1.0000,196.5859,228.9039,1.1644,0
6153,1.0000,194.2884,213.1736,1.0972,0
6154,1.0000,260.1673,280.9395,1.0798,0
6155,1.0000,236.3705,246.5056,1.0429,0
6156,1.0000,109.4486,210.1476,1.9201,0
6157,1.0000,45.6618,168.6060,3.6925,0
6158,1.0000,216.6449,242.4686,1.1192,0
6159,1.0000,133.2179,184.6077,1.3858,0
6160,1.0000,149.1643,184.8188,1.2390,0
6161,1.0000,225.1311,237.3605,1.0543,0
6162,0.7000,263.5583,274.5633,1.0418,0
6163,1.0000,213.1361,228.4491,1.0718,0
6164,1.0000,153.1666,193.5510,1.2637,0
6165,1.0000,184.6700,212.0401,1.1482,0
6166,1.0000,198.0808,216.5017,1.0930,0
6167,1.0000,198.6907,224.8399,1.1316,0
6168,0.9000,233.6279,250.6392,1.0728,0
6169,0.9000,208.2354,225.5305,1.0831,0
6170,1.0000,211.8089,226.0111,1.0671,0
6171,1.0000,197.7777,251.5572,1.2719,0
6172,1.0000,204.8585,234.0427,1.1425,0
6173,0.8000,252.9407,265.6050,1.0501,0
6174,1.0000,216.0023,232.2800,1.0754,0
6175,1.0000,155.1258,175.0743,1.1286,0
6176,1.0000,128.1249,153.4308,1.1975,0
6177,1.0000,220.8461,243.1070,1.1008,0
6178,0.9000,193.9124,224.5017,1.1577,0
6179,0.9000,231.1580,241.7850,1.0460,0
6180,1.0000,180.0056,245.1000,1.3616,0
6181,1.0000,192.6032,206.9928,1.0747,0
6182,1.0000,185.6152,196.1759,1.0569,0
6183,0.9000,233.6707,250.3018,1.0712,0
6184,1.0000,203.3519,212.0896,1.0430,0
6185,0.9000,233.1802,250.9024,1.0760,0
6186,1.0000,212.7228,237.1350,1.1148,0
6187,1.0000,214.2895,240.6741,1.1231,0
6188,1.0000,227.5236,248.0343,1.0901,0
6189,1.0000,184.8080,197.2359,1.0672,0
6190,1.0000,189.8736,216.4047,1.1397,0
6191,1.0000,188.1090,204.1029,1.0850,0
6192,1.0000,188.8677,213.9369,1.1327,0
6193,1.0000,230.3910,253.9606,1.1023,0
6194,1.0000,256.0078,266.8989,1.0425,0
6195,0.9000,241.9421,264.4731,1.0931,0
6196,1.0000,200.4495,209.1961,1.0436,0
6197,1.0000,233.2874,260.0635,1.1148,0
6198,1.0000,205.0780,238.8724,1.1648,0
6199,1.0000,94.1913,131.5865,1.3970,0
6200,0.9000,182.2196,204.3991,1.1217,0
6201,1.0000,135.7277,150.3496,1.1077,0
6202,1.0000,63.1110,71.1266,1.1270,0
6203,1.0000,86.4292,151.4926,1.7528,0
6204,1.0000,83.4206,95.1262,1.1403,0
6205,1.0000,110.0954,142.7340,1.2965,0
6206,1.0000,121.0372,145.0827,1.1987,0
6207,1.0000,117.9195,130.8778,1.1099,0
6208,1.0000,164.5509,185.3618,1.1265,0
6209,1.0000,213.5205,240.4059,1.1259,0
6210,1.0000,166.7453,222.1666,1.3324,0
6211,1.0000,137.8187,164.3867,1.1928,0
6212,1.0000,95.0053,110.8467,1.1667,0
6213,1.0000,91.0110,111.7452,1.2278,0
6214,1.0000,190.2183,235.0808,1.2358,0
6215,1.0000,58.5662,75.1465,1.2831,0
6216,0.7000,229.0633,263.0095,1.1482,0
6217,1.0000,174.0259,263.3989,1.5136,0
6218,1.0000,231.2899,256.9591,1.1110,0
6219,1.0000,221.2804,242.6829,1.0967,0
6220,1.0000,146.8571,174.8342,1.1905,0
6221,1.0000,162.3761,180.6599,1.1126,0
6222,1.0000,157.9810,202.7363,1.2833,0
6223,1.0000,56.8683,195.8162,3.4433,0
6224,1.0000,209.4039,250.9024,1.1982,0
6225,1.0000,112.3877,262.6614,2.3371,0
6226,1.0000,111.2565,125.8491,1.1312,0
6227,1.0000,117.4095,136.0551,1.1588,0
6228,1.0000,231.8340,249.5436,1.0764,0
6229,1.0000,153.3460,169.5229,1.1055,0
6230,0.9000,182.2718,204.8390,1.1238,0
6231,1.0000,222.1463,232.2843,1.0456,0
6232,1.0000,158.0285,179.8333,1.1380,0
6233,1.0000,139.7999,158.2087,1.1317,0
6234,1.0000,217.5178,242.9732,1.1170,0
6235,1.0000,102.9612,162.1635,1.5750,0
6236,1.0000,190.1499,214.5344,1.1282,0
6237,1.0000,168.2855,180.2914,1.0713,0
6238,1.0000,181.3753,194.4402,1.0720,0
6239,1.0000,170.9298,202.3141,1.1836,0
6240,1.0000,252.5233,269.2972,1.0664,0
6241,0.9000,247.7943,262.0592,1.0576,0
6242,1.0000,166.3009,183.0738,1.1009,0
6243,1.0000,193.8453,220.0432,1.1351,0
6244,1.0000,77.8203,85.5804,1.0997,0
6245,1.0000,170.8245,223.7029,1.3095,0
6246,1.0000,280.6279,316.4917,1.1278,0
6247,1.0000,179.8889,228.6285,1.2709,0
6248,1.0000,172.8294,198.4414,1.1482,0
6249,1.0000,232.7767,262.3947,1.1272,0
6250,1.0000,182.9043,207.3282,1.1335,0
6251,1.0000,215.8425,229.5452,1.0635,0
6252,1.0000,191.3609,223.0583,1.1656,0
6253,1.0000,210.8649,223.8616,1.0616,0
6254,1.0000,185.0135,253.2351,1.3687,0
6255,1.0000,202.6203,238.9602,1.1793,0
6256,1.0000,244.5772,259.2007,1.0598,0
6257,0.8000,195.8086,213.8598,1.0922,0
6258,1.0000,153.0392,182.8907,1.1951,0
6259,1.0000,227.8486,243.0473,1.0667,0
6260,1.0000,186.8074,210.3782,1.1262,0
6261,1.0000,226.0487,246.1971,1.0891,0
6262,1.0000,198.2171,212.9977,1.0746,0
6263,1.0000,161.9846,169.5081,1.0464,0
6264,1.0000,160.9068,175.7185,1.0921,0
6265,1.0000,212.0472,241.3027,1.1380,0
6266,1.0000,126.8818,135.1148,1.0649,0
6267,1.0000,132.6989,165.9699,1.2507,0
6268,1.0000,181.5709,207.2969,1.1417,0
6269,1.0000,156.8311,184.6294,1.1772,0
6270,1.0000,193.0389,234.7360,1.2160,0
6271,1.0000,145.2687,171.7644,1.1824,0
6272,1.0000,103.1261,147.8851,1.4340,0
6273,1.0000,30.4467,40.0125,1.3142,0
6274,1.0000,68.1836,124.3945,1.8244,0
6275,1.0000,70.3207,105.4751,1.4999,0
6276,1.0000,102.4890,142.8636,1.3939,0
6277,1.0000,40.1871,65.7571,1.6363,0
6278,1.0000,77.0779,159.7185,2.0722,0
6279,1.0000,132.9210,226.5127,1.7041,0
6280,1.0000,52.5642,82.3833,1.5673,0
6281,1.0000,64.3195,148.7179,2.3122,0
6282,1.0000,75.5381,124.1088,1.6430,0
6283,1.0000,142.5903,272.0386,1.9078,0
6284,1.0000,178.6253,205.3582,1.1497,0
6285,1.0000,83.9047,119.5784,1.4252,0
6286,1.0000,150.2831,231.3914,1.5397,0
6287,1.0000,99.9600,140.8084,1.4086,0
6288,1.0000,107.9166,209.6092,1.9423,0
6289,1.0000,70.2424,116.9273,1.6646,0
6290,0.8000,78.2176,132.6424,1.6958,0
6291,1.0000,95.9010,121.7621,1.2697,0
6292,1.0000,124.1491,186.6280,1.5033,0
6293,1.0000,45.4533,163.2268,3.5911,0
6294,1.0000,126.8740,159.2545,1.2552,0
6295,1.0000,160.4743,225.4307,1.4048,0
6296,1.0000,146.6833,180.5962,1.2312,0
6297,1.0000,135.7350,169.8499,1.2513,0
6298,1.0000,177.5387,200.0525,1.1268,0
6299,1.0000,58.0775,98.7066,1.6996,0
6300,1.0000,57.4021,106.4143,1.8538,0
6301,1.0000,94.5304,172.1133,1.8207,0
6302,1.0000,87.4471,107.5081,1.2294,0
6303,1.0000,117.4521,132.4349,1.1276,0
6304,1.0000,68.6003,84.4097,1.2305,0
6305,1.0000,81.1911,104.9714,1.2929,0
6306,1.0000,89.1740,251.8908,2.8247,0
6307,1.0000,168.3835,287.2995,1.7062,0
6308,1.0000,47.2229,144.2290,3.0542,0
6309,1.0000,48.8774,122.1147,2.4984,0
6310,1.0000,113.4416,175.5392,1.5474,0
6311,1.0000,88.7694,175.7413,1.9798,0
6312,1.0000,97.2625,134.4210,1.3820,0
6313,1.0000,276.3331,306.0654,1.1076,0
6314,1.0000,77.5177,198.1616,2.5563,0
6315,1.0000,149.9166,279.4566,1.8641,0
6316,1.0000,108.1249,221.5017,2.0486,0
6317,1.0000,123.0935,223.0942,1.8124,0
6318,1.0000,111.3463,185.3915,1.6650,0
6319,1.0000,44.7996,180.1055,4.0203,0
6320,1.0000,72.6774,132.2044,1.8191,0
6321,1.0000,62.8808,165.2059,2.6273,0
6322,1.0000,67.6683,154.0941,2.2772,0
6323,0.9000,255.3958,302.2946,1.1836,0
6324,1.0000,84.8528,212.2310,2.5012,0
6325,1.0000,131.2593,242.1074,1.8445,0
6326,1.0000,104.2209,129.2556,1.2402,0
6327,1.0000,135.1888,171.1403,1.2659,0
6328,1.0000,89.5600,118.4905,1.3230,0
6329,1.0000,116.8204,144.6409,1.2381,0
6330,1.0000,245.2794,266.7996,1.0877,0
6331,1.0000,161.5890,183.6600,1.1366,0
6332,1.0000,77.2787,161.1831,2.0857,0
6333,1.0000,276.9260,293.6018,1.0602,0
6334,1.0000,81.4494,175.1599,2.1505,0
6335,1.0000,67.4981,117.9703,1.7478,0
6336,1.0000,128.0195,171.8284,1.3422,0
6337,1.0000,108.1896,234.1431,2.1642,0
6338,1.0000,99.5239,165.5687,1.6636,0
6339,1.0000,243.6534,268.8401,1.1034,0
6340,1.0000,198.3280,223.6940,1.1279,0
6341,1.0000,207.9639,234.8340,1.1292,0
6342,1.0000,84.4393,230.2064,2.7263,0
6343,1.0000,90.5152,119.8749,1.3244,0
6344,1.0000,118.7350,167.0419,1.4068,0
6345,1.0000,53.1131,126.7991,2.3873,0
6346,1.0000,146.2156,163.8048,1.1203,0
6347,1.0000,53.9722,107.1868,1.9860,0
6348,1.0000,209.6521,228.9410,1.0920,0
6349,1.0000,63.0079,199.8549,3.1719,0
6350,1.0000,152.1019,213.9977,1.4069,0
6351,1.0000,118.4736,135.6577,1.1450,0
6352,1.0000,99.9250,138.9064,1.3901,0
6353,1.0000,53.8795,154.5316,2.8681,0
6354,1.0000,40.8779,89.0056,2.1774,0
6355,1.0000,189.7077,211.5869,1.1153,0
6356,1.0000,87.4128,203.8848,2.3324,0
6357,1.0000,149.1073,178.3928,1.1964,0
6358,1.0000,96.4728,128.9767,1.3369,0
6359,1.0000,70.5975,247.0830,3.4999,0
6360,1.0000,211.8891,246.5279,1.1635,0
6361,1.0000,57.9914,170.2586,2.9359,0
6362,1.0000,114.8782,128.8759,1.1218,0
6363,1.0000,170.6136,285.9056,1.6757,0
6364,1.0000,99.8649,145.0689,1.4527,0
6365,1.0000,65.4064,132.4575,2.0251,0
6366,1.0000,105.5320,132.7968,1.2584,0
6367,1.0000,210.7083,218.6756,1.0378,0
6368,1.0000,195.1948,224.2365,1.1488,0
6369,1.0000,202.8250,255.7088,1.2607,0
6370,1.0000,138.8668,165.4267,1.1913,0
6371,0.9000,191.6299,208.3627,1.0873,0
6372,0.8000,220.9638,261.2585,1.1824,0
6373,1.0000,125.2398,188.3348,1.5038,0
6374,1.0000,89.5879,120.9339,1.3499,0
6375,1.0000,89.4315,166.4362,1.8610,0
6376,1.0000,186.7164,221.5491,1.1866,0
6377,1.0000,131.7536,191.4706,1.4532,0
6378,1.0000,141.8661,194.2318,1.3691,0
6379,1.0000,82.7526,207.0797,2.5024,0
6380,1.0000,103.9519,200.0875,1.9248,0
6381,0.9000,146.5435,213.7920,1.4589,0
6382,0.9000,80.4550,114.3372,1.4211,0
6383,1.0000,100.7075,149.6229,1.4857,0
6384,0.8000,254.3128,281.2917,1.1061,0
6385,1.0000,97.8110,149.5928,1.5294,0
6386,1.0000,210.1571,263.9110,1.2558,0
6387,1.0000,208.0889,255.4545,1.2276,0
6388,0.9000,244.4177,267.3144,1.0937,0
6389,0.9000,136.2131,262.0553,1.9239,0
6390,1.0000,96.9381,261.8931,2.7017,0
6391,1.0000,202.9286,234.5144,1.1557,0
6392,1.0000,192.9249,262.3357,1.3598,0
6393,1.0000,197.2612,209.4469,1.0618,0
6394,1.0000,85.2174,222.8856,2.6155,0
6395,1.0000,135.6871,254.8137,1.8779,0
6396,1.0000,104.7187,147.0306,1.4041,0
6397,1.0000,102.0931,145.2102,1.4223,0
6398,1.0000,81.0185,118.9370,1.4680,0
6399,1.0000,239.7374,266.8839,1.1132,0
6400,1.0000,152.6139,184.8405,1.2112,0
6401,1.0000,65.4217,168.7098,2.5788,0
6402,1.0000,133.3267,184.1413,1.3811,0
6403,1.0000,220.3406,250.6132,1.1374,0
6404,1.0000,126.7320,151.9013,1.1986,0
6405,1.0000,107.8054,123.1341,1.1422,0
6406,1.0000,95.6399,119.6495,1.2510,0
6407,1.0000,122.2170,231.1666,1.8914,0
6408,0.9000,205.3777,272.5362,1.3270,0
6409,1.0000,61.1882,265.5447,4.3398,0
6410,1.0000,79.5424,96.4158,1.2121,0
6411,1.0000,198.2095,228.8974,1.1548,0
6412,1.0000,126.5662,160.4120,1.2674,0
6413,1.0000,92.4067,128.6079,1.3918,0
6414,1.0000,91.6570,137.0219,1.4949,0
6415,0.8000,162.7913,275.5631,1.6927,0
6416,1.0000,176.8078,220.6150,1.2478,0
6417,0.9000,239.8854,264.7395,1.1036,0
6418,1.0000,184.6673,268.2443,1.4526,0
6419,1.0000,260.4400,275.8152,1.0590,0
6420,1.0000,134.1715,253.2825,1.8878,0
6421,1.0000,184.5860,211.8089,1.1475,0
6422,1.0000,63.5846,163.7132,2.5747,0
6423,1.0000,134.9889,158.2150,1.1721,0
6424,0.9000,234.9809,308.2937,1.3120,0
6425,1.0000,268.6206,297.2474,1.1066,0
6426,1.0000,137.3499,227.7718,1.6583,0
6427,1.0000,191.3661,242.9259,1.2694,0
6428,1.0000,162.0802,185.3294,1.1434,0
6429,1.0000,89.6382,109.4395,1.2209,0
6430,1.0000,161.0714,186.6708,1.1589,0
6431,1.0000,232.1185,268.0317,1.1547,0
6432,1.0000,204.1274,219.3126,1.0744,0
6433,1.0000,96.4624,152.1052,1.5768,0
6434,1.0000,202.5463,239.0837,1.1804,0
6435,1.0000,123.3369,212.8544,1.7258,0
6436,1.0000,159.0283,236.4339,1.4867,0
6437,0.9000,63.2060,77.5629,1.2271,0
6438,1.0000,173.5483,195.9490,1.1291,0
6439,1.0000,88.6961,117.6223,1.3261,0
6440,1.0000,135.8823,184.1413,1.3552,0
6441,1.0000,172.6123,258.0446,1.4949,0
6442,1.0000,206.9324,223.3002,1.0791,0
6443,1.0000,143.6906,194.5585,1.3540,0
6444,1.0000,185.8413,196.5070,1.0574,0
6445,1.0000,192.5669,229.3709,1.1911,0
6446,1.0000,111.3732,146.2088,1.3128,0
6447,1.0000,74.2698,86.4349,1.1638,0
6448,1.0000,192.1978,210.6395,1.0960,0
6449,0.8000,289.7602,307.2588,1.0604,0
6450,1.0000,169.7852,253.3693,1.4923,0
6451,1.0000,124.6956,196.2218,1.5736,0
6452,1.0000,196.4485,215.4043,1.0965,0
6453,1.0000,66.6783,86.8735,1.3029,0
6454,1.0000,172.0378,231.1947,1.3439,0
6455,1.0000,136.0772,177.7329,1.3061,0
6456,1.0000,148.1283,254.9098,1.7209,0
6457,1.0000,219.5678,254.9804,1.1613,0
6458,1.0000,192.2290,196.4434,1.0219,0
6459,1.0000,250.4716,303.5671,1.2120,0
6460,1.0000,170.4025,181.2015,1.0634,0
6461,1.0000,219.6224,238.2709,1.0849,0
6462,1.0000,156.2530,205.3144,1.3140,0
6463,1.0000,255.7948,290.2034,1.1345,0
6464,1.0000,196.6469,236.7298,1.2038,0
6465,1.0000,120.6234,139.6317,1.1576,0
6466,1.0000,215.0186,226.0642,1.0514,0
6467,1.0000,206.7245,237.8130,1.1504,0
6468,1.0000,69.8856,84.2852,1.2060,0
6469,1.0000,100.2397,121.3672,1.2108,0
6470,1.0000,191.4184,220.6332,1.1526,0
6471,1.0000,56.3560,75.8617,1.3461,0
6472,1.0000,219.6338,243.3208,1.1078,0
6473,0.9000,141.5344,240.1687,1.6969,0
6474,1.0000,162.5238,282.0957,1.7357,0
6475,1.0000,152.9575,168.1160,1.0991,0
6476,1.0000,161.5735,176.2952,1.0911,0
6477,1.0000,118.9370,146.8366,1.2346,0
6478,1.0000,154.9774,191.4027,1.2350,0
6479,1.0000,110.8377,139.0072,1.2542,0
6480,1.0000,193.8530,241.0104,1.2433,0
6481,1.0000,150.3928,190.2157,1.2648,0
6482,1.0000,198.5019,225.3863,1.1354,0
6483,1.0000,159.3675,185.5209,1.1641,0
6484,1.0000,117.0897,136.5687,1.1664,0
6485,1.0000,137.4918,158.1803,1.1505,0
6486,1.0000,213.3565,242.6582,1.1373,0
6487,1.0000,175.2883,188.0612,1.0729,0
6488,1.0000,162.2591,182.4061,1.1242,0
6489,1.0000,158.1898,200.1499,1.2653,0
6490,0.9000,248.6041,271.0775,1.0904,0
6491,1.0000,181.4663,198.7259,1.0951,0
6492,1.0000,127.6284,163.4044,1.2803,0
6493,1.0000,141.2799,161.0528,1.1400,0
6494,1.0000,231.3655,249.3171,1.0776,0
6495,1.0000,204.2425,229.7477,1.1249,0
6496,1.0000,212.9225,240.9564,1.1317,0
6497,1.0000,256.4859,269.9907,1.0527,0
6498,1.0000,250.0600,263.1292,1.0523,0
6499,1.0000,132.3254,165.9608,1.2542,0
6500,0.9000,231.9073,259.9962,1.1211,0
6501,1.0000,219.1689,243.8832,1.1128,0
6502,1.0000,136.7845,168.8964,1.2348,0
6503,1.0000,175.1942,206.4558,1.1784,0
6504,1.0000,152.7580,171.7906,1.1246,0
6505,1.0000,176.6267,198.8140,1.1256,0
6506,1.0000,156.3266,194.1108,1.2417,0
6507,1.0000,158.2245,177.9354,1.1246,0
6508,0.8000,234.0150,248.6906,1.0627,0
6509,1.0000,187.6033,203.0862,1.0825,0
6510,1.0000,153.3558,184.8621,1.2054,0
6511,1.0000,219.4425,230.6903,1.0513,0
6512,1.0000,231.0541,255.8711,1.1074,0
6513,1.0000,194.3605,209.8499,1.0797,0
6514,1.0000,221.2962,255.2215,1.1533,0
6515,1.0000,171.9360,227.0374,1.3205,0
6516,1.0000,161.9630,212.4547,1.3117,0
6517,1.0000,250.5853,270.4958,1.0795,0
6518,0.9000,235.4782,258.6445,1.0984,0
6519,1.0000,205.2827,216.3701,1.0540,0
6520,1.0000,243.4030,256.1640,1.0524,0
6521,1.0000,237.8550,274.6889,1.1549,0
6522,0.9000,198.2700,217.0898,1.0949,0
6523,0.9000,229.2030,265.0566,1.1564,0
6524,1.0000,180.9586,231.1990,1.2776,0
6525,1.0000,170.5638,209.1985,1.2265,0
6526,0.9000,192.1458,225.7255,1.1748,0
6527,1.0000,218.6458,253.2370,1.1582,0
6528,0.8000,216.4555,236.4149,1.0922,0
6529,1.0000,161.6880,185.9113,1.1498,0
6530,1.0000,114.8303,234.9191,2.0458,0
6531,1.0000,162.2097,190.6253,1.1752,0
6532,0.9000,257.2236,264.3029,1.0275,0
6533,1.0000,65.9166,116.3873,1.7657,0
6534,1.0000,59.4222,108.7060,1.8294,0
6535,1.0000,106.5035,133.3229,1.2518,0
6536,1.0000,39.8372,61.2699,1.5380,0
6537,1.0000,103.0243,114.8913,1.1152,0
6538,1.0000,76.9545,143.6454,1.8666,0
6539,1.0000,120.3786,171.3564,1.4235,0
6540,1.0000,43.0116,97.7548,2.2728,0
6541,1.0000,136.8064,151.3605,1.1064,0
6542,1.0000,29.1548,76.9155,2.6382,0
6543,1.0000,69.3758,131.5941,1.8968,0
6544,1.0000,44.3734,77.8781,1.7551,0
6545,1.0000,90.6642,119.7289,1.3206,0
6546,1.0000,111.7721,283.7675,2.5388,0
6547,1.0000,95.1367,228.5410,2.4022,0
6548,1.0000,99.7998,125.3076,1.2556,0
6549,1.0000,31.5911,100.9604,3.1958,0
6550,1.0000,101.6710,120.9959,1.1901,0
6551,1.0000,30.9354,124.0806,4.0110,0
6552,1.0000,66.6558,116.6362,1.7498,0
6553,1.0000,72.6292,86.3597,1.1890,0
6554,1.0000,211.9340,228.7291,1.0792,0
6555,1.0000,25.1595,86.1742,3.4251,0
6556,1.0000,56.8419,87.1550,1.5333,0
6557,1.0000,62.9206,163.9421,2.6055,0
6558,1.0000,57.4543,198.1035,3.4480,0
6559,1.0000,56.8507,76.0658,1.3380,0
6560,1.0000,79.4481,89.2693,1.1236,0
6561,0.9000,213.4127,227.8508,1.0677,0
6562,1.0000,244.0963,265.8402,1.0891,0
6563,0.9000,216.5064,225.2621,1.0404,0
6564,1.0000,165.2453,231.9224,1.4035,0
6565,1.0000,116.2927,222.1261,1.9101,0
6566,0.9000,218.9817,249.4995,1.1394,0
6567,1.0000,221.9865,237.5289,1.0700,0
6568,1.0000,202.9680,223.4390,1.1009,0
6569,1.0000,170.0206,188.5683,1.1091,0
6570,1.0000,99.5992,178.6337,1.7935,0
6571,1.0000,61.4980,130.9542,2.1294,0
6572,1.0000,243.4687,263.9886,1.0843,0
6573,1.0000,170.0235,195.2665,1.1485,0
6574,1.0000,178.6841,202.5636,1.1336,0
6575,1.0000,218.5818,256.0137,1.1712,0
6576,1.0000,138.2208,151.9309,1.0992,0
6577,1.0000,168.3152,304.0707,1.8066,0
6578,0.9000,249.3772,261.8855,1.0502,0
6579,1.0000,146.9660,169.3842,1.1525,0
6580,1.0000,170.9971,183.6981,1.0743,0
6581,1.0000,151.6740,162.0926,1.0687,0
6582,1.0000,180.8784,202.4426,1.1192,0
6583,1.0000,147.6245,283.3549,1.9194,0
6584,1.0000,169.1833,193.6672,1.1447,0
6585,1.0000,162.6868,191.7446,1.1786,0
6586,1.0000,177.5613,191.0052,1.0757,0
6587,1.0000,207.7450,225.3930,1.0850,0
6588,1.0000,154.8871,186.3625,1.2032,0
6589,1.0000,163.9878,175.0486,1.0674,0
6590,1.0000,153.7953,172.2527,1.1200,0
6591,1.0000,67.8380,154.1785,2.2727,0
6592,1.0000,181.3202,200.2973,1.1047,0
6593,1.0000,213.1314,225.5349,1.0582,0
6594,1.0000,185.6125,255.1764,1.3748,0
6595,1.0000,82.9699,113.8069,1.3717,0
6596,1.0000,89.8944,135.3588,1.5058,0
6597,1.0000,111.4720,152.7940,1.3707,0
6598,1.0000,186.1505,222.9125,1.1975,0
6599,1.0000,103.3489,195.5070,1.8917,0
6600,0.9000,235.0425,242.7983,1.0330,0
6601,1.0000,216.8871,241.3276,1.1127,0
6602,1.0000,179.7582,193.0907,1.0742,0
6603,1.0000,90.8570,207.8365,2.2875,0
6604,1.0000,166.0783,200.0500,1.2046,0
6605,0.9000,247.9819,258.7045,1.0432,0
6606,1.0000,181.3643,233.1780,1.2857,0
6607,0.9000,153.0294,177.8595,1.1623,0
6608,1.0000,252.3589,289.1626,1.1458,0
6609,1.0000,178.4321,198.6253,1.1132,0
6610,1.0000,115.2389,269.9185,2.3423,0
6611,1.0000,210.6680,237.9538,1.1295,0
6612,1.0000,125.3156,140.7977,1.1235,0
6613,1.0000,57.9137,72.4776,1.2515,0
6614,1.0000,223.6672,247.2913,1.1056,0
6615,1.0000,49.8598,138.6867,2.7815,0
6616,1.0000,234.7019,261.5607,1.1144,0
6617,0.7000,235.0191,261.3369,1.1120,0
6618,1.0000,104.3504,181.6838,1.7411,0
6619,0.9000,232.2240,246.9352,1.0633,0
6620,1.0000,225.0244,248.2358,1.1032,0
6621,0.8000,210.5232,269.5793,1.2805,0
6622,1.0000,177.8736,207.8413,1.1685,0
6623,1.0000,215.4321,232.7746,1.0805,0
6624,1.0000,200.9428,219.7089,1.0934,0
6625,1.0000,95.7392,109.8954,1.1479,0
6626,1.0000,59.4222,117.9661,1.9852,0
6627,0.9000,257.0700,299.9483,1.1668,0
6628,1.0000,69.2748,194.3759,2.8059,0
6629,1.0000,218.8401,237.5058,1.0853,0
6630,1.0000,181.5351,207.8196,1.1448,0
6631,1.0000,260.9598,275.7299,1.0566,0
6632,1.0000,99.4334,164.7695,1.6571,0
6633,1.0000,219.1575,233.3967,1.0650,0
6634,1.0000,101.7349,221.8896,2.1811,0
6635,1.0000,137.5682,155.2901,1.1288,0
6636,1.0000,110.6436,135.2886,1.2227,0
6637,1.0000,196.2320,214.8441,1.0948,0
6638,1.0000,216.7764,232.2929,1.0716,0
6639,1.0000,263.0760,286.9686,1.0908,0
6640,1.0000,161.8734,223.2644,1.3793,0
6641,1.0000,193.9974,205.8907,1.0613,0
6642,1.0000,157.2228,182.2663,1.1593,0
6643,1.0000,255.9355,260.3978,1.0174,0
6644,1.0000,197.5044,213.8013,1.0825,0
6645,1.0000,193.4606,232.8991,1.2039,0
6646,1.0000,126.7162,152.1217,1.2005,0
6647,0.7000,260.5782,274.8345,1.0547,0
6648,0.9000,206.2474,225.7565,1.0946,0
6649,1.0000,117.0214,139.1151,1.1888,0
6650,1.0000,127.8045,153.2547,1.1991,0
6651,0.9000,246.2316,255.6228,1.0381,0
6652,1.0000,145.6331,195.4277,1.3419,0
6653,0.9000,101.5234,109.5901,1.0795,0
6654,0.9000,264.3180,278.9624,1.0554,0
6655,1.0000,276.2426,294.9610,1.0678,0
6656,1.0000,228.3024,254.1417,1.1132,0
6657,1.0000,107.4802,258.4724,2.4048,0
6658,0.8000,254.1279,270.7028,1.0652,0
6659,1.0000,257.2217,263.1672,1.0231,0
6660,1.0000,247.9153,267.6135,1.0795,0
6661,1.0000,171.1403,246.4752,1.4402,0
6662,0.8000,269.7999,288.9031,1.0708,0
6663,1.0000,101.1237,111.6423,1.1040,0
6664,1.0000,141.0496,164.3502,1.1652,0
6665,1.0000,157.9589,197.9065,1.2529,0
6666,0.9000,235.0872,253.7853,1.0795,0
6667,0.9000,241.4808,265.5767,1.0998,0
6668,0.7000,273.5489,313.0751,1.1445,0
6669,0.9000,245.9512,284.8473,1.1581,0
6670,1.0000,118.0000,151.4265,1.2833,0
6671,1.0000,77.4726,98.0357,1.2654,0
6672,1.0000,257.5791,274.8108,1.0669,0
6673,1.0000,271.5327,285.8409,1.0527,0
6674,0.9000,225.3886,246.2154,1.0924,0
6675,0.9000,104.9762,316.3416,3.0135,0
6676,1.0000,254.4799,271.4277,1.0666,0
6677,1.0000,83.7496,89.7106,1.0712,0
6678,1.0000,116.4002,133.0038,1.1426,0
6679,1.0000,171.0000,190.5387,1.1143,0
6680,1.0000,100.4141,196.4128,1.9560,0
6681,0.9000,219.4425,241.3669,1.0999,0
6682,1.0000,212.9718,250.4137,1.1758,0
6683,1.0000,254.9725,268.7155,1.0539,0
6684,1.0000,183.9864,216.3146,1.1757,0
6685,1.0000,160.0844,244.9714,1.5303,0
6686,1.0000,258.4241,283.0989,1.0955,0
6687,1.0000,78.6511,110.5305,1.4053,0
6688,1.0000,274.1678,284.5611,1.0379,0
6689,1.0000,53.2353,77.8267,1.4619,0
6690,1.0000,122.9065,134.8518,1.0972,0
6691,1.0000,157.0255,197.1091,1.2553,0
6692,1.0000,246.5259,262.6024,1.0652,0
6693,1.0000,227.7455,247.2630,1.0857,0
6694,1.0000,217.0300,233.5252,1.0760,0
6695,1.0000,214.6905,235.6756,1.0977,0
6696,1.0000,97.0567,178.0393,1.8344,0
6697,1.0000,199.5320,223.8705,1.1220,0
6698,1.0000,82.9819,145.3754,1.7519,0
6699,1.0000,186.4350,219.7294,1.1786,0
6700,1.0000,123.5071,173.6203,1.4058,0
6701,0.9000,255.7010,280.2856,1.0961,0
6702,0.9000,247.8992,261.6505,1.0555,0
6703,1.0000,227.8377,243.2283,1.0676,0
6704,1.0000,150.5590,168.0417,1.1161,0
6705,1.0000,211.2368,223.7655,1.0593,0
6706,1.0000,114.1753,173.8419,1.5226,0
6707,1.0000,119.8624,167.7588,1.3996,0
6708,1.0000,141.8520,166.9790,1.1771,0
6709,1.0000,72.3464,118.3300,1.6356,0
6710,1.0000,116.9658,152.7252,1.3057,0
6711,1.0000,102.1812,131.7460,1.2893,0
6712,1.0000,85.2350,123.4625,1.4485,0
6713,1.0000,178.2779,201.2014,1.1286,0
6714,1.0000,254.7842,296.2820,1.1629,0
6715,1.0000,65.2610,115.5076,1.7699,0
6716,1.0000,197.0837,223.7521,1.1353,0
6717,1.0000,73.5255,83.0482,1.1295,0
6718,0.9000,275.2544,294.5743,1.0702,0
6719,1.0000,175.3454,243.2201,1.3871,0
6720,1.0000,125.7537,131.4534,1.0453,0
6721,1.0000,107.2381,138.5821,1.2923,0
6722,1.0000,104.3408,143.9444,1.3796,0
6723,1.0000,98.9697,184.0489,1.8596,0
6724,1.0000,189.8789,216.5987,1.1407,0
6725,1.0000,110.0727,127.1023,1.1547,0
6726,1.0000,107.4942,149.6897,1.3925,0
6727,1.0000,226.1769,256.3240,1.1333,0
6728,1.0000,213.6867,239.3220,1.1200,0
6729,1.0000,210.2451,239.3449,1.1384,0
6730,1.0000,165.2453,182.3568,1.1036,0
6731,1.0000,172.4239,184.8053,1.0718,0
6732,1.0000,175.1028,204.1666,1.1660,0
6733,1.0000,194.8358,210.3687,1.0797,0
6734,1.0000,165.2332,238.3317,1.4424,0
6735,1.0000,144.7031,222.9036,1.5404,0
6736,1.0000,219.9773,241.3027,1.0969,0
6737,1.0000,90.3770,111.7318,1.2363,0
6738,1.0000,205.3460,232.4027,1.1318,0
6739,1.0000,230.1912,254.9863,1.1077,0
6740,0.9000,139.5708,251.1294,1.7993,0
6741,1.0000,178.7372,240.3705,1.3448,0
6742,1.0000,174.7541,189.6101,1.0850,0
6743,1.0000,168.8461,194.1700,1.1500,0
6744,1.0000,128.7633,238.1407,1.8494,0
6745,1.0000,160.6798,183.7253,1.1434,0
6746,1.0000,153.6034,185.8359,1.2098,0
6747,1.0000,206.2426,248.2881,1.2039,0
6748,1.0000,131.5257,208.6983,1.5868,0
6749,1.0000,158.8207,184.3611,1.1608,0
6750,0.9000,179.3739,205.5578,1.1460,0
6751,0.8000,150.9039,237.3521,1.5729,0
6752,1.0000,156.1538,252.0615,1.6142,0
6753,0.9000,239.6560,245.5199,1.0245,0
6754,1.0000,177.7976,206.3783,1.1607,0
6755,1.0000,140.3531,236.3091,1.6837,0
6756,0.9000,212.7534,267.3200,1.2565,0
6757,1.0000,169.4078,199.0779,1.1751,0
6758,1.0000,105.1475,245.7234,2.3369,0
6759,1.0000,105.9434,246.4711,2.3264,0
6760,0.8000,197.5930,272.7673,1.3805,0
6761,1.0000,55.4166,231.3374,4.1745,0
6762,0.9000,204.8927,216.4371,1.0563,0
6763,0.9000,223.5867,238.3023,1.0658,0
6764,1.0000,179.1759,253.1798,1.4130,0
6765,1.0000,183.6301,286.0385,1.5577,0
6766,1.0000,136.4405,179.3405,1.3144,0
6767,1.0000,84.4393,215.5713,2.5530,0
6768,1.0000,221.7499,229.8043,1.0363,0
6769,0.7000,262.3623,267.3219,1.0189,0
6770,1.0000,221.4678,235.7117,1.0643,0
6771,1.0000,167.2633,236.3726,1.4132,0
6772,1.0000,147.6381,164.7726,1.1161,0
6773,1.0000,133.1616,143.7254,1.0793,0
6774,1.0000,198.1792,221.7611,1.1190,0
6775,1.0000,235.1234,256.9144,1.0927,0
6776,1.0000,91.7987,104.3456,1.1367,0
6777,0.9000,199.5921,230.0370,1.1525,0
6778,1.0000,231.8577,243.3084,1.0494,0
6779,0.9000,188.4144,247.2549,1.3123,0
6780,1.0000,223.0762,245.4954,1.1005,0
6781,0.9000,224.3390,262.2785,1.1691,0
6782,1.0000,176.8559,191.1204,1.0807,0
6783,1.0000,78.6893,133.8731,1.7013,0
6784,1.0000,115.0435,137.9928,1.1995,0
6785,1.0000,72.6430,228.3309,3.1432,0
6786,1.0000,139.3844,236.3007,1.6953,0
6787,1.0000,216.6679,247.6590,1.1430,0
6788,1.0000,137.2662,166.3881,1.2122,0
6789,1.0000,174.5738,183.8178,1.0530,0
6790,1.0000,219.0411,239.5558,1.0937,0
6791,1.0000,210.3497,225.7742,1.0733,0
6792,1.0000,170.6781,200.4819,1.1746,0
6793,1.0000,137.8042,152.1775,1.1043,0
6794,1.0000,237.7856,262.3757,1.1034,0
6795,1.0000,242.6087,272.6261,1.1237,0
6796,0.9000,203.7229,224.2454,1.1007,0
6797,1.0000,153.1045,165.0727,1.0782,0
6798,1.0000,67.0448,74.6257,1.1131,0
6799,1.0000,179.2401,195.8545,1.0927,0
6800,1.0000,190.3444,230.9329,1.2132,0
6801,1.0000,234.5741,253.4581,1.0805,0
6802,1.0000,230.6686,248.1693,1.0759,0
6803,1.0000,137.9130,184.2580,1.3360,0
6804,1.0000,88.2100,198.9698,2.2556,0
6805,0.9000,173.6894,193.0052,1.1112,0
6806,1.0000,106.8410,130.7058,1.2234,0
6807,1.0000,182.4171,232.2176,1.2730,0
6808,1.0000,253.6375,268.9796,1.0605,0
6809,1.0000,199.7849,222.8632,1.1155,0
6810,1.0000,166.0964,196.2014,1.1813,0
6811,1.0000,180.9945,201.9950,1.1160,0
6812,1.0000,178.8128,198.8215,1.1119,0
6813,1.0000,184.2553,194.5970,1.0561,0
6814,1.0000,196.4154,218.1467,1.1106,0
6815,0.9000,225.4906,249.5296,1.1066,0
6816,0.9000,123.6851,143.1852,1.1577,0
6817,1.0000,192.1900,205.8446,1.0710,0
6818,1.0000,177.8707,202.3141,1.1374,0
6819,0.7000,217.5270,236.4276,1.0869,0
6820,0.9000,224.4772,241.0145,1.0737,0
6821,1.0000,219.1826,239.2760,1.0917,0
6822,1.0000,232.4715,247.1012,1.0629,0
6823,1.0000,157.3181,218.7761,1.3907,0
6824,1.0000,226.6076,246.9210,1.0896,0
6825,1.0000,131.1564,232.8197,1.7751,0
6826,1.0000,122.9349,169.0562,1.3752,0
6827,1.0000,230.8203,248.1814,1.0752,0
6828,0.9000,206.0291,221.9685,1.0774,0
6829,1.0000,116.0129,195.1973,1.6825,0
6830,1.0000,194.4865,229.1179,1.1781,0
6831,1.0000,182.9508,199.7148,1.0916,0
6832,1.0000,155.2192,254.8568,1.6419,0
6833,1.0000,125.3555,272.9249,2.1772,0
6834,0.9000,242.9712,253.6395,1.0439,0
6835,1.0000,231.7348,243.5241,1.0509,0
6836,1.0000,160.8167,188.7988,1.1740,0
6837,1.0000,83.9940,113.6266,1.3528,0
6838,1.0000,171.9796,186.2391,1.0829,0
6839,1.0000,158.9811,190.1631,1.1961,0
6840,1.0000,160.7825,184.1358,1.1452,0
6841,0.9000,223.4278,253.2232,1.1334,0
6842,1.0000,149.2950,171.0263,1.1456,0
6843,1.0000,229.3186,261.0804,1.1385,0
6844,1.0000,186.2284,202.4870,1.0873,0
6845,1.0000,161.4187,192.4604,1.1923,0
6846,1.0000,245.4506,268.0970,1.0923,0
6847,0.8000,237.2594,253.5942,1.0688,0
6848,1.0000,195.1435,215.5737,1.1047,0
6849,1.0000,235.1106,249.6437,1.0618,0
6850,1.0000,44.6766,167.3619,3.7461,0
6851,1.0000,179.4046,218.0826,1.2156,0
6852,1.0000,146.6322,177.3556,1.2095,0
6853,1.0000,199.0025,227.5456,1.1434,0
6854,1.0000,224.0670,274.9018,1.2269,0
6855,1.0000,238.8682,258.8301,1.0836,0
6856,1.0000,182.2690,193.0363,1.0591,0
6857,1.0000,146.8230,230.6209,1.5707,0
6858,0.9000,204.9390,220.6264,1.0765,0
6859,0.9000,259.0463,278.8369,1.0764,0
6860,1.0000,177.6654,192.3122,1.0824,0
6861,0.9000,227.2070,251.8690,1.1085,0
6862,1.0000,148.1452,163.0613,1.1007,0
6863,1.0000,177.2089,203.6345,1.1491,0
6864,1.0000,189.4518,209.2893,1.1047,0
6865,1.0000,215.0767,242.4438,1.1272,0
6866,1.0000,208.5641,216.6795,1.0389,0
6867,1.0000,237.4089,257.1789,1.0833,0
6868,1.0000,166.5803,179.5940,1.0781,0
6869,1.0000,166.8772,196.1581,1.1755,0
6870,1.0000,194.9025,213.2018,1.0939,0
6871,0.9000,206.0655,228.5388,1.1091,0
6872,0.8000,202.0421,213.0493,1.0545,0
6873,1.0000,225.9248,250.4256,1.1084,0
6874,0.9000,238.2813,254.7921,1.0693,0
6875,0.8000,230.7466,244.9102,1.0614,0
6876,1.0000,168.2260,193.0803,1.1477,0
6877,1.0000,154.7094,183.7172,1.1875,0
6878,1.0000,195.6451,207.8365,1.0623,0
6879,1.0000,158.1929,167.5977,1.0595,0
6880,1.0000,115.9310,158.4172,1.3665,0
6881,1.0000,175.4936,207.2511,1.1810,0
6882,1.0000,229.9087,253.2094,1.1013,0
6883,1.0000,268.9665,288.3297,1.0720,0
6884,1.0000,185.9919,236.7678,1.2730,0
6885,1.0000,258.9884,270.3313,1.0438,0
6886,0.9000,127.4323,216.3839,1.6980,0
6887,1.0000,190.8612,200.1424,1.0486,0
6888,1.0000,196.3084,213.1126,1.0856,0
6889,1.0000,214.6881,226.6782,1.0558,0
6890,1.0000,186.8877,230.6101,1.2340,0
6891,0.7000,295.7769,312.4516,1.0564,0
6892,0.9000,220.6037,242.6603,1.1000,0
6893,1.0000,258.1221,269.4068,1.0437,0
6894,1.0000,239.2635,269.5682,1.1267,0
6895,1.0000,185.8844,202.0643,1.0870,0
6896,0.7000,264.1855,283.7305,1.0740,0
6897,1.0000,232.5575,255.6247,1.0992,0
6898,1.0000,158.9182,237.1877,1.4925,0
6899,1.0000,188.4914,207.7065,1.1019,0
6900,1.0000,194.0412,232.7617,1.1995,0
6901,1.0000,206.9541,227.5851,1.0997,0
6902,1.0000,172.3021,199.1155,1.1556,0
6903,1.0000,211.5632,222.3646,1.0511,0
6904,0.9000,267.5612,289.9121,1.0835,0
6905,1.0000,207.3114,233.0086,1.1240,0
6906,1.0000,222.2836,264.1855,1.1885,0
6907,1.0000,250.5534,272.8718,1.0891,0
6908,0.7000,250.3478,262.2937,1.0477,0
6909,1.0000,222.0923,237.9559,1.0714,0
6910,1.0000,260.6473,275.8061,1.0582,0
6911,1.0000,190.8193,213.1971,1.1173,0
6912,1.0000,221.5491,230.7184,1.0414,0
6913,1.0000,231.2012,267.5332,1.1571,0
6914,1.0000,182.2306,209.2487,1.1483,0
6915,1.0000,225.3886,242.5036,1.0759,0
6916,1.0000,264.6904,313.7531,1.1854,0
6917,0.9000,217.4442,243.3126,1.1190,0
6918,1.0000,186.0538,205.6526,1.1053,0
6919,1.0000,216.1435,236.6136,1.0947,0
6920,0.9000,240.5203,251.2708,1.0447,0
6921,1.0000,232.4651,249.1425,1.0717,0
6922,1.0000,191.1544,218.1903,1.1414,0
6923,1.0000,171.3680,182.0220,1.0622,0
6924,0.9000,200.1674,212.7346,1.0628,0
6925,1.0000,215.2650,232.2951,1.0791,0
6926,1.0000,215.9236,242.1900,1.1216,0
6927,0.9000,243.7745,269.7795,1.1067,0
6928,0.7000,203.8431,257.3694,1.2626,0
6929,0.9000,251.0060,273.6220,1.0901,0
6930,1.0000,161.0652,180.6959,1.1219,0
6931,1.0000,231.9569,249.4173,1.0753,0
6932,1.0000,238.8221,255.6110,1.0703,0
6933,0.9000,223.2868,237.9517,1.0657,0
6934,1.0000,219.4197,232.2800,1.0586,0
6935,1.0000,168.9941,232.5059,1.3758,0
6936,0.9000,198.2322,218.1949,1.1007,0
6937,0.8000,221.6890,244.2622,1.1018,0
6938,1.0000,148.9027,253.1581,1.7002,0
6939,1.0000,71.8679,148.4587,2.0657,0
6940,1.0000,197.6891,218.9726,1.1077,0
6941,1.0000,143.6036,213.4338,1.4863,0
6942,1.0000,182.1071,241.5988,1.3267,0
6943,0.9000,168.2587,182.3732,1.0839,0
6944,1.0000,199.7448,226.7862,1.1354,0
6945,1.0000,176.6947,191.6220,1.0845,0
6946,1.0000,239.4222,257.4413,1.0753,0
6947,1.0000,205.9903,221.2555,1.0741,0
6948,1.0000,88.8369,173.7527,1.9559,0
6949,1.0000,152.8463,176.2754,1.1533,0
6950,1.0000,210.0524,230.1174,1.0955,0
6951,0.9000,198.3885,217.8899,1.0983,0
6952,1.0000,182.2800,214.4668,1.1766,0
6953,1.0000,225.0555,262.3242,1.1656,0
6954,1.0000,135.1222,172.5312,1.2769,0
6955,0.9000,148.3779,199.3740,1.3437,0
6956,1.0000,122.3601,253.6848,2.0733,0
6957,1.0000,152.6729,178.7820,1.1710,0
6958,1.0000,207.1569,224.2186,1.0824,0
6959,0.7000,265.0000,274.7708,1.0369,0
6960,0.9000,217.9862,229.8282,1.0543,0
6961,1.0000,116.2239,132.3820,1.1390,0
6962,0.9000,64.5523,236.5692,3.6648,0
6963,1.0000,160.1718,272.0074,1.6982,0
6964,1.0000,256.8599,272.1103,1.0594,0
6965,1.0000,125.7100,220.7215,1.7558,0
6966,1.0000,219.1529,235.7520,1.0757,0
6967,0.7000,114.1227,199.0000,1.7437,0
6968,1.0000,214.4994,226.6804,1.0568,0
6969,1.0000,182.8387,199.6322,1.0918,0
6970,1.0000,177.1525,192.8730,1.0887,0
6971,1.0000,210.0619,222.9260,1.0612,0
6972,1.0000,231.6830,250.4875,1.0812,0
6973,1.0000,166.1866,258.7470,1.5570,0
6974,0.9000,214.1191,243.1275,1.1355,0
6975,1.0000,238.5477,267.1835,1.1200,0
6976,1.0000,121.4578,178.3255,1.4682,0
6977,1.0000,139.8142,161.6911,1.1565,0
6978,1.0000,176.6296,258.6271,1.4642,0
6979,1.0000,131.0153,223.7767,1.7080,0
6980,1.0000,139.0432,240.1729,1.7273,0
6981,1.0000,81.3634,227.9825,2.8020,0
6982,1.0000,206.3589,225.3797,1.0922,0
6983,1.0000,160.2654,238.7279,1.4896,0
6984,1.0000,173.5022,184.8026,1.0651,0
6985,0.4000,236.0572,266.6946,1.1298,0
6986,1.0000,289.8327,304.6736,1.0512,0
6987,0.9000,224.0513,239.4118,1.0686,0
6988,0.9000,242.7427,267.1442,1.1005,0
6989,0.7000,212.7863,223.8080,1.0518,0
6990,1.0000,95.5301,217.9725,2.2817,0
6991,1.0000,233.7263,255.5915,1.0936,0
6992,1.0000,225.6280,242.4479,1.0745,0
6993,1.0000,182.8196,220.9706,1.2087,0
6994,1.0000,200.6664,242.3654,1.2078,0
6995,0.8000,214.8278,233.3281,1.0861,0
6996,1.0000,168.6001,177.2766,1.0515,0
6997,1.0000,125.4671,189.0265,1.5066,0
6998,0.9000,222.2566,246.9170,1.1110,0
6999,1.0000,171.4905,237.6910,1.3860,0
7000,1.0000,125.6583,214.4435,1.7066,0
7001,1.0000,69.2604,197.8408,2.8565,0
7002,1.0000,172.1656,247.5601,1.4379,0
7003,1.0000,250.3917,263.7404,1.0533,0
7004,1.0000,139.5815,270.5513,1.9383,0
7005,1.0000,161.7684,273.7864,1.6925,0
7006,1.0000,156.1025,241.7147,1.5484,0
7007,1.0000,236.9641,251.3961,1.0609,0
7008,0.9000,237.3436,258.9035,1.0908,0
7009,0.8000,221.5920,242.4459,1.0941,0
7010,0.9000,222.7577,246.2884,1.1056,0
7011,1.0000,230.2955,252.7904,1.0977,0
7012,1.0000,100.2547,249.7459,2.4911,0
7013,1.0000,189.3990,255.2665,1.3478,0
7014,1.0000,240.4745,263.1767,1.0944,0
7015,0.8000,267.4790,279.6408,1.0455,0
7016,1.0000,133.2516,247.3904,1.8566,0
7017,1.0000,50.8527,193.1657,3.7985,0
7018,0.9000,225.2132,250.9103,1.1141,0
7019,0.9000,201.8539,219.9454,1.0896,0
7020,1.0000,99.4133,172.6441,1.7366,0
7021,1.0000,79.0569,220.5992,2.7904,0
7022,0.8000,274.5724,291.5167,1.0617,0
7023,0.9000,202.1163,226.8876,1.1226,0
7024,1.0000,116.0517,233.5979,2.0129,0
7025,1.0000,200.9179,210.9550,1.0500,0
7026,0.9000,122.6132,270.5014,2.2061,0
7027,1.0000,243.2735,253.5508,1.0422,0
7028,1.0000,249.7819,272.9231,1.0926,0
7029,1.0000,157.5183,196.2014,1.2456,0
7030,0.9000,261.1800,295.5926,1.1318,0
7031,0.9000,222.3556,253.8405,1.1416,0
7032,1.0000,154.1882,177.7611,1.1529,0
7033,0.7000,223.6627,234.2307,1.0472,0
7034,1.0000,131.6207,167.5201,1.2727,0
7035,0.8000,212.9507,225.2909,1.0579,0
7036,1.0000,195.2742,233.9850,1.1982,0
7037,1.0000,217.7958,234.8680,1.0784,0
7038,0.9000,198.9246,233.9957,1.1763,0
7039,0.9000,217.3960,244.8346,1.1262,0
7040,0.9000,222.4095,243.0514,1.0928,0
7041,1.0000,220.5856,239.6873,1.0866,0
7042,0.8000,252.7726,263.0171,1.0405,0
7043,1.0000,230.4821,250.6571,1.0875,0
7044,1.0000,221.3188,247.0891,1.1164,0
7045,0.9000,172.1191,182.2142,1.0587,0
7046,1.0000,221.6484,236.0657,1.0650,0
7047,1.0000,200.0025,221.8468,1.1092,0
7048,0.9000,170.8537,201.0075,1.1765,0
7049,1.0000,199.7048,214.1915,1.0725,0
7050,1.0000,250.4995,271.7922,1.0850,0
7051,1.0000,121.3136,146.1917,1.2051,0
7052,1.0000,215.5017,247.6086,1.1490,0
7053,1.0000,209.7665,239.7728,1.1430,0
7054,1.0000,176.0227,205.6672,1.1684,0
7055,1.0000,228.7706,265.7141,1.1615,0
7056,1.0000,147.7802,173.0953,1.1713,0
7057,0.9000,217.2395,233.8653,1.0765,0
7058,1.0000,197.5626,217.4258,1.1005,0
7059,1.0000,276.1503,289.2940,1.0476,0
7060,1.0000,157.8734,179.4714,1.1368,0
7061,1.0000,237.5879,255.1294,1.0738,0
7062,0.9000,231.9590,240.2457,1.0357,0
7063,1.0000,159.6715,189.8947,1.1893,0
7064,1.0000,180.6710,199.1582,1.1023,0
7065,0.8000,261.4096,265.6897,1.0164,0
7066,0.9000,253.7972,280.1625,1.1039,0
7067,1.0000,196.3161,224.4081,1.1431,0
7068,1.0000,109.3023,120.8015,1.1052,0
7069,1.0000,229.7607,255.3449,1.1114,0
7070,0.8000,206.2523,226.4994,1.0982,0
7071,1.0000,206.4510,223.1860,1.0811,0
7072,1.0000,188.4383,220.1068,1.1681,0
7073,0.8000,235.8304,245.9776,1.0430,0
7074,1.0000,264.0227,278.3236,1.0542,0
7075,1.0000,249.9160,278.9229,1.1161,0
7076,0.8000,260.0019,290.3515,1.1167,0
7077,0.8000,231.1277,246.8441,1.0680,0
7078,0.9000,238.0357,272.5472,1.1450,0
7079,1.0000,210.9455,230.8246,1.0942,0
7080,1.0000,263.3192,284.0176,1.0786,0
7081,1.0000,158.0411,194.4042,1.2301,0
7082,1.0000,243.3865,258.9652,1.0640,0
7083,1.0000,173.6289,182.2306,1.0495,0
7084,1.0000,212.9272,231.7693,1.0885,0
7085,1.0000,250.4356,263.8636,1.0536,0
7086,0.9000,110.1227,130.3495,1.1837,0
7087,0.9000,112.2720,126.8976,1.1303,0
7088,1.0000,167.1526,182.2992,1.0906,0
7089,1.0000,215.8889,231.3439,1.0716,0
7090,1.0000,176.9717,198.1287,1.1196,0
7091,1.0000,209.2917,241.2903,1.1529,0
7092,1.0000,176.7201,189.6444,1.0731,0
7093,1.0000,191.9948,262.8897,1.3693,0
7094,0.9000,247.4611,261.6333,1.0573,0
7095,1.0000,230.7314,255.4310,1.1070,0
7096,0.8000,244.4115,259.7749,1.0629,0
7097,0.9000,221.4701,241.1638,1.0889,0
7098,1.0000,207.5717,240.3248,1.1578,0
7099,1.0000,195.4456,208.6121,1.0674,0
7100,1.0000,234.4867,262.1450,1.1180,0
7101,1.0000,239.1004,264.7376,1.1072,0
7102,1.0000,214.4201,246.5218,1.1497,0
7103,1.0000,174.0000,214.0187,1.2300,0
7104,1.0000,201.5217,218.3804,1.0837,0
7105,0.9000,182.5075,218.8767,1.1993,0
7106,1.0000,159.6621,177.7020,1.1130,0
7107,1.0000,155.4767,181.9643,1.1704,0
7108,1.0000,224.9289,244.7080,1.0879,0
7109,1.0000,223.6985,240.4662,1.0750,0
7110,1.0000,211.5325,230.9156,1.0916,0
7111,1.0000,173.4387,197.1243,1.1366,0
7112,1.0000,204.4089,221.0837,1.0816,0
7113,1.0000,222.6589,236.1271,1.0605,0
7114,1.0000,202.9631,244.3236,1.2038,0
7115,1.0000,226.7620,238.9602,1.0538,0
7116,0.9000,188.4171,238.7886,1.2673,0
7117,0.9000,230.1869,235.0681,1.0212,0
7118,0.8000,182.1593,211.6601,1.1620,0
7119,0.9000,198.3835,238.7509,1.2035,0
7120,1.0000,180.6931,247.9657,1.3723,0
7121,0.9000,211.1682,230.7769,1.0929,0
7122,1.0000,160.2498,172.8381,1.0786,0
7123,0.9000,203.5731,215.2975,1.0576,0
7124,1.0000,142.5096,168.2409,1.1806,0
7125,1.0000,181.9560,200.9453,1.1044,0
7126,1.0000,129.4141,176.3718,1.3628,0
7127,0.9000,158.4487,187.2218,1.1816,0
7128,1.0000,120.8222,174.7827,1.4466,0
7129,1.0000,62.8092,138.4594,2.2044,0
7130,1.0000,197.8156,220.8484,1.1164,0
7131,1.0000,186.3250,202.4006,1.0863,0
7132,1.0000,239.7040,257.6354,1.0748,0
7133,1.0000,241.5906,266.1616,1.1017,0
7134,1.0000,126.3369,160.4369,1.2699,0
7135,1.0000,218.4720,229.8630,1.0521,0
7136,1.0000,178.5189,214.6066,1.2022,0
7137,1.0000,177.1976,185.8037,1.0486,0
7138,1.0000,205.7328,231.8556,1.1270,0
7139,1.0000,242.8209,252.8755,1.0414,0
7140,1.0000,225.6967,248.7247,1.1020,0
7141,1.0000,138.8308,147.7430,1.0642,0
7142,1.0000,214.2709,275.0582,1.2837,0
7143,1.0000,158.0348,168.2706,1.0648,0
7144,1.0000,237.6573,293.1877,1.2337,0
7145,1.0000,149.0168,162.7329,1.0920,0
7146,1.0000,165.6412,190.8271,1.1521,0
7147,1.0000,202.1905,215.7638,1.0671,0
7148,1.0000,239.1882,250.4935,1.0473,0
7149,1.0000,135.4031,154.7966,1.1432,0
7150,0.9000,205.1536,222.8048,1.0860,0
7151,1.0000,250.8127,268.1511,1.0691,0
7152,1.0000,176.4398,194.0567,1.0998,0
7153,1.0000,103.3392,209.7212,2.0294,0
7154,1.0000,92.1629,126.3052,1.3705,0
7155,1.0000,161.2669,171.9680,1.0664,0
7156,1.0000,211.2250,239.1318,1.1321,0
7157,1.0000,78.8733,243.5282,3.0876,0
7158,1.0000,232.9571,260.6876,1.1190,0
7159,0.9000,207.2631,221.2216,1.0673,0
7160,1.0000,225.4130,246.0142,1.0914,0
7161,0.9000,255.8027,268.7173,1.0505,0
7162,1.0000,271.6321,289.0035,1.0640,0
7163,1.0000,141.9366,228.2586,1.6082,0
7164,1.0000,273.1611,299.3677,1.0959,0
7165,1.0000,219.1415,236.8776,1.0809,0
7166,1.0000,233.1201,253.6986,1.0883,0
7167,0.8000,250.5055,264.8943,1.0574,0
7168,1.0000,239.2718,247.9274,1.0362,0
7169,1.0000,201.7498,218.4399,1.0827,0
7170,1.0000,243.8319,265.6163,1.0893,0
7171,1.0000,209.9952,226.8590,1.0803,0
7172,0.9000,285.5223,318.4007,1.1152,0
7173,1.0000,229.4777,254.8509,1.1106,0
7174,1.0000,155.2933,224.7287,1.4471,0
7175,1.0000,190.6200,220.5743,1.1571,0
7176,1.0000,210.7060,226.3029,1.0740,0
7177,1.0000,210.8341,257.9244,1.2234,0
7178,1.0000,170.9678,240.6699,1.4077,0
7179,0.9000,229.5169,244.9551,1.0673,0
7180,1.0000,214.1425,261.9790,1.2234,0
7181,1.0000,119.1847,223.0493,1.8715,0
7182,0.9000,236.8185,277.1786,1.1704,0
7183,1.0000,274.2353,291.3520,1.0624,0
7184,1.0000,184.5941,240.6844,1.3039,0
7185,1.0000,77.2917,250.3637,3.2392,0
7186,1.0000,217.8463,235.3975,1.0806,0
7187,1.0000,164.5479,196.5121,1.1943,0
7188,1.0000,263.9432,283.8785,1.0755,0
7189,0.9000,241.6982,256.6301,1.0618,0
7190,1.0000,209.7284,235.3402,1.1221,0
7191,0.9000,304.7786,331.0589,1.0862,0
7192,1.0000,221.7747,251.1752,1.1326,0
7193,1.0000,212.7487,262.3604,1.2332,0
7194,0.9000,265.3564,274.5833,1.0348,0
7195,1.0000,225.9226,245.8679,1.0883,0
7196,0.9000,328.9605,340.2661,1.0344,0
7197,1.0000,177.2682,206.6567,1.1658,0
7198,1.0000,176.3236,214.1098,1.2143,0
7199,1.0000,256.2148,279.2186,1.0898,0
7200,1.0000,227.7543,254.5427,1.1176,0
7201,1.0000,209.6974,258.7161,1.2338,0
7202,1.0000,186.8689,206.3226,1.1041,0
7203,0.8000,241.7168,265.5824,1.0987,0
7204,1.0000,172.8728,194.3708,1.1244,0
7205,0.9000,202.6796,223.7811,1.1041,0
7206,1.0000,196.0740,229.1899,1.1689,0
7207,0.9000,187.3606,219.2282,1.1701,0
7208,1.0000,184.8675,204.7169,1.1074,0
7209,1.0000,220.4291,253.6868,1.1509,0
7210,1.0000,213.3237,256.1035,1.2005,0
7211,1.0000,38.2230,158.8679,4.1563,0
7212,1.0000,226.1393,251.9147,1.1140,0
7213,1.0000,146.4070,180.9475,1.2359,0
7214,0.9000,204.2621,235.4273,1.1526,0
7215,1.0000,246.9109,265.3922,1.0748,0
7216,1.0000,244.6242,278.0881,1.1368,0
7217,1.0000,153.1568,172.2963,1.1250,0
7218,1.0000,233.6664,246.1666,1.0535,0
7219,1.0000,145.2067,161.1180,1.1096,0
7220,0.7000,257.4820,269.0539,1.0449,0
7221,0.9000,223.7141,240.4641,1.0749,0
7222,0.8000,247.6510,261.2585,1.0549,0
7223,0.8000,236.3535,263.0760,1.1131,0
7224,1.0000,212.4924,252.6084,1.1888,0
7225,1.0000,264.5902,284.9298,1.0769,0
7226,1.0000,218.1330,241.7623,1.1083,0
7227,1.0000,181.9423,230.4843,1.2668,0
7228,1.0000,196.8807,204.5043,1.0387,0
7229,1.0000,259.7614,284.3114,1.0945,0
7230,1.0000,208.6576,230.8484,1.1064,0
7231,1.0000,208.4754,222.5983,1.0677,0
7232,1.0000,199.1482,215.5365,1.0823,0
7233,0.9000,236.1334,253.0237,1.0715,0
7234,1.0000,129.3638,165.2846,1.2777,0
7235,1.0000,149.4456,157.4643,1.0537,0
7236,1.0000,59.0169,256.2596,4.3421,0
7237,0.9000,144.8896,160.9658,1.1110,0
7238,1.0000,175.0628,180.8397,1.0330,0
7239,0.8000,201.1641,223.5218,1.1111,0
7240,1.0000,189.7419,223.6448,1.1787,0
7241,0.7000,243.0185,263.8371,1.0857,0
7242,1.0000,213.3799,219.4129,1.0283,0
7243,1.0000,189.8473,201.5143,1.0615,0
7244,1.0000,180.6765,196.0510,1.0851,0
7245,0.9000,208.9569,228.8449,1.0952,0
7246,1.0000,187.3419,212.5865,1.1348,0
7247,1.0000,207.0652,228.0022,1.1011,0
7248,1.0000,181.2981,219.3513,1.2099,0
7249,1.0000,191.3374,212.5088,1.1106,0
7250,1.0000,217.9128,242.1487,1.1112,0
7251,1.0000,210.5564,242.2086,1.1503,0
7252,1.0000,219.1712,241.7747,1.1031,0
7253,1.0000,231.5016,261.4230,1.1292,0
7254,1.0000,184.9216,204.8341,1.1077,0
7255,0.5000,222.1576,229.1048,1.0313,0
7256,1.0000,244.7693,252.7232,1.0325,0
7257,0.9000,208.4778,221.9730,1.0647,0
7258,1.0000,221.7995,232.3532,1.0476,0
7259,1.0000,240.2291,269.1115,1.1202,0
7260,1.0000,206.2474,230.4496,1.1173,0
7261,0.9000,218.7350,240.8007,1.1009,0
7262,1.0000,226.5370,241.7044,1.0670,0
7263,0.8000,286.8833,300.8804,1.0488,0
7264,1.0000,183.7879,199.4417,1.0852,0
7265,1.0000,245.4180,258.0504,1.0515,0
7266,1.0000,216.8571,246.6475,1.1374,0
7267,1.0000,168.9645,188.1967,1.1138,0
7268,0.9000,213.0775,229.6193,1.0776,0
7269,0.9000,191.6011,215.6455,1.1255,0
7270,1.0000,220.4427,252.2439,1.1443,0
7271,0.9000,224.5596,235.4931,1.0487,0
7272,1.0000,233.7178,250.7150,1.0727,0
7273,0.9000,240.2082,266.2536,1.1084,0
7274,1.0000,238.1827,255.2959,1.0718,0
7275,0.8000,248.8031,259.1756,1.0417,0
7276,1.0000,239.1276,271.8750,1.1369,0
7277,1.0000,229.9087,261.1934,1.1361,0
7278,0.9000,275.0273,293.7380,1.0680,0
7279,0.9000,231.8922,246.6637,1.0637,0
7280,1.0000,233.1973,240.6429,1.0319,0
7281,1.0000,161.3072,234.3288,1.4527,0
7282,1.0000,260.5034,283.2049,1.0871,0
7283,0.9000,216.5202,236.1843,1.0908,0
7284,1.0000,174.4592,206.5115,1.1837,0
7285,0.8000,233.2338,238.7258,1.0235,0
7286,1.0000,200.0775,225.5394,1.1273,0
7287,0.9000,200.4420,258.9730,1.2920,0
7288,1.0000,197.8307,208.1130,1.0520,0
7289,1.0000,190.5833,213.3424,1.1194,0
7290,0.9000,195.6732,208.8229,1.0672,0
7291,0.9000,248.8232,280.3533,1.1267,0
7292,1.0000,204.5263,233.3560,1.1410,0
7293,0.8000,241.4664,254.5742,1.0543,0
7294,0.9000,257.7906,274.2882,1.0640,0
7295,0.9000,250.4296,270.4755,1.0800,0
7296,1.0000,192.1458,237.3879,1.2355,0
7297,0.8000,231.3028,248.7730,1.0755,0
7298,1.0000,231.1731,250.4216,1.0833,0
7299,0.9000,202.2400,219.8545,1.0871,0
7300,1.0000,218.7373,229.0349,1.0471,0
7301,1.0000,235.0766,246.5543,1.0488,0
7302,1.0000,181.8736,201.9233,1.1102,0
7303,0.8000,240.4787,273.2234,1.1362,0
7304,1.0000,220.3633,244.6140,1.1100,0
7305,1.0000,165.4237,180.8038,1.0930,0
7306,1.0000,220.3815,232.0840,1.0531,0
7307,1.0000,217.3730,228.6351,1.0518,0
7308,1.0000,218.8812,240.0792,1.0968,0
7309,0.8000,240.5743,254.2833,1.0570,0
7310,0.8000,231.5513,244.7795,1.0571,0
7311,1.0000,165.9488,247.1659,1.4894,0
7312,1.0000,173.7930,208.5761,1.2001,0
7313,0.9000,276.9133,293.4382,1.0597,0
7314,1.0000,176.6862,207.8846,1.1766,0
7315,0.9000,242.2230,255.0882,1.0531,0
7316,1.0000,229.8587,248.5599,1.0814,0
7317,1.0000,201.3405,228.6198,1.1355,0
7318,1.0000,207.3089,246.4041,1.1886,0
7319,1.0000,252.3133,266.1710,1.0549,0
7320,1.0000,210.8151,247.2185,1.1727,0
7321,1.0000,193.6879,224.4839,1.1590,0
7322,0.9000,235.3805,270.6825,1.1500,0
7323,1.0000,118.8234,203.0025,1.7084,0
7324,1.0000,217.4396,230.2564,1.0589,0
7325,1.0000,241.3959,272.8095,1.1301,0
7326,0.9000,227.0220,243.8073,1.0739,0
7327,1.0000,266.3644,288.4805,1.0830,0
7328,1.0000,189.3251,215.4646,1.1381,0
7329,0.9000,166.9012,173.5684,1.0399,0
7330,1.0000,237.9622,255.4095,1.0733,0
7331,1.0000,184.0815,191.8254,1.0421,0
7332,1.0000,231.0433,246.2011,1.0656,0
7333,0.8000,244.6773,268.4902,1.0973,0
7334,1.0000,241.1887,267.1385,1.1076,0
7335,1.0000,168.2766,185.1756,1.1004,0
7336,0.7000,222.3196,256.6125,1.1543,0
7337,1.0000,248.0000,259.9615,1.0482,0
7338,1.0000,136.1984,184.4126,1.3540,0
7339,0.9000,242.8003,297.2272,1.2242,0
7340,1.0000,198.0202,220.8031,1.1151,0
7341,0.7000,256.9202,266.1203,1.0358,0
7342,0.9000,264.0170,278.0180,1.0530,0
7343,0.9000,208.2330,224.2989,1.0772,0
7344,1.0000,188.3879,214.0514,1.1362,0
7345,0.9000,265.2659,289.6757,1.0920,0
7346,0.7000,238.7509,249.8199,1.0464,0
7347,1.0000,204.5312,219.4698,1.0730,0
7348,0.8000,254.3167,280.7615,1.1040,0
7349,1.0000,206.8236,229.1222,1.1078,0
7350,1.0000,197.4614,223.5531,1.1321,0
7351,0.9000,260.7949,279.2938,1.0709,0
7352,1.0000,207.1135,252.2994,1.2182,0
7353,0.9000,259.5978,276.2644,1.0642,0
7354,0.9000,233.0815,265.0000,1.1369,0
7355,0.9000,220.7555,232.1400,1.0516,0
7356,0.9000,262.1507,280.6457,1.0706,0
7357,0.9000,193.2356,255.0902,1.3201,0
7358,1.0000,265.5824,286.0822,1.0772,0
7359,0.7000,221.9662,244.4279,1.1012,0
7360,1.0000,256.7879,277.8435,1.0820,0
7361,1.0000,212.1415,235.8813,1.1119,0
7362,0.6000,234.7765,249.6758,1.0635,0
7363,0.8000,244.1270,259.6421,1.0636,0
7364,1.0000,201.0199,212.0731,1.0550,0
7365,1.0000,161.9290,171.0994,1.0566,0
7366,0.9000,211.4119,231.2899,1.0940,0
7367,1.0000,219.0068,243.6144,1.1124,0
7368,0.9000,247.2974,265.4863,1.0736,0
7369,0.9000,250.7748,265.7123,1.0596,0
7370,0.7000,241.1597,253.1146,1.0496,0
7371,1.0000,199.4066,215.5157,1.0808,0
7372,1.0000,231.3850,252.6143,1.0917,0
7373,1.0000,207.6030,230.9935,1.1127,0
7374,1.0000,234.8255,259.7557,1.1062,0
7375,1.0000,266.5989,292.1404,1.0958,0
7376,0.9000,207.5789,223.5129,1.0768,0
7377,0.9000,175.2940,185.9892,1.0610,0
7378,1.0000,182.5431,220.7374,1.2092,0
7379,1.0000,175.4537,183.6028,1.0464,0
7380,1.0000,70.4060,201.6160,2.8636,0
7381,1.0000,187.0561,215.2348,1.1506,0
7382,1.0000,156.8375,183.4421,1.1696,0
7383,1.0000,167.5231,185.9005,1.1097,0
7384,0.8000,202.5883,209.1268,1.0323,0
7385,1.0000,113.5562,188.7220,1.6619,0
7386,0.9000,268.6429,286.8222,1.0677,0
7387,0.9000,202.8275,215.2417,1.0612,0
7388,0.9000,180.4245,202.2770,1.1211,0
7389,1.0000,195.0308,206.1989,1.0573,0
7390,1.0000,52.8961,165.4660,3.1281,0
7391,1.0000,38.4578,187.3900,4.8726,0
7392,1.0000,45.4093,192.6863,4.2433,0
7393,1.0000,234.3160,267.4864,1.1416,0
7394,1.0000,136.2791,210.2403,1.5427,0
7395,1.0000,99.0808,270.5587,2.7307,0
7396,0.8000,249.5877,262.4900,1.0517,0
7397,1.0000,142.6254,237.9790,1.6686,0
7398,0.9000,187.1069,262.0496,1.4005,0
7399,0.7000,202.9261,211.0900,1.0402,0
7400,1.0000,246.6070,259.1023,1.0507,0
7401,1.0000,118.5369,157.9810,1.3328,0
7402,1.0000,173.0925,219.7089,1.2693,0
7403,1.0000,185.9301,213.9977,1.1510,0
7404,1.0000,134.8184,181.3560,1.3452,0
7405,1.0000,230.6296,259.9154,1.1270,0
7406,1.0000,137.3863,205.8519,1.4983,0
7407,1.0000,128.9302,261.6123,2.0291,0
7408,1.0000,111.5213,135.1370,1.2118,0
7409,1.0000,114.2585,124.5271,1.0899,0
7410,1.0000,134.5288,179.1898,1.3320,0
7411,1.0000,128.1366,219.6361,1.7141,0
7412,1.0000,127.3028,254.2440,1.9972,0
7413,0.9000,224.6798,241.6671,1.0756,0
7414,1.0000,130.0077,239.7394,1.8440,0
7415,1.0000,257.2256,269.4736,1.0476,0
7416,1.0000,184.5237,212.4900,1.1516,0
7417,0.9000,141.5839,213.5884,1.5086,0
7418,1.0000,210.7344,239.9312,1.1385,0
7419,1.0000,100.2846,220.0591,2.1943,0
7420,1.0000,166.1897,282.4305,1.6994,0
7421,0.7000,227.5808,249.1867,1.0949,0
7422,0.9000,212.7980,229.6933,1.0794,0
7423,1.0000,219.9136,238.5854,1.0849,0
7424,1.0000,140.0286,150.5158,1.0749,0
7425,1.0000,145.5816,154.8903,1.0639,0
7426,1.0000,212.6311,243.9549,1.1473,0
7427,1.0000,196.8451,225.0578,1.1433,0
7428,0.8000,220.8189,239.3366,1.0839,0
7429,1.0000,111.7363,142.4851,1.2752,0
7430,0.9000,200.6315,247.2529,1.2324,0
7431,1.0000,176.7484,194.8307,1.1023,0
7432,1.0000,138.1231,194.9897,1.4117,0
7433,0.9000,253.0751,287.0732,1.1343,0
7434,1.0000,164.8848,198.3406,1.2029,0
7435,1.0000,238.7258,290.9536,1.2188,0
7436,1.0000,232.5833,240.7239,1.0350,0
7437,1.0000,134.1119,185.7014,1.3847,0
7438,1.0000,214.0864,240.0875,1.1215,0
7439,1.0000,173.0953,197.4006,1.1404,0
7440,0.9000,193.2951,206.5478,1.0686,0
7441,1.0000,220.1840,250.5494,1.1379,0
7442,1.0000,212.6194,235.5165,1.1077,0
7443,1.0000,226.6186,247.2853,1.0912,0
7444,1.0000,274.9909,284.8982,1.0360,0
7445,0.7000,253.1758,262.8783,1.0383,0
7446,1.0000,201.7300,226.7664,1.1241,0
7447,0.7000,226.9670,234.0107,1.0310,0
7448,1.0000,99.2724,193.9330,1.9535,0
7449,1.0000,138.9460,220.2862,1.5854,0
7450,1.0000,80.1249,165.0091,2.0594,0
7451,0.9000,120.2456,237.3268,1.9737,0
7452,1.0000,100.6330,141.7921,1.4090,0
7453,1.0000,83.7198,167.8154,2.0045,0
7454,1.0000,169.3045,192.8834,1.1393,0
7455,1.0000,83.1505,137.6045,1.6549,0
7456,1.0000,189.3066,200.1874,1.0575,0
7457,1.0000,153.9253,175.1628,1.1380,0
7458,1.0000,173.4647,212.2098,1.2234,0
7459,0.9000,217.1175,247.3297,1.1392,0
7460,1.0000,131.8598,155.0387,1.1758,0
7461,1.0000,115.5162,185.1513,1.6028,0
7462,1.0000,64.0312,219.6201,3.4299,0
7463,1.0000,166.7393,208.6360,1.2513,0
7464,0.9000,188.2525,200.2573,1.0638,0
7465,0.9000,232.0539,243.9283,1.0512,0
7466,1.0000,220.6536,235.4549,1.0671,0
7467,1.0000,168.7365,225.7122,1.3377,0
7468,1.0000,144.2532,156.2082,1.0829,0
7469,1.0000,197.8788,209.0431,1.0564,0
7470,1.0000,164.4749,234.4611,1.4255,0
7471,1.0000,229.4842,251.9643,1.0980,0
7472,1.0000,173.3580,202.3067,1.1670,0
7473,1.0000,151.6641,169.8853,1.1201,0
7474,1.0000,157.8702,173.3955,1.0983,0
7475,1.0000,160.4681,219.4493,1.3676,0
7476,1.0000,75.0733,128.5963,1.7129,0
7477,1.0000,144.3918,177.5697,1.2298,0
7478,1.0000,106.7052,184.8053,1.7319,0
7479,1.0000,154.7029,172.6123,1.1158,0
7480,1.0000,155.3061,173.2715,1.1157,0
7481,1.0000,131.7536,154.7966,1.1749,0
7482,0.9000,239.7415,263.5925,1.0995,0
7483,1.0000,172.3572,225.4507,1.3080,0
7484,1.0000,176.7456,195.7549,1.1076,0
7485,1.0000,148.7918,270.7102,1.8194,0
7486,1.0000,129.5839,232.1831,1.7918,0
7487,1.0000,138.1774,203.0566,1.4695,0
7488,1.0000,85.9593,123.3653,1.4352,0
7489,1.0000,71.9375,250.3078,3.4795,0
7490,1.0000,122.0328,138.1014,1.1317,0
7491,1.0000,133.3792,169.8735,1.2736,0
7492,1.0000,182.8469,208.0120,1.1376,0
7493,1.0000,131.8522,200.4270,1.5201,0
7494,1.0000,204.2107,213.5041,1.0455,0
7495,1.0000,161.6509,190.8324,1.1805,0
7496,1.0000,133.6638,206.7825,1.5470,0
7497,1.0000,179.6970,194.8666,1.0844,0
7498,1.0000,122.2906,189.6919,1.5512,0
7499,1.0000,64.6684,100.5634,1.5551,0
7500,1.0000,160.0750,201.1517,1.2566,0
7501,1.0000,57.8100,183.4339,3.1730,0
7502,1.0000,104.1345,167.0599,1.6043,0
7503,1.0000,100.8613,201.3380,1.9962,0
7504,1.0000,147.9899,234.6934,1.5859,0
7505,1.0000,127.7889,190.3628,1.4897,0
7506,1.0000,196.8858,223.9018,1.1372,0
7507,1.0000,83.4086,167.3021,2.0058,0
7508,1.0000,216.4301,249.7479,1.1539,0
7509,1.0000,168.9852,189.2379,1.1198,0
7510,1.0000,173.8563,220.9163,1.2707,0
7511,1.0000,187.9601,203.5854,1.0831,0
7512,0.9000,130.4032,202.5808,1.5535,0
7513,1.0000,75.7826,121.9303,1.6089,0
7514,1.0000,97.9898,137.9493,1.4078,0
7515,1.0000,168.6594,192.5435,1.1416,0
7516,0.8000,240.2520,250.5594,1.0429,0
7517,1.0000,93.3327,181.1132,1.9405,0
7518,1.0000,100.5336,168.6831,1.6779,0
7519,1.0000,105.9245,133.8544,1.2637,0
7520,1.0000,230.9524,267.5575,1.1585,0
7521,1.0000,226.2145,256.7840,1.1351,0
7522,1.0000,137.6699,288.8269,2.0980,0
7523,1.0000,93.1880,110.7610,1.1886,0
7524,1.0000,85.2056,196.0281,2.3006,0
7525,1.0000,151.2845,238.3401,1.5754,0
7526,1.0000,151.7794,166.6493,1.0980,0
7527,1.0000,51.1273,116.4818,2.2783,0
7528,1.0000,74.7195,94.4352,1.2639,0
7529,1.0000,178.6085,196.0893,1.0979,0
7530,1.0000,169.8382,247.7398,1.4587,0
7531,1.0000,120.6441,167.6126,1.3893,0
7532,1.0000,70.6045,114.8695,1.6269,0
7533,1.0000,170.9474,183.5756,1.0739,0
7534,1.0000,257.8236,288.3141,1.1183,0
7535,1.0000,161.4094,199.7073,1.2373,0
7536,1.0000,224.2320,253.3081,1.1297,0
7537,1.0000,118.7561,157.8100,1.3289,0
7538,1.0000,67.4389,90.2441,1.3382,0
7539,1.0000,120.1874,137.7062,1.1458,0
7540,1.0000,208.5210,243.4317,1.1674,0
7541,1.0000,79.9687,257.0525,3.2144,0
7542,1.0000,227.1893,269.5478,1.1864,0
7543,1.0000,113.7761,276.5448,2.4306,0
7544,1.0000,104.1201,192.5019,1.8488,0
7545,1.0000,113.6134,241.9752,2.1298,0
7546,0.9000,246.3311,285.6291,1.1595,0
7547,1.0000,160.6456,206.5309,1.2856,0
7548,1.0000,189.0423,223.8459,1.1841,0
7549,1.0000,186.7030,233.3281,1.2497,0
7550,1.0000,214.4878,281.0231,1.3102,0
7551,1.0000,213.9089,236.6369,1.1063,0
7552,1.0000,200.2249,220.7261,1.1024,0
7553,0.9000,185.8010,249.3191,1.3419,0
7554,1.0000,160.8602,206.2183,1.2820,0
7555,1.0000,79.7997,98.0102,1.2282,0
7556,0.9000,268.6131,297.6374,1.1081,0
7557,1.0000,241.8595,249.5556,1.0318,0
7558,1.0000,204.0245,231.0844,1.1326,0
7559,1.0000,147.1700,168.0149,1.1416,0
7560,1.0000,149.4423,292.5491,1.9576,0
7561,0.9000,162.4592,314.3454,1.9349,0
7562,1.0000,109.9500,220.5312,2.0057,0
7563,0.7000,197.7777,296.3916,1.4986,0
7564,1.0000,174.1206,213.5228,1.2263,0
7565,1.0000,208.3603,245.1449,1.1765,0
7566,1.0000,121.2889,189.2327,1.5602,0
7567,1.0000,156.8024,183.8586,1.1725,0
7568,1.0000,245.5626,274.0219,1.1159,0
7569,1.0000,129.8345,224.3011,1.7276,0
7570,0.8000,218.6298,236.9029,1.0836,0
7571,0.9000,160.5709,180.4605,1.1239,0
7572,1.0000,237.4047,255.9512,1.0781,0
7573,1.0000,164.3715,188.5365,1.1470,0
7574,0.9000,216.8640,240.9730,1.1112,0
7575,0.6000,268.3449,302.7887,1.1284,0
7576,1.0000,191.8411,198.0909,1.0326,0
7577,0.9000,222.0090,261.3905,1.1774,0
7578,1.0000,247.3217,256.8502,1.0385,0
7579,0.9000,172.7368,242.0103,1.4010,0
7580,1.0000,166.0181,179.0670,1.0786,0
7581,1.0000,76.9480,92.9408,1.2078,0
7582,1.0000,152.0987,164.4688,1.0813,0
7583,1.0000,124.4428,162.8619,1.3087,0
7584,1.0000,175.9773,203.7768,1.1580,0
7585,1.0000,209.9714,269.5255,1.2836,0
7586,1.0000,174.0172,227.1960,1.3056,0
7587,1.0000,239.1004,277.6292,1.1611,0
7588,1.0000,100.9703,116.4603,1.1534,0
7589,1.0000,176.9435,201.3504,1.1379,0
7590,1.0000,155.5571,202.2820,1.3004,0
7591,1.0000,96.7212,118.1821,1.2219,0
7592,1.0000,198.2221,229.2531,1.1565,0
7593,1.0000,107.3313,125.4153,1.1685,0
7594,1.0000,95.3153,127.0748,1.3332,0
7595,1.0000,141.8168,151.7070,1.0697,0
7596,0.9000,186.0753,201.5738,1.0833,0
7597,1.0000,215.7035,235.1510,1.0902,0
7598,1.0000,169.0385,186.7806,1.1050,0
7599,1.0000,273.2124,301.4581,1.1034,0
7600,1.0000,180.3885,202.3882,1.1220,0
7601,1.0000,207.6584,225.3331,1.0851,0
7602,1.0000,156.6876,189.1111,1.2069,0
7603,1.0000,141.2303,152.4992,1.0798,0
7604,1.0000,154.0454,195.2076,1.2672,0
7605,1.0000,191.8724,202.0767,1.0532,0
7606,1.0000,117.3797,145.1137,1.2363,0
7607,1.0000,170.9942,187.8537,1.0986,0
7608,1.0000,179.3795,242.3840,1.3512,0
7609,0.9000,267.0375,281.0747,1.0526,0
7610,1.0000,214.1028,237.5647,1.1096,0
7611,1.0000,243.4132,269.1208,1.1056,0
7612,1.0000,184.9703,225.0800,1.2168,0
7613,1.0000,226.2101,256.6749,1.1347,0
7614,1.0000,252.6183,286.0926,1.1325,0
7615,1.0000,261.5664,297.8557,1.1387,0
7616,1.0000,175.0371,192.7511,1.1012,0
7617,1.0000,81.3265,229.0502,2.8164,0
7618,1.0000,204.1984,219.4129,1.0745,0
7619,1.0000,216.1227,243.3495,1.1260,0
7620,1.0000,233.0837,248.4794,1.0661,0
7621,1.0000,146.6731,185.0811,1.2619,0
7622,1.0000,121.3549,151.2614,1.2464,0
7623,1.0000,112.9690,154.6221,1.3687,0
7624,1.0000,169.2217,217.6396,1.2861,0
7625,1.0000,151.7135,169.3399,1.1162,0
7626,1.0000,156.1410,181.3560,1.1615,0
7627,1.0000,184.8675,225.3309,1.2189,0
7628,1.0000,99.2472,107.3033,1.0812,0
7629,1.0000,193.1062,216.0856,1.1190,0
7630,0.8000,212.7534,227.4643,1.0691,0
7631,1.0000,194.2421,228.1074,1.1743,0
7632,1.0000,178.2246,233.2509,1.3087,0
7633,1.0000,106.5082,141.2799,1.3265,0
7634,1.0000,145.6983,181.1629,1.2434,0
7635,1.0000,191.1282,228.6045,1.1961,0
7636,1.0000,164.4415,215.0558,1.3078,0
7637,0.7000,207.8052,229.0175,1.1021,0
7638,1.0000,200.3971,218.9840,1.0928,0
7639,1.0000,175.8607,208.2643,1.1843,0
7640,1.0000,227.8135,254.3698,1.1166,0
7641,1.0000,219.3012,238.7300,1.0886,0
7642,1.0000,167.2334,188.0053,1.1242,0
7643,1.0000,129.7151,146.5606,1.1299,0
7644,1.0000,193.4994,233.0536,1.2044,0
7645,0.9000,209.6974,241.5637,1.1520,0
7646,1.0000,223.0359,275.8025,1.2366,0
7647,1.0000,195.3612,224.6953,1.1502,0
7648,0.8000,280.9697,296.0946,1.0538,0
7649,0.8000,275.4251,304.9197,1.1071,0
7650,1.0000,198.6907,234.1132,1.1783,0
7651,1.0000,138.9172,186.1424,1.3400,0
7652,0.8000,182.0824,204.5434,1.1234,0
7653,1.0000,196.3976,221.8851,1.1298,0
7654,0.9000,249.5556,267.8731,1.0734,0
7655,1.0000,115.9224,140.4991,1.2120,0
7656,1.0000,207.4295,226.2852,1.0909,0
7657,1.0000,229.3447,249.1967,1.0866,0
7658,1.0000,167.3828,185.2593,1.1068,0
7659,1.0000,261.6410,287.6039,1.0992,0
7660,1.0000,145.1999,165.3179,1.1386,0
7661,1.0000,179.4297,188.3799,1.0499,0
7662,1.0000,173.0491,192.8678,1.1145,0
7663,1.0000,183.3903,205.5675,1.1209,0
7664,1.0000,211.8514,237.6426,1.1217,0
7665,1.0000,138.0109,168.0327,1.2175,0
7666,1.0000,161.7962,172.9104,1.0687,0
7667,1.0000,135.7903,162.9141,1.1997,0
7668,1.0000,210.1737,246.0488,1.1707,0
7669,1.0000,152.8921,172.2411,1.1266,0
7670,1.0000,68.0368,77.4468,1.1383,0
7671,1.0000,207.9183,230.5602,1.1089,0
7672,1.0000,127.6871,157.5722,1.2340,0
7673,1.0000,132.2346,142.0317,1.0741,0
7674,1.0000,190.3970,201.1343,1.0564,0
7675,1.0000,190.6935,217.7659,1.1420,0
7676,1.0000,126.2101,168.9941,1.3390,0
7677,1.0000,193.6879,211.1919,1.0904,0
7678,0.9000,182.3431,216.4694,1.1872,0
7679,1.0000,151.5883,193.8917,1.2791,0
7680,1.0000,217.9564,256.5697,1.1772,0
7681,1.0000,168.1339,184.5318,1.0975,0
7682,1.0000,193.9871,233.9744,1.2061,0
7683,1.0000,179.4798,216.5387,1.2065,0
7684,1.0000,245.8068,269.1115,1.0948,0
7685,1.0000,125.5627,148.3206,1.1812,0
7686,1.0000,164.4202,198.0656,1.2046,0
7687,1.0000,174.8285,200.7312,1.1482,0
7688,1.0000,157.7656,192.2498,1.2186,0
7689,1.0000,135.4142,150.5888,1.1121,0
7690,1.0000,215.4182,231.0519,1.0726,0
7691,1.0000,169.1804,178.4040,1.0545,0
7692,1.0000,211.1208,222.9327,1.0559,0
7693,1.0000,208.4370,236.6495,1.1354,0
7694,1.0000,166.9251,199.3464,1.1942,0
7695,1.0000,158.9591,198.9397,1.2515,0
7696,1.0000,135.4474,155.1096,1.1452,0
7697,1.0000,185.3564,207.2776,1.1183,0
7698,1.0000,96.3276,137.5064,1.4275,0
7699,1.0000,170.1999,196.8096,1.1563,0
7700,1.0000,180.1971,201.3554,1.1174,0
7701,1.0000,187.8590,210.0143,1.1179,0
7702,1.0000,207.7763,230.1847,1.1078,0
7703,1.0000,212.7440,240.3352,1.1297,0
7704,1.0000,211.3670,235.0447,1.1120,0
7705,0.8000,161.6663,175.5847,1.0861,0
7706,1.0000,179.9611,234.5293,1.3032,0
7707,1.0000,279.5979,310.7153,1.1113,0
7708,1.0000,262.5471,283.2861,1.0790,0
7709,1.0000,160.9410,190.4101,1.1831,0
7710,1.0000,186.7324,203.0025,1.0871,0
7711,1.0000,155.7305,178.1937,1.1442,0
7712,1.0000,156.1666,189.1983,1.2115,0
7713,0.9000,261.2604,302.1655,1.1566,0
7714,1.0000,202.5981,228.2630,1.1267,0
7715,1.0000,147.6855,166.9161,1.1302,0
7716,0.9000,235.1489,248.0927,1.0550,0
7717,0.9000,221.3278,262.7071,1.1870,0
7718,1.0000,236.4889,285.2963,1.2064,0
7719,1.0000,244.0983,267.3668,1.0953,0
7720,0.9000,248.2156,255.7225,1.0302,0
7721,1.0000,223.1703,264.2896,1.1843,0
7722,1.0000,219.5336,227.4797,1.0362,0
7723,1.0000,174.8657,221.7431,1.2681,0
7724,1.0000,236.3937,254.3521,1.0760,0
7725,1.0000,153.2677,181.3284,1.1831,0
7726,0.9000,238.4219,257.9322,1.0818,0
7727,1.0000,204.8243,254.3069,1.2416,0
7728,1.0000,210.0024,224.2454,1.0678,0
7729,1.0000,176.0057,206.9299,1.1757,0
7730,1.0000,244.9796,267.4640,1.0918,0
7731,1.0000,260.2057,283.2367,1.0885,0
7732,1.0000,205.3874,246.1930,1.1987,0
7733,1.0000,217.7590,230.2108,1.0572,0
7734,0.9000,208.5617,225.1933,1.0797,0
7735,1.0000,177.8848,197.6512,1.1111,0
7736,1.0000,76.6290,96.6023,1.2606,0
7737,1.0000,148.2633,169.3576,1.1423,0
7738,1.0000,162.5023,183.1256,1.1269,0
7739,1.0000,262.8079,274.6998,1.0452,0
7740,1.0000,150.8940,203.5117,1.3487,0
7741,0.9000,116.1852,178.2863,1.5345,0
7742,1.0000,186.0054,209.9595,1.1288,0
7743,1.0000,175.1285,266.7171,1.5230,0
7744,1.0000,195.1077,250.8705,1.2858,0
7745,1.0000,183.3412,232.7423,1.2694,0
7746,1.0000,124.4267,170.4817,1.3701,0
7747,1.0000,98.0663,208.5617,2.1267,0
7748,1.0000,122.7355,216.9101,1.7673,0
7749,1.0000,216.8986,236.1292,1.0887,0
7750,1.0000,198.5447,312.7251,1.5751,0
7751,0.9000,177.5641,236.9916,1.3347,0
7752,0.9000,231.6225,255.3879,1.1026,0
7753,1.0000,110.8152,138.6506,1.2512,0
7754,1.0000,80.4239,111.9732,1.3923,0
7755,1.0000,137.2953,189.0132,1.3767,0
7756,1.0000,91.2360,107.3546,1.1767,0
7757,0.8000,165.6714,235.5950,1.4221,0
7758,1.0000,113.7146,173.2830,1.5238,0
7759,1.0000,121.9549,161.0590,1.3206,0
7760,1.0000,151.5421,176.4766,1.1645,0
7761,1.0000,216.3955,259.1255,1.1975,0
7762,1.0000,176.2073,204.6118,1.1612,0
7763,1.0000,251.7340,287.6613,1.1427,0
7764,1.0000,229.2684,258.3757,1.1270,0
7765,1.0000,244.9347,285.0544,1.1638,0
7766,1.0000,193.8143,211.1492,1.0894,0
7767,1.0000,193.5536,224.9800,1.1624,0
7768,1.0000,218.0390,251.4458,1.1532,0
7769,1.0000,147.6584,194.5816,1.3178,0
7770,1.0000,191.4106,219.6019,1.1473,0
7771,1.0000,250.9044,273.0641,1.0883,0
7772,1.0000,178.0112,226.0376,1.2698,0
7773,1.0000,122.1311,167.1885,1.3689,0
7774,1.0000,156.6333,198.2019,1.2654,0
7775,1.0000,126.9055,191.7811,1.5112,0
7776,1.0000,165.2120,195.6272,1.1841,0
7777,1.0000,169.5406,214.9860,1.2681,0
7778,1.0000,212.9225,234.9106,1.1033,0
7779,1.0000,129.5608,187.3686,1.4462,0
7780,1.0000,220.1182,238.2792,1.0825,0
7781,0.9000,231.5794,262.9487,1.1355,0
7782,1.0000,240.9025,255.0667,1.0588,0
7783,1.0000,220.2884,249.7379,1.1337,0
7784,1.0000,182.8333,224.1004,1.2257,0
7785,1.0000,222.1891,253.4837,1.1408,0
7786,1.0000,246.0163,263.2983,1.0702,0
7787,0.9000,231.2574,247.8185,1.0716,0
7788,1.0000,130.5259,243.4605,1.8652,0
7789,1.0000,163.9787,192.9870,1.1769,0
7790,1.0000,255.3507,288.9464,1.1316,0
7791,1.0000,256.8229,288.5862,1.1237,0
7792,1.0000,217.8004,233.9615,1.0742,0
7793,1.0000,183.0027,205.6186,1.1236,0
7794,1.0000,216.7764,229.4515,1.0585,0
7795,1.0000,219.5700,237.5605,1.0819,0
7796,1.0000,186.0108,207.7234,1.1167,0
7797,1.0000,229.3643,243.7950,1.0629,0
7798,1.0000,203.7940,230.8333,1.1327,0
7799,1.0000,176.4256,205.8179,1.1666,0
7800,1.0000,90.9835,236.5650,2.6001,0
7801,1.0000,202.1237,220.9887,1.0933,0
7802,1.0000,101.7349,144.7653,1.4230,0
7803,1.0000,181.0967,195.9235,1.0819,0
7804,1.0000,163.1931,177.1497,1.0855,0
7805,1.0000,219.4539,238.9289,1.0887,0
7806,1.0000,183.3548,205.2462,1.1194,0
7807,0.9000,196.4612,221.4769,1.1273,0
7808,1.0000,145.5163,164.0732,1.1275,0
7809,1.0000,128.4406,184.9513,1.4400,0
7810,0.8000,209.0215,239.7895,1.1472,0
7811,0.9000,196.4510,240.7509,1.2255,0
7812,1.0000,226.3449,242.5201,1.0715,0
7813,1.0000,109.1971,126.0476,1.1543,0
7814,1.0000,109.1559,141.8062,1.2991,0
7815,1.0000,230.7726,243.2817,1.0542,0
7816,1.0000,115.5119,153.5448,1.3293,0
7817,1.0000,187.3873,260.1826,1.3885,0
7818,0.5000,243.0144,258.6909,1.0645,0
7819,1.0000,151.5223,166.5233,1.0990,0
7820,1.0000,218.9018,237.0464,1.0829,0
7821,1.0000,109.2291,148.7010,1.3614,0
7822,1.0000,189.4835,233.9231,1.2345,0
7823,0.9000,204.4162,223.6090,1.0939,0
7824,1.0000,204.3649,235.6247,1.1530,0
7825,1.0000,78.8162,93.6483,1.1882,0
7826,1.0000,223.1502,248.7770,1.1148,0
7827,1.0000,215.0558,237.2214,1.1031,0
7828,1.0000,225.7144,248.3606,1.1003,0
7829,1.0000,170.7337,181.5103,1.0631,0
7830,1.0000,182.7184,231.0649,1.2646,0
7831,1.0000,231.6851,246.6455,1.0646,0
7832,1.0000,196.8832,211.0734,1.0721,0
7833,1.0000,208.9569,240.7468,1.1521,0
7834,1.0000,155.8044,172.0814,1.1045,0
7835,1.0000,177.9157,206.0267,1.1580,0
7836,1.0000,230.6859,259.0984,1.1232,0
7837,1.0000,280.4015,320.0453,1.1414,0
7838,1.0000,221.1832,251.3623,1.1364,0
7839,1.0000,154.8289,205.7183,1.3287,0
7840,1.0000,233.9316,255.8085,1.0935,0
7841,1.0000,193.4011,218.0573,1.1275,0
7842,1.0000,178.2134,234.7147,1.3170,0
7843,1.0000,109.1925,145.0827,1.3287,0
7844,1.0000,149.5359,169.4491,1.1332,0
7845,1.0000,124.2377,135.7829,1.0929,0
7846,1.0000,223.1905,232.3252,1.0409,0
7847,1.0000,243.6986,271.2748,1.1132,0
7848,1.0000,244.5322,273.6257,1.1190,0
7849,1.0000,196.2982,256.8755,1.3086,0
7850,0.9000,177.3133,196.9086,1.1105,0
7851,0.9000,258.4802,269.2991,1.0419,0
7852,0.9000,274.9582,293.6495,1.0680,0
7853,1.0000,255.2136,290.1965,1.1371,0
7854,0.7000,295.7245,317.3468,1.0731,0
7855,1.0000,194.1391,212.6476,1.0953,0
7856,1.0000,109.8544,131.9166,1.2008,0
7857,1.0000,214.8465,236.9261,1.1028,0
7858,1.0000,161.8641,180.5325,1.1153,0
7859,0.9000,213.4760,227.8991,1.0676,0
7860,1.0000,281.7357,299.6915,1.0637,0
7861,1.0000,171.7353,219.5222,1.2783,0
7862,0.8000,278.6413,297.9782,1.0694,0
7863,1.0000,156.6748,181.0773,1.1558,0
7864,0.9000,190.2945,212.5512,1.1170,0
7865,1.0000,154.3146,195.9235,1.2696,0
7866,0.8000,201.5043,216.6818,1.0753,0
7867,1.0000,256.9864,290.4290,1.1301,0
7868,1.0000,225.4617,279.4924,1.2396,0
7869,1.0000,245.5708,252.9921,1.0302,0
7870,1.0000,176.9209,196.2524,1.1093,0
7871,1.0000,237.2088,262.4614,1.1065,0
7872,1.0000,212.1014,228.1074,1.0755,0
7873,1.0000,186.4216,213.9907,1.1479,0
7874,0.9000,207.2004,241.0498,1.1634,0
7875,1.0000,204.7169,223.6828,1.0926,0
7876,1.0000,226.2896,239.6518,1.0590,0
7877,1.0000,148.2532,179.2261,1.2089,0
7878,1.0000,81.1603,96.1769,1.1850,0
7879,1.0000,230.3085,248.0161,1.0769,0
7880,1.0000,226.3405,246.7711,1.0903,0
7881,1.0000,95.2313,112.1160,1.1773,0
7882,1.0000,102.1812,199.4066,1.9515,0
7883,0.8000,189.2274,215.3230,1.1379,0
7884,1.0000,148.2059,165.7287,1.1182,0
7885,1.0000,160.2935,230.6989,1.4392,0
7886,0.9000,227.8684,263.3458,1.1557,0
7887,1.0000,182.0440,199.1984,1.0942,0
7888,1.0000,147.0884,178.0365,1.2104,0
7889,1.0000,73.0068,161.7745,2.2159,0
7890,1.0000,226.3515,243.1995,1.0744,0
7891,1.0000,133.2629,145.2825,1.0902,0
7892,1.0000,122.9553,200.6614,1.6320,0
7893,1.0000,228.6635,262.7356,1.1490,0
7894,1.0000,108.9862,242.3324,2.2235,0
7895,1.0000,259.6883,272.0515,1.0476,0
7896,1.0000,169.0976,208.0697,1.2305,0
7897,1.0000,178.9804,190.6856,1.0654,0
7898,1.0000,103.6002,261.3676,2.5228,0
7899,1.0000,252.6124,262.8441,1.0405,0
7900,1.0000,236.9240,279.2150,1.1785,0
7901,1.0000,182.4993,236.1356,1.2939,0
7902,1.0000,189.7050,212.2970,1.1191,0
7903,1.0000,80.1935,217.1543,2.7079,0
7904,1.0000,206.8139,233.7328,1.1302,0
7905,0.9000,152.9085,234.4590,1.5333,0
7906,1.0000,153.5480,228.8362,1.4903,0
7907,1.0000,230.4148,246.9757,1.0719,0
7908,1.0000,117.3201,237.0759,2.0208,0
7909,1.0000,189.2987,205.9077,1.0877,0
7910,0.8000,166.9611,184.5454,1.1053,0
7911,0.9000,254.6822,269.4346,1.0579,0
7912,1.0000,141.1170,162.9049,1.1544,0
7913,1.0000,269.8259,291.1632,1.0791,0
7914,1.0000,166.0693,190.4836,1.1470,0
7915,0.9000,267.0674,280.7490,1.0512,0
7916,1.0000,198.8995,211.6601,1.0642,0
7917,1.0000,144.0660,197.8333,1.3732,0
7918,1.0000,145.9863,211.1634,1.4465,0
7919,1.0000,221.7544,247.4369,1.1158,0
7920,0.8000,212.5629,250.2739,1.1774,0
7921,1.0000,186.7057,215.8147,1.1559,0
7922,0.9000,268.1529,295.0864,1.1004,0
7923,1.0000,170.3027,195.4047,1.1474,0
7924,1.0000,252.0932,273.7462,1.0859,0
7925,0.8000,197.8863,211.9340,1.0710,0
7926,1.0000,212.9249,224.1963,1.0529,0
7927,1.0000,187.8909,240.3497,1.2792,0
7928,1.0000,244.8122,256.7723,1.0489,0
7929,1.0000,207.6656,223.7342,1.0774,0
7930,0.8000,210.8720,246.9069,1.1709,0
7931,1.0000,235.2828,266.0094,1.1306,0
7932,1.0000,204.4260,235.7074,1.1530,0
7933,0.9000,236.0191,284.3062,1.2046,0
7934,1.0000,206.9009,219.7749,1.0622,0
7935,0.9000,229.9478,245.4873,1.0676,0
7936,1.0000,201.1467,216.7372,1.0775,0
7937,0.6000,218.0115,239.5663,1.0989,0
7938,1.0000,148.1452,209.1817,1.4120,0
7939,1.0000,221.8152,248.8594,1.1219,0
7940,1.0000,197.2866,216.5433,1.0976,0
7941,1.0000,241.0456,263.9564,1.0950,0
7942,0.9000,241.1203,263.5185,1.0929,0
7943,0.9000,225.8384,245.2835,1.0861,0
7944,0.8000,225.8384,260.2384,1.1523,0
7945,1.0000,92.9301,270.7434,2.9134,0
7946,0.9000,208.8492,240.0000,1.1492,0
7947,0.9000,228.7859,240.9315,1.0531,0
7948,1.0000,211.9292,256.5054,1.2103,0
7949,1.0000,95.1945,208.8013,2.1934,0
7950,1.0000,81.4862,195.9974,2.4053,0
7951,0.8000,186.5342,208.8780,1.1198,0
7952,1.0000,75.3459,283.4237,3.7616,0
7953,1.0000,239.3115,255.1333,1.0661,0
7954,0.7000,227.0507,245.2122,1.0800,0
7955,0.9000,86.4234,221.3188,2.5609,0
7956,1.0000,238.8661,258.6774,1.0829,0
7957,1.0000,154.0747,186.5235,1.2106,0
7958,0.9000,186.3625,202.4846,1.0865,0
7959,1.0000,170.6576,195.8928,1.1479,0
7960,1.0000,160.4057,254.9372,1.5893,0
7961,1.0000,185.3537,228.0636,1.2304,0
7962,1.0000,124.9160,157.7561,1.2629,0
7963,1.0000,169.3104,237.4616,1.4025,0
7964,0.9000,249.1064,260.4055,1.0454,0
7965,1.0000,226.0995,250.4895,1.1079,0
7966,1.0000,196.6011,230.7444,1.1737,0
7967,1.0000,104.0336,135.0333,1.2980,0
7968,1.0000,113.1106,133.4504,1.1798,0
7969,1.0000,212.8027,233.8140,1.0987,0
7970,1.0000,224.3011,245.2855,1.0936,0
7971,1.0000,190.8874,206.0340,1.0793,0
7972,1.0000,165.4751,176.4455,1.0663,0
7973,1.0000,183.5375,205.2316,1.1182,0
7974,1.0000,247.5540,271.1697,1.0954,0
7975,1.0000,152.3909,173.0809,1.1358,0
7976,1.0000,224.0491,264.8754,1.1822,0
7977,0.8000,270.0093,283.8239,1.0512,0
7978,1.0000,246.6151,263.1444,1.0670,0
7979,1.0000,231.5945,241.5450,1.0430,0
7980,1.0000,159.4428,164.8636,1.0340,0
7981,1.0000,156.9650,185.8064,1.1837,0
7982,1.0000,193.6156,218.4491,1.1283,0
7983,0.8000,267.7032,293.5047,1.0964,0
7984,1.0000,166.9132,180.0889,1.0789,0
7985,1.0000,195.5428,215.7336,1.1033,0
7986,1.0000,163.1686,170.8362,1.0470,0
7987,1.0000,213.5767,239.2718,1.1203,0
7988,1.0000,223.7521,243.8053,1.0896,0
7989,1.0000,154.0032,165.3542,1.0737,0
7990,1.0000,212.1061,230.9632,1.0889,0
7991,0.9000,156.2466,172.8872,1.1065,0
7992,1.0000,189.8368,205.6429,1.0833,0
7993,1.0000,166.8562,197.2207,1.1820,0
7994,1.0000,239.1569,255.7577,1.0694,0
7995,1.0000,222.3713,239.5350,1.0772,0
7996,1.0000,174.9771,190.6646,1.0897,0
7997,1.0000,211.8230,230.9394,1.0902,0
7998,0.9000,192.7797,218.2796,1.1323,0
7999,1.0000,160.4899,184.8459,1.1518,0
8000,1.0000,182.1071,193.2511,1.0612,0
8001,0.9000,215.4484,224.4571,1.0418,0
8002,0.9000,220.0682,232.8025,1.0579,0
8003,0.9000,243.0741,269.5181,1.1088,0
8004,1.0000,104.9143,122.8658,1.1711,0
8005,1.0000,143.6454,174.6339,1.2157,0
8006,1.0000,221.0452,240.7675,1.0892,0
8007,0.8000,199.3163,216.5733,1.0866,0
8008,1.0000,213.1994,222.5264,1.0437,0
8009,0.9000,236.7235,250.0860,1.0564,0
8010,1.0000,219.5746,253.0277,1.1524,0
8011,1.0000,178.0674,209.0550,1.1740,0
8012,1.0000,182.3815,212.3700,1.1644,0
8013,1.0000,236.9641,261.8015,1.1048,0
8014,1.0000,228.7051,258.7025,1.1312,0
8015,1.0000,204.7096,229.6084,1.1216,0
8016,0.8000,278.5588,299.2140,1.0742,0
8017,1.0000,173.7786,202.1064,1.1630,0
8018,1.0000,118.2624,147.0680,1.2436,0
8019,1.0000,232.7531,254.7371,1.0945,0
8020,1.0000,206.7825,253.0948,1.2240,0
8021,1.0000,277.0090,314.0159,1.1336,0
8022,0.9000,243.0350,258.4705,1.0635,0
8023,1.0000,160.9379,187.9069,1.1676,0
8024,1.0000,210.9099,228.1228,1.0816,0
8025,1.0000,235.0532,272.2003,1.1580,0
8026,1.0000,230.9524,253.6375,1.0982,0
8027,1.0000,236.0868,254.1535,1.0765,0
8028,1.0000,241.4104,289.8724,1.2007,0
8029,1.0000,202.9852,222.2791,1.0951,0
8030,1.0000,228.6657,258.4357,1.1302,0
8031,1.0000,164.9182,217.3407,1.3179,0
8032,0.8000,243.7212,263.5868,1.0815,0
8033,1.0000,192.5513,220.1272,1.1432,0
8034,1.0000,235.3104,251.4637,1.0686,0
8035,1.0000,154.8257,180.6156,1.1666,0
8036,1.0000,186.0000,217.0991,1.1672,0
8037,1.0000,140.2391,171.7061,1.2244,0
8038,1.0000,179.1843,228.8056,1.2769,0
8039,1.0000,199.8124,223.2017,1.1171,0
8040,1.0000,145.7018,183.4693,1.2592,0
8041,1.0000,176.1391,209.5352,1.1896,0
8042,1.0000,187.8936,222.2948,1.1831,0
8043,1.0000,113.3270,141.6545,1.2500,0
8044,1.0000,233.0150,277.4437,1.1907,0
8045,1.0000,111.9196,138.3438,1.2361,0
8046,0.9000,141.5768,252.9723,1.7868,0
8047,1.0000,107.1214,126.3685,1.1797,0
8048,1.0000,118.0762,226.6826,1.9198,0
8049,1.0000,232.0603,241.4767,1.0406,0
8050,1.0000,145.2515,156.3522,1.0764,0
8051,1.0000,145.5026,233.2316,1.6029,0
8052,1.0000,153.0392,167.1018,1.0919,0
8053,1.0000,154.6189,242.9156,1.5711,0
8054,1.0000,192.5799,237.4784,1.2331,0
8055,1.0000,179.7053,189.9026,1.0567,0
8056,1.0000,217.2556,226.6186,1.0431,0
8057,1.0000,197.9495,225.4484,1.1389,0
8058,1.0000,209.9690,223.3808,1.0639,0
8059,1.0000,171.3067,243.4523,1.4211,0
8060,0.9000,233.9402,264.9000,1.1323,0
8061,1.0000,227.5830,243.3146,1.0691,0
8062,1.0000,110.6616,139.3341,1.2591,0
8063,1.0000,154.9064,176.7173,1.1408,0
8064,1.0000,195.7652,228.8209,1.1689,0
8065,1.0000,257.2683,277.4094,1.0783,0
8066,1.0000,102.8008,191.1230,1.8592,0
8067,1.0000,173.4676,196.8527,1.1348,0
8068,1.0000,70.0999,145.6434,2.0777,0
8069,1.0000,215.3230,230.6079,1.0710,0
8070,1.0000,226.2034,253.8149,1.1221,0
8071,1.0000,158.7041,253.1857,1.5953,0
8072,1.0000,240.8215,260.8064,1.0830,0
8073,1.0000,185.0730,198.8492,1.0744,0
8074,1.0000,221.2126,228.9520,1.0350,0
8075,1.0000,175.9346,205.9223,1.1704,0
8076,1.0000,177.3330,213.6867,1.2050,0
8077,1.0000,54.0370,143.4991,2.6556,0
8078,1.0000,139.8714,238.5603,1.7056,0
8079,1.0000,115.6719,159.6715,1.3804,0
8080,1.0000,255.0745,266.4564,1.0446,0
8081,1.0000,210.8910,243.3783,1.1540,0
8082,1.0000,198.4817,254.2223,1.2808,0
8083,0.7000,225.0378,244.9633,1.0885,0
8084,1.0000,191.1805,246.2539,1.2881,0
8085,0.8000,201.1119,218.5383,1.0867,0
8086,1.0000,200.9577,264.1023,1.3142,0
8087,1.0000,154.2822,182.9399,1.1857,0
8088,1.0000,237.5816,247.0101,1.0397,0
8089,1.0000,155.9295,170.7864,1.0953,0
8090,1.0000,231.2769,259.4263,1.1217,0
8091,1.0000,236.5418,275.4596,1.1645,0
8092,1.0000,245.7316,259.0290,1.0541,0
8093,0.7000,125.5149,212.0024,1.6891,0
8094,1.0000,261.5358,272.2958,1.0411,0
8095,1.0000,238.2771,273.1648,1.1464,0
8096,1.0000,166.4452,189.5257,1.1387,0
8097,1.0000,140.9255,167.5560,1.1890,0
8098,0.9000,236.3662,254.7921,1.0780,0
8099,1.0000,148.4992,191.1308,1.2871,0
8100,1.0000,158.7262,169.1183,1.0655,0
8101,1.0000,207.8293,231.6679,1.1147,0
8102,1.0000,228.4469,246.7428,1.0801,0
8103,1.0000,182.7348,202.2325,1.1067,0
8104,0.8000,244.7509,261.4422,1.0682,0
8105,1.0000,190.3234,224.4326,1.1792,0
8106,1.0000,160.4805,182.1373,1.1349,0
8107,1.0000,167.3320,258.0039,1.5419,0
8108,1.0000,197.0203,208.3819,1.0577,0
8109,1.0000,213.4924,224.8511,1.0532,0
8110,0.8000,271.4498,282.9717,1.0424,0
8111,1.0000,255.5426,275.6247,1.0786,0
8112,1.0000,175.7527,215.9606,1.2288,0
8113,1.0000,215.1697,242.6211,1.1276,0
8114,1.0000,189.2696,229.9978,1.2152,0
8115,0.8000,281.4196,296.4574,1.0534,0
8116,1.0000,163.1104,195.1487,1.1964,0
8117,1.0000,119.7080,128.7556,1.0756,0
8118,1.0000,183.8015,216.7948,1.1795,0
8119,1.0000,191.1832,206.6833,1.0811,0
8120,1.0000,150.8443,167.9345,1.1133,0
8121,1.0000,134.2870,161.8147,1.2050,0
8122,1.0000,154.1785,169.1272,1.0970,0
8123,1.0000,184.6646,204.7633,1.1088,0
8124,1.0000,221.4182,241.3856,1.0902,0
8125,1.0000,139.3700,146.6595,1.0523,0
8126,1.0000,202.2548,221.6168,1.0957,0
8127,1.0000,147.8276,162.3515,1.0982,0
8128,1.0000,182.9481,217.2671,1.1876,0
8129,1.0000,166.4632,179.7526,1.0798,0
8130,1.0000,155.0258,176.1959,1.1366,0
8131,1.0000,134.1231,158.1898,1.1794,0
8132,1.0000,224.2744,255.9473,1.1412,0
8133,0.9000,225.4507,237.4953,1.0534,0
8134,1.0000,140.8616,162.2621,1.1519,0
8135,1.0000,193.4735,213.5907,1.1040,0
8136,1.0000,209.3347,233.6258,1.1160,0
8137,1.0000,268.9926,302.6747,1.1252,0
8138,1.0000,183.7335,216.6772,1.1793,0
8139,1.0000,184.3692,198.0985,1.0745,0
8140,1.0000,222.4455,244.2929,1.0982,0
8141,0.9000,173.1416,191.8150,1.1079,0
8142,1.0000,174.3215,203.1748,1.1655,0
8143,1.0000,178.1236,212.3511,1.1922,0
8144,1.0000,106.8363,125.1159,1.1711,0
8145,1.0000,147.0986,162.1327,1.1022,0
8146,1.0000,140.9610,146.3045,1.0379,0
8147,1.0000,239.5057,266.4920,1.1127,0
8148,1.0000,235.3614,259.6844,1.1033,0
8149,0.8000,220.4631,241.4436,1.0952,0
8150,1.0000,229.4036,245.2794,1.0692,0
8151,1.0000,261.1781,288.7317,1.1055,0
8152,1.0000,167.0659,193.9613,1.1610,0
8153,1.0000,230.1912,252.7113,1.0978,0
8154,1.0000,214.9581,227.2180,1.0570,0
8155,0.9000,178.0646,199.8700,1.1225,0
8156,1.0000,252.5450,275.5540,1.0911,0
8157,1.0000,202.8719,213.7428,1.0536,0
8158,1.0000,198.9171,228.6088,1.1493,0
8159,1.0000,191.9271,215.3114,1.1218,0
8160,1.0000,216.8617,249.1606,1.1489,0
8161,1.0000,153.0751,185.2971,1.2105,0
8162,1.0000,172.3572,182.3815,1.0582,0
8163,1.0000,216.2915,244.7591,1.1316,0
8164,1.0000,231.8534,239.0021,1.0308,0
8165,1.0000,190.0079,213.3424,1.1228,0
8166,1.0000,221.8941,263.2717,1.1865,0
8167,1.0000,235.2148,246.6860,1.0488,0
8168,0.9000,249.3371,288.5775,1.1574,0
8169,1.0000,170.3937,185.3753,1.0879,0
8170,1.0000,171.9040,191.1178,1.1118,0
8171,0.9000,202.3215,224.3056,1.1087,0
8172,0.8000,274.0365,292.4996,1.0674,0
8173,1.0000,171.1578,184.9892,1.0808,0
8174,1.0000,232.6607,245.7519,1.0563,0
8175,1.0000,252.0992,266.3194,1.0564,0
8176,1.0000,213.2838,240.3331,1.1268,0
8177,0.8000,194.5508,209.4970,1.0768,0
8178,1.0000,171.7818,213.0986,1.2405,0
8179,0.8000,212.2852,227.5632,1.0720,0
8180,1.0000,197.1066,210.4757,1.0678,0
8181,0.9000,219.3604,233.3517,1.0638,0
8182,1.0000,193.9459,203.2289,1.0479,0
8183,1.0000,101.5579,177.8089,1.7508,0
8184,1.0000,36.3043,47.1381,1.2984,0
8185,1.0000,128.3745,192.1822,1.4970,0
8186,1.0000,130.4186,149.3787,1.1454,0
8187,1.0000,116.4903,138.1666,1.1861,0
8188,1.0000,130.2997,162.4561,1.2468,0
8189,1.0000,148.4015,164.4840,1.1084,0
8190,1.0000,186.5905,212.5559,1.1392,0
8191,1.0000,22.0000,31.3050,1.4230,0
8192,1.0000,30.0167,40.5093,1.3496,0
8193,1.0000,132.2271,150.2365,1.1362,0
8194,1.0000,197.9949,222.6971,1.1248,0
8195,1.0000,42.2374,48.1664,1.1404,0
8196,1.0000,95.6556,122.4132,1.2797,0
8197,1.0000,71.2180,82.8855,1.1638,0
8198,1.0000,102.5719,115.4599,1.1256,0
8199,1.0000,180.2249,213.0258,1.1820,0
8200,1.0000,167.6156,211.6058,1.2624,0
8201,1.0000,178.8351,219.9659,1.2300,0
8202,1.0000,210.8127,266.4245,1.2638,0
8203,1.0000,133.5253,172.9538,1.2953,0
8204,1.0000,130.8969,140.8510,1.0760,0
8205,1.0000,137.5682,200.3497,1.4564,0
8206,1.0000,122.4214,140.1963,1.1452,0
8207,1.0000,173.6001,229.3142,1.3209,0
8208,1.0000,149.8166,185.7041,1.2395,0
8209,1.0000,123.3329,185.7041,1.5057,0
8210,1.0000,193.9948,220.2045,1.1351,0
8211,1.0000,131.3354,153.3493,1.1676,0
8212,1.0000,115.7540,137.3681,1.1867,0
8213,1.0000,245.0286,271.9375,1.1098,0
8214,1.0000,199.1080,221.7566,1.1138,0
8215,1.0000,277.3391,296.1182,1.0677,0
8216,1.0000,261.7766,297.2036,1.1353,0
8217,1.0000,183.1529,213.9790,1.1683,0
8218,1.0000,215.7174,256.2889,1.1881,0
8219,1.0000,206.4049,236.6580,1.1466,0
8220,1.0000,202.4772,232.0086,1.1459,0
8221,1.0000,159.7967,194.9974,1.2203,0
8222,1.0000,172.2034,185.3672,1.0764,0
8223,1.0000,132.6084,142.9930,1.0783,0
8224,1.0000,152.2761,171.4176,1.1257,0
8225,0.9000,195.7524,204.4113,1.0442,0
8226,1.0000,216.5941,235.1383,1.0856,0
8227,0.9000,213.9065,238.7698,1.1162,0
8228,1.0000,207.2993,231.0995,1.1148,0
8229,0.8000,251.7121,271.6800,1.0793,0
8230,1.0000,154.4409,178.6813,1.1570,0
8231,1.0000,201.0398,207.3331,1.0313,0
8232,1.0000,172.8670,181.5516,1.0502,0
8233,1.0000,144.7481,184.3990,1.2739,0
8234,1.0000,232.3252,260.1903,1.1199,0
8235,1.0000,197.4107,211.7569,1.0727,0
8236,1.0000,200.1999,218.6550,1.0922,0
8237,1.0000,267.5930,282.7632,1.0567,0
8238,1.0000,132.7855,138.5027,1.0431,0
8239,1.0000,174.0776,196.6291,1.1295,0
8240,1.0000,242.0041,266.0601,1.0994,0
8241,1.0000,146.9081,181.1684,1.2332,0
8242,1.0000,190.5177,205.4337,1.0783,0
8243,1.0000,166.6643,182.5678,1.0954,0
8244,0.7000,272.7141,311.5140,1.1423,0
8245,1.0000,251.5154,277.9730,1.1052,0
8246,1.0000,192.9041,210.7321,1.0924,0
8247,1.0000,219.6224,236.4128,1.0765,0
8248,1.0000,265.3940,280.3765,1.0565,0
8249,1.0000,101.7693,169.2926,1.6635,0
8250,1.0000,200.2873,218.5292,1.0911,0
8251,1.0000,89.4315,129.6534,1.4498,0
8252,1.0000,190.3260,211.4923,1.1112,0
8253,1.0000,232.1659,253.9311,1.0937,0
8254,0.9000,254.4406,269.1264,1.0577,0
8255,0.7000,229.3360,264.7357,1.1544,0
8256,1.0000,161.1242,181.0221,1.1235,0
8257,1.0000,235.8347,250.4815,1.0621,0
8258,1.0000,259.4822,281.2330,1.0838,0
8259,0.8000,219.2442,233.9231,1.0670,0
8260,1.0000,264.1553,294.8101,1.1160,0
8261,0.9000,218.5612,248.1874,1.1356,0
8262,1.0000,218.6893,234.1837,1.0709,0
8263,1.0000,226.8546,237.2256,1.0457,0
8264,1.0000,253.2272,295.5402,1.1671,0
8265,0.6000,222.0563,251.7201,1.1336,0
8266,1.0000,154.1039,180.3857,1.1705,0
8267,1.0000,114.9739,139.9500,1.2172,0
8268,1.0000,212.2923,223.6716,1.0536,0
8269,1.0000,245.3528,265.6464,1.0827,0
8270,1.0000,239.6143,262.3128,1.0947,0
8271,0.9000,291.1271,321.2787,1.1036,0
8272,1.0000,197.0736,216.6403,1.0993,0
8273,1.0000,145.1792,158.1107,1.0891,0
8274,1.0000,168.4310,197.1750,1.1707,0
8275,0.9000,261.3809,277.7733,1.0627,0
8276,1.0000,223.4950,253.8346,1.1358,0
8277,1.0000,135.0074,162.6868,1.2050,0
8278,1.0000,179.3906,194.1778,1.0824,0
8279,1.0000,246.3981,269.9018,1.0954,0
8280,1.0000,220.3520,238.3527,1.0817,0
8281,0.9000,230.3541,251.0498,1.0898,0
8282,1.0000,136.0992,159.2671,1.1702,0
8283,1.0000,230.7856,251.5929,1.0902,0
8284,1.0000,234.2477,250.8944,1.0711,0
8285,0.8000,220.6015,252.4044,1.1442,0
8286,1.0000,161.3382,186.9144,1.1585,0
8287,1.0000,183.3794,199.8299,1.0897,0
8288,1.0000,162.2745,175.2883,1.0802,0
8289,1.0000,202.4302,231.4455,1.1433,0
8290,1.0000,181.5985,231.1125,1.2727,0
8291,1.0000,202.6993,255.0588,1.2583,0
8292,1.0000,227.8069,258.0775,1.1329,0
8293,1.0000,249.0863,261.1532,1.0484,0
8294,1.0000,195.8494,223.9665,1.1436,0
8295,1.0000,132.7855,152.7645,1.1505,0
8296,1.0000,148.2127,159.1729,1.0739,0
8297,1.0000,125.6185,153.3232,1.2205,0
8298,1.0000,180.5353,217.5500,1.2050,0
8299,1.0000,110.2633,188.0585,1.7055,0
8300,1.0000,161.0838,180.9337,1.1232,0
8301,1.0000,112.5567,165.3965,1.4695,0
8302,1.0000,69.2892,88.6566,1.2795,0
8303,1.0000,109.2016,180.5879,1.6537,0
8304,1.0000,116.6148,193.3598,1.6581,0
8305,1.0000,70.8096,87.4071,1.2344,0
8306,1.0000,52.7826,82.3711,1.5606,0
8307,1.0000,106.9065,159.7561,1.4944,0
8308,1.0000,60.2163,127.2910,2.1139,0
8309,1.0000,146.1814,214.4644,1.4671,0
8310,1.0000,193.1088,204.6705,1.0599,0
8311,0.9000,239.6393,266.2292,1.1110,0
8312,0.8000,144.6617,250.7309,1.7332,0
8313,1.0000,197.3677,210.5469,1.0668,0
8314,1.0000,148.5631,190.1026,1.2796,0
8315,1.0000,101.5480,198.0606,1.9504,0
8316,1.0000,94.4299,213.2604,2.2584,0
8317,0.9000,175.5705,261.6372,1.4902,0
8318,1.0000,139.3485,193.1787,1.3863,0
8319,1.0000,198.8467,266.6815,1.3411,0
8320,1.0000,107.7219,254.1751,2.3596,0
8321,0.8000,258.6581,276.2607,1.0681,0
8322,1.0000,208.1178,216.4209,1.0399,0
8323,1.0000,73.8444,100.0500,1.3549,0
8324,1.0000,86.3250,160.0719,1.8543,0
8325,1.0000,140.6876,151.1952,1.0747,0
8326,0.9000,107.7265,205.9175,1.9115,0
8327,1.0000,164.1524,187.4247,1.1418,0
8328,1.0000,107.6801,120.2996,1.1172,0
8329,1.0000,193.3779,225.8119,1.1677,0
8330,0.9000,200.0575,209.9095,1.0492,0
8331,1.0000,100.9257,115.3083,1.1425,0
8332,1.0000,182.1785,192.8626,1.0586,0
8333,1.0000,144.2394,257.0661,1.7822,0
8334,1.0000,194.9590,202.7190,1.0398,0
8335,0.9000,234.2584,261.6945,1.1171,0
8336,1.0000,176.3859,278.5606,1.5793,0
8337,1.0000,88.7806,199.2109,2.2439,0
8338,1.0000,60.6877,103.5905,1.7069,0
8339,1.0000,223.3204,247.2812,1.1073,0
8340,0.8000,184.0543,196.5274,1.0678,0
8341,1.0000,176.5503,190.9974,1.0818,0
8342,1.0000,116.7861,211.1161,1.8077,0
8343,1.0000,137.2480,166.6373,1.2141,0
8344,1.0000,142.4079,167.5858,1.1768,0
8345,1.0000,52.4976,94.6678,1.8033,0
8346,1.0000,75.7628,123.2071,1.6262,0
8347,1.0000,118.8907,231.4044,1.9464,0
8348,0.9000,209.2033,235.7690,1.1270,0
8349,1.0000,201.3728,231.0649,1.1474,0
8350,1.0000,72.3948,292.8276,4.0449,0
8351,1.0000,90.2497,153.1535,1.6970,0
8352,1.0000,231.3072,254.4661,1.1001,0
8353,1.0000,233.0751,249.9100,1.0722,0
8354,1.0000,87.7040,212.7111,2.4253,0
8355,1.0000,248.3083,285.9615,1.1516,0
8356,1.0000,269.7740,288.0885,1.0679,0
8357,0.9000,195.4584,209.2917,1.0708,0
8358,0.9000,145.8664,252.8695,1.7336,0
8359,0.9000,218.7007,230.5190,1.0540,0
8360,1.0000,82.5106,97.5910,1.1828,0
8361,1.0000,125.4711,184.5264,1.4707,0
8362,0.8000,254.3521,284.3132,1.1178,0
8363,1.0000,200.2199,233.1630,1.1645,0
8364,1.0000,166.2709,263.1672,1.5828,0
8365,1.0000,293.8775,319.3853,1.0868,0
8366,1.0000,158.7104,222.7802,1.4037,0
8367,1.0000,107.1494,235.9703,2.2023,0
8368,0.9000,270.1426,287.0331,1.0625,0
8369,0.8000,241.7168,299.9717,1.2410,0
8370,1.0000,243.2098,253.7381,1.0433,0
8371,1.0000,171.8866,183.0929,1.0652,0
8372,1.0000,167.9286,194.4505,1.1579,0
8373,1.0000,160.2373,184.8486,1.1536,0
8374,1.0000,217.1313,236.3303,1.0884,0
8375,1.0000,169.6850,190.0973,1.1203,0
8376,1.0000,187.9894,200.7063,1.0676,0
8377,1.0000,222.4612,233.3967,1.0492,0
8378,0.9000,115.1781,198.7436,1.7255,0
8379,0.8000,228.5476,238.4806,1.0435,0
8380,1.0000,196.2473,213.7896,1.0894,0
8381,1.0000,163.8200,228.0921,1.3923,0
8382,0.9000,160.0625,175.2170,1.0947,0
8383,0.9000,181.4855,200.7038,1.1059,0
8384,1.0000,186.9840,197.5247,1.0564,0
8385,0.9000,259.9577,279.5282,1.0753,0
8386,0.9000,231.4800,260.0961,1.1236,0
8387,1.0000,254.2754,276.4742,1.0873,0
8388,1.0000,212.8544,225.9845,1.0617,0
8389,1.0000,220.0386,232.3704,1.0560,0
8390,1.0000,105.3186,170.1441,1.6155,0
8391,1.0000,133.5290,161.2079,1.2073,0
8392,1.0000,189.2194,213.6960,1.1294,0
8393,1.0000,130.1307,200.8333,1.5433,0
8394,0.9000,237.0401,248.6242,1.0489,0
8395,1.0000,106.2685,143.0979,1.3466,0
8396,1.0000,201.8390,220.4768,1.0923,0
8397,1.0000,139.3341,209.4803,1.5034,0
8398,0.9000,209.1507,239.3763,1.1445,0
8399,1.0000,150.5888,201.8589,1.3405,0
8400,1.0000,258.7953,275.1291,1.0631,0
8401,1.0000,183.4802,213.5462,1.1639,0
8402,1.0000,266.9401,302.9934,1.1351,0
8403,1.0000,93.9947,146.1917,1.5553,0
8404,1.0000,87.3556,104.0865,1.1915,0
8405,1.0000,191.4967,214.0070,1.1175,0
8406,1.0000,224.9222,248.1250,1.1032,0
8407,1.0000,112.3432,118.2286,1.0524,0
8408,0.9000,239.7791,268.6820,1.1205,0
8409,1.0000,92.0923,175.4423,1.9051,0
8410,0.9000,198.9598,230.1760,1.1569,0
8411,1.0000,44.8776,56.4801,1.2585,0
8412,0.7000,134.2684,147.6245,1.0995,0
8413,1.0000,83.7257,254.3108,3.0374,0
8414,0.9000,175.7953,202.0445,1.1493,0
8415,1.0000,208.4826,227.6906,1.0921,0
8416,1.0000,208.6983,222.8071,1.0676,0
8417,1.0000,154.6027,176.9689,1.1447,0
8418,0.8000,173.2080,248.0766,1.4322,0
8419,1.0000,246.4244,306.3119,1.2430,0
8420,1.0000,189.0212,249.6357,1.3207,0
8421,1.0000,68.1909,101.3854,1.4868,0
8422,0.9000,250.2139,281.5937,1.1254,0
8423,1.0000,106.6818,194.7460,1.8255,0
8424,1.0000,215.9884,242.7777,1.1240,0
8425,0.8000,168.7543,193.0052,1.1437,0
8426,1.0000,180.4744,233.1609,1.2919,0
8427,1.0000,176.6041,241.9711,1.3701,0
8428,1.0000,107.8564,121.4496,1.1260,0
8429,1.0000,150.8542,176.9181,1.1728,0
8430,1.0000,79.0822,97.7088,1.2355,0
8431,1.0000,110.5260,198.0909,1.7923,0
8432,1.0000,209.9405,257.9884,1.2289,0
8433,1.0000,164.9576,232.3532,1.4086,0
8434,1.0000,184.4370,214.7859,1.1645,0
8435,1.0000,124.5191,227.3478,1.8258,0
8436,1.0000,91.9293,244.2437,2.6569,0
8437,1.0000,216.5941,253.3851,1.1699,0
8438,1.0000,188.4118,206.0728,1.0937,0
8439,1.0000,149.4423,211.8608,1.4177,0
8440,1.0000,218.7784,260.6626,1.1914,0
8441,1.0000,208.3267,234.4227,1.1253,0
8442,0.5000,194.8487,254.1004,1.3041,0
8443,1.0000,102.3572,206.9565,2.0219,0
8444,0.9000,182.2498,192.9793,1.0589,0
8445,0.7000,218.4147,240.9295,1.1031,0
8446,1.0000,87.5614,233.5915,2.6677,0
8447,0.9000,235.1127,256.7294,1.0919,0
8448,1.0000,227.6950,246.7509,1.0837,0
8449,1.0000,185.9382,199.9100,1.0751,0
8450,1.0000,48.0312,90.3216,1.8805,0
8451,1.0000,174.1063,188.0346,1.0800,0
8452,1.0000,201.5887,210.9431,1.0464,0
8453,1.0000,179.3126,218.3896,1.2179,0
8454,0.9000,194.5199,201.9010,1.0379,0
8455,1.0000,192.6811,206.6374,1.0724,0
8456,1.0000,184.2553,193.4994,1.0502,0
8457,0.9000,222.1396,238.0714,1.0717,0
8458,1.0000,198.2675,210.7653,1.0630,0
8459,1.0000,183.1721,198.1464,1.0818,0
8460,1.0000,212.1862,238.3967,1.1235,0
8461,1.0000,118.6339,124.0363,1.0455,0
8462,1.0000,181.3367,201.0323,1.1086,0
8463,1.0000,224.4103,236.3557,1.0532,0
8464,0.9000,219.6087,244.0369,1.1112,0
8465,1.0000,177.5331,190.2551,1.0717,0
8466,1.0000,198.6404,228.5454,1.1505,0
8467,1.0000,202.8374,228.7706,1.1279,0
8468,0.9000,185.1324,205.7401,1.1113,0
8469,1.0000,177.3246,198.4943,1.1194,0
8470,1.0000,255.4741,270.5384,1.0590,0
8471,1.0000,160.4618,184.0788,1.1472,0
8472,0.9000,166.7033,184.5833,1.1073,0
8473,1.0000,213.0376,228.8362,1.0742,0
8474,1.0000,180.8093,194.4274,1.0753,0
8475,1.0000,197.6537,228.4097,1.1556,0
8476,1.0000,215.4971,230.3193,1.0688,0
8477,1.0000,178.3564,203.4478,1.1407,0
8478,0.8000,211.7451,248.1612,1.1720,0
8479,1.0000,193.4787,220.2794,1.1385,0
8480,1.0000,218.1742,242.1343,1.1098,0
8481,1.0000,225.8473,242.6500,1.0744,0
8482,1.0000,196.4357,211.9198,1.0788,0
8483,1.0000,262.6747,286.5031,1.0907,0
8484,0.9000,199.8324,215.2742,1.0773,0
8485,0.9000,246.8542,261.4288,1.0590,0
8486,1.0000,218.6367,229.4123,1.0493,0
8487,1.0000,152.0855,163.8963,1.0777,0
8488,1.0000,220.4700,236.8016,1.0741,0
8489,1.0000,187.6886,208.0312,1.1084,0
8490,1.0000,218.7487,234.0705,1.0700,0
8491,1.0000,234.1495,256.3201,1.0947,0
8492,1.0000,144.4195,160.7700,1.1132,0
8493,1.0000,240.8194,276.8375,1.1496,0
8494,0.9000,191.1727,226.3250,1.1839,0
8495,1.0000,191.4837,226.0177,1.1803,0
8496,1.0000,228.0285,248.2841,1.0888,0
8497,1.0000,254.8764,271.6763,1.0659,0
8498,1.0000,117.7412,166.6253,1.4152,0
8499,1.0000,223.2555,239.0356,1.0707,0
8500,0.7000,264.9377,281.7339,1.0634,0
8501,1.0000,209.1746,244.6692,1.1697,0
8502,1.0000,155.4638,228.3112,1.4686,0
8503,1.0000,183.6900,207.2607,1.1283,0
8504,0.9000,242.9650,259.2875,1.0672,0
8505,1.0000,179.9889,239.0209,1.3280,0
8506,1.0000,198.3986,212.0212,1.0687,0
8507,1.0000,207.2824,215.7290,1.0407,0
8508,1.0000,243.2961,252.9783,1.0398,0
8509,1.0000,193.0026,219.0137,1.1348,0
8510,0.9000,251.5770,266.6365,1.0599,0
8511,0.9000,217.8623,270.7083,1.2426,0
8512,1.0000,202.4846,221.4565,1.0937,0
8513,1.0000,148.8791,169.2454,1.1368,0
8514,0.9000,234.3736,250.7549,1.0699,0
8515,0.6000,250.1739,265.0396,1.0594,0
8516,1.0000,218.0206,247.4086,1.1348,0
8517,0.8000,240.5639,289.4478,1.2032,0
8518,1.0000,251.2131,270.9004,1.0784,0
8519,1.0000,245.7132,261.8969,1.0659,0
8520,1.0000,253.9744,286.8693,1.1295,0
8521,0.9000,272.0202,301.9752,1.1101,0
8522,1.0000,130.9045,207.6536,1.5863,0
8523,1.0000,241.1618,284.6998,1.1805,0
8524,0.8000,201.0124,216.7464,1.0783,0
8525,1.0000,236.0021,253.2746,1.0732,0
8526,1.0000,229.2030,238.7823,1.0418,0
8527,1.0000,200.8382,221.7386,1.1041,0
8528,0.8000,239.3408,266.5371,1.1136,0
8529,1.0000,160.9037,219.4607,1.3639,0
8530,1.0000,109.2108,263.4976,2.4127,0
8531,0.9000,221.8851,233.5723,1.0527,0
8532,1.0000,242.4335,275.2962,1.1356,0
8533,1.0000,216.1782,225.2776,1.0421,0
8534,1.0000,215.2069,259.4706,1.2057,0
8535,1.0000,173.6260,195.8265,1.1279,0
8536,1.0000,200.6415,219.3126,1.0931,0
8537,0.8000,227.1343,244.7570,1.0776,0
8538,0.9000,229.0589,241.9649,1.0563,0
8539,0.9000,239.0878,247.5500,1.0354,0
8540,0.8000,247.4995,268.1865,1.0836,0
8541,1.0000,221.9595,244.6119,1.1021,0
8542,0.7000,243.0103,267.2003,1.0995,0
8543,0.9000,190.8560,220.5017,1.1553,0
8544,0.9000,201.4994,209.8333,1.0414,0
8545,1.0000,193.6698,211.4119,1.0916,0
8546,1.0000,219.9795,241.1244,1.0961,0
8547,1.0000,171.5780,228.0154,1.3289,0
8548,1.0000,177.8454,199.0703,1.1193,0
8549,1.0000,182.3266,203.1896,1.1144,0
8550,1.0000,139.1294,185.9247,1.3363,0
8551,1.0000,187.0027,213.2510,1.1404,0
8552,1.0000,215.6177,232.0711,1.0763,0
8553,1.0000,143.7567,178.0365,1.2385,0
8554,1.0000,117.0684,156.7131,1.3386,0
8555,1.0000,103.3973,142.9475,1.3825,0
8556,1.0000,196.9086,231.3742,1.1750,0
8557,1.0000,165.2301,189.6576,1.1478,0
8558,1.0000,211.6318,242.0248,1.1436,0
8559,1.0000,202.4105,228.4863,1.1288,0
8560,1.0000,221.9099,247.9657,1.1174,0
8561,1.0000,130.6446,175.7413,1.3452,0
8562,0.9000,178.7484,196.7486,1.1007,0
8563,1.0000,129.5685,194.9667,1.5047,0
8564,1.0000,230.0239,251.1533,1.0919,0
8565,1.0000,102.9223,186.7271,1.8143,0
8566,1.0000,139.0971,220.1000,1.5823,0
8567,1.0000,64.6684,141.5274,2.1885,0
8568,1.0000,232.5382,250.7110,1.0781,0
8569,1.0000,163.8872,239.0753,1.4588,0
8570,1.0000,136.6675,230.5211,1.6867,0
8571,1.0000,228.7597,248.2358,1.0851,0
8572,1.0000,230.6339,247.4732,1.0730,0
8573,1.0000,132.0682,200.2473,1.5162,0
8574,0.9000,213.2745,240.5993,1.1281,0
8575,1.0000,180.3912,201.2958,1.1159,0
8576,1.0000,226.1592,235.8622,1.0429,0
8577,1.0000,165.3209,179.9028,1.0882,0
8578,1.0000,135.5544,212.5912,1.5683,0
8579,1.0000,125.4950,149.1208,1.1883,0
8580,1.0000,182.8004,260.0731,1.4227,0
8581,0.8000,152.1874,249.0903,1.6367,0
8582,1.0000,136.6272,167.0629,1.2228,0
8583,1.0000,194.8435,240.3934,1.2338,0
8584,1.0000,160.8073,181.4910,1.1286,0
8585,1.0000,196.0867,208.1562,1.0616,0
8586,1.0000,95.5667,103.7352,1.0855,0
8587,1.0000,119.0168,165.4841,1.3904,0
8588,1.0000,73.1642,92.7038,1.2671,0
8589,1.0000,178.0786,208.5569,1.1712,0
8590,1.0000,218.4102,238.2562,1.0909,0
8591,0.9000,102.3523,196.5935,1.9208,0
8592,0.5000,173.1127,264.3293,1.5269,0
8593,1.0000,212.8215,228.9476,1.0758,0
8594,1.0000,188.4622,214.7673,1.1396,0
8595,1.0000,188.6452,207.8293,1.1017,0
8596,1.0000,190.9188,229.4798,1.2020,0
8597,1.0000,237.4131,256.1582,1.0790,0
8598,0.9000,207.3234,228.3221,1.1013,0
8599,1.0000,219.1324,229.9826,1.0495,0
8600,1.0000,113.9693,132.2498,1.1604,0
8601,1.0000,175.8892,208.3699,1.1847,0
8602,1.0000,64.6375,121.2848,1.8764,0
8603,0.8000,226.5370,246.1321,1.0865,0
8604,1.0000,102.1518,118.9454,1.1644,0
8605,0.9000,232.2047,242.4376,1.0441,0
8606,1.0000,144.7308,160.0344,1.1057,0
8607,1.0000,215.1929,236.4424,1.0987,0
8608,1.0000,179.0419,217.2372,1.2133,0
8609,1.0000,74.8331,216.4163,2.8920,0
8610,1.0000,164.7999,222.9731,1.3530,0
8611,1.0000,119.3482,147.2719,1.2340,0
8612,1.0000,227.6423,247.0729,1.0854,0
8613,1.0000,199.3540,217.7705,1.0924,0
8614,1.0000,98.1937,135.6319,1.3813,0
8615,1.0000,34.0735,95.5667,2.8047,0
8616,1.0000,206.0073,237.5795,1.1533,0
8617,1.0000,176.0625,201.6804,1.1455,0
8618,1.0000,238.9289,270.7896,1.1333,0
8619,1.0000,204.6534,221.4746,1.0822,0
8620,1.0000,175.5591,207.7763,1.1835,0
8621,1.0000,188.2631,252.1071,1.3391,0
8622,1.0000,116.9872,206.4001,1.7643,0
8623,1.0000,179.7415,192.8834,1.0731,0
8624,1.0000,177.1412,213.0915,1.2029,0
8625,0.7000,75.9276,227.3302,2.9940,0
8626,1.0000,195.5812,231.3050,1.1827,0
8627,1.0000,87.4357,111.9687,1.2806,0
8628,1.0000,197.9621,237.5184,1.1998,0
8629,1.0000,70.1071,224.9889,3.2092,0
8630,1.0000,196.8375,260.0731,1.3213,0
8631,1.0000,195.2895,210.2118,1.0764,0
8632,0.9000,192.1484,238.2562,1.2400,0
8633,1.0000,220.7238,231.5578,1.0491,0
8634,1.0000,122.4255,143.7011,1.1738,0
8635,1.0000,205.7134,232.9184,1.1322,0
8636,0.9000,254.2990,273.8248,1.0768,0
8637,0.8000,220.5901,264.6904,1.1999,0
8638,0.7000,266.5708,329.8924,1.2375,0
8639,0.9000,231.4865,256.0215,1.1060,0
8640,0.9000,103.8316,188.6372,1.8168,0
8641,1.0000,48.5798,213.6516,4.3979,0
8642,1.0000,229.5713,257.9167,1.1235,0
8643,1.0000,211.6955,243.4276,1.1499,0
8644,1.0000,200.2798,223.6828,1.1169,0
8645,0.9000,243.5960,272.4537,1.1185,0
8646,1.0000,64.0000,85.6680,1.3386,0
8647,1.0000,120.3412,167.3440,1.3906,0
8648,1.0000,192.8730,219.5495,1.1383,0
8649,1.0000,217.8509,241.1141,1.1068,0
8650,0.9000,97.5654,206.3589,2.1151,0
8651,1.0000,229.0240,246.0183,1.0742,0
8652,1.0000,210.3996,227.8179,1.0828,0
8653,1.0000,185.6852,205.6186,1.1074,0
8654,1.0000,207.3885,221.2849,1.0670,0
8655,1.0000,174.6282,223.6381,1.2807,0
8656,1.0000,226.1305,271.8566,1.2022,0
8657,1.0000,185.3780,200.6888,1.0826,0
8658,1.0000,202.2597,237.4721,1.1741,0
8659,1.0000,226.0686,249.0522,1.1017,0
8660,0.9000,208.0913,230.7769,1.1090,0
8661,1.0000,154.4215,192.9404,1.2494,0
8662,1.0000,152.6434,173.7700,1.1384,0
8663,1.0000,146.7583,204.4652,1.3932,0
8664,0.9000,201.1567,240.4038,1.1951,0
8665,1.0000,205.0537,233.4524,1.1385,0
8666,1.0000,216.0486,247.0587,1.1435,0
8667,1.0000,199.0050,234.1944,1.1768,0
8668,0.9000,188.5736,221.9842,1.1772,0
8669,1.0000,230.2477,258.8359,1.1242,0
8670,1.0000,178.4825,192.6551,1.0794,0
8671,1.0000,175.1514,205.6696,1.1742,0
8672,1.0000,162.9724,182.6089,1.1205,0
8673,1.0000,165.6110,267.1741,1.6133,0
8674,1.0000,249.0221,265.7160,1.0670,0
8675,1.0000,196.2371,208.7510,1.0638,0
8676,0.8000,257.8061,295.5436,1.1464,0
8677,1.0000,245.8536,256.8852,1.0449,0
8678,1.0000,172.3050,201.6036,1.1700,0
8679,1.0000,180.2609,208.0024,1.1539,0
8680,1.0000,206.9565,224.0580,1.0826,0
8681,1.0000,189.3093,212.4829,1.1224,0
8682,1.0000,118.3174,130.5527,1.1034,0
8683,1.0000,170.9035,194.3296,1.1371,0
8684,1.0000,189.4149,209.9143,1.1082,0
8685,1.0000,190.3260,202.3289,1.0631,0
8686,1.0000,155.3577,163.5359,1.0526,0
8687,1.0000,172.6847,189.6180,1.0981,0
8688,1.0000,151.3010,178.4068,1.1792,0
8689,1.0000,164.3989,189.3990,1.1521,0
8690,1.0000,218.3415,231.5534,1.0605,0
8691,1.0000,194.7768,233.4181,1.1984,0
8692,1.0000,162.0895,181.5627,1.1201,0
8693,1.0000,161.3939,198.6630,1.2309,0
8694,1.0000,176.9717,206.3686,1.1661,0
8695,0.8000,251.6029,274.9818,1.0929,0
8696,0.9000,211.6577,253.4758,1.1976,0
8697,1.0000,196.5960,221.9797,1.1291,0
8698,1.0000,137.4809,225.3863,1.6394,0
8699,1.0000,143.9896,177.3838,1.2319,0
8700,1.0000,195.1768,246.1625,1.2612,0
8701,1.0000,120.0666,147.3160,1.2270,0
8702,0.8000,221.8964,228.9192,1.0316,0
8703,0.7000,231.1342,251.6406,1.0887,0
8704,1.0000,199.9100,234.6998,1.1740,0
8705,0.9000,212.7416,241.2965,1.1342,0
8706,0.9000,141.5910,166.8293,1.1782,0
8707,1.0000,113.2696,178.7652,1.5782,0
8708,1.0000,156.2178,175.1457,1.1212,0
8709,1.0000,89.0842,118.0000,1.3246,0
8710,0.9000,228.5191,246.8684,1.0803,0
8711,1.0000,150.7315,169.8058,1.1265,0
8712,1.0000,179.7637,191.5594,1.0656,0
8713,1.0000,190.7957,206.7269,1.0835,0
8714,0.8000,199.2586,222.8183,1.1182,0
8715,1.0000,102.7229,133.7685,1.3022,0
8716,1.0000,183.0956,228.9323,1.2503,0
8717,0.9000,238.9247,255.3507,1.0687,0
8718,1.0000,203.7278,213.9018,1.0499,0
8719,1.0000,108.8393,141.8238,1.3031,0
8720,1.0000,105.8537,142.0915,1.3423,0
8721,0.8000,241.1763,261.3561,1.0837,0
8722,1.0000,143.3771,163.0613,1.1373,0
8723,1.0000,189.8104,214.3269,1.1292,0
8724,1.0000,120.1166,137.6445,1.1459,0
8725,1.0000,277.3193,296.3258,1.0685,0
8726,1.0000,219.1461,235.7159,1.0756,0
8727,1.0000,159.0692,185.5155,1.1663,0
8728,1.0000,213.0376,221.2849,1.0387,0
8729,1.0000,176.2725,220.9728,1.2536,0
8730,1.0000,178.2863,194.3888,1.0903,0
8731,1.0000,175.4337,200.4495,1.1426,0
8732,1.0000,194.1159,217.2372,1.1191,0
8733,1.0000,219.1963,247.9879,1.1314,0
8734,1.0000,190.4206,215.4669,1.1315,0
8735,0.9000,171.6246,179.3321,1.0449,0
8736,1.0000,237.2509,270.8025,1.1414,0
8737,1.0000,90.0111,99.2522,1.1027,0
8738,0.9000,239.3408,276.8411,1.1567,0
8739,1.0000,160.3091,185.7418,1.1586,0
8740,1.0000,135.7461,192.4890,1.4180,0
8741,0.9000,252.3965,287.4943,1.1391,0
8742,1.0000,160.8571,181.1436,1.1261,0
8743,1.0000,214.7813,225.2865,1.0489,0
8744,1.0000,216.6241,235.8516,1.0888,0
8745,1.0000,164.3654,215.6479,1.3120,0
8746,1.0000,226.2698,239.1798,1.0571,0
8747,1.0000,233.1437,246.4569,1.0571,0
8748,0.9000,251.8015,276.6008,1.0985,0
8749,1.0000,135.4031,162.7452,1.2019,0
8750,1.0000,265.3413,270.6529,1.0200,0
8751,1.0000,149.0671,171.9535,1.1535,0
8752,1.0000,203.7057,217.9174,1.0698,0
8753,0.9000,180.2748,201.0199,1.1151,0
8754,1.0000,176.7484,203.4134,1.1509,0
8755,1.0000,191.5411,218.8950,1.1428,0
8756,1.0000,187.5660,202.2276,1.0782,0
8757,1.0000,192.9637,216.7994,1.1235,0
8758,1.0000,106.6771,191.1335,1.7917,0
8759,1.0000,109.8271,198.4339,1.8068,0
8760,1.0000,135.3773,184.6943,1.3643,0
8761,1.0000,57.7495,233.8632,4.0496,0
8762,1.0000,159.5243,212.9178,1.3347,0
8763,1.0000,84.2437,167.7319,1.9910,0
8764,1.0000,205.4970,230.3953,1.1212,0
8765,1.0000,139.6997,187.0000,1.3386,0
8766,1.0000,194.6869,240.6013,1.2358,0
8767,1.0000,180.3386,204.8951,1.1362,0
8768,1.0000,128.6002,216.1412,1.6807,0
8769,1.0000,157.0955,178.2638,1.1347,0
8770,1.0000,272.6885,287.8680,1.0557,0
8771,1.0000,165.9639,179.9250,1.0841,0
8772,1.0000,205.9296,221.9369,1.0777,0
8773,1.0000,108.7842,126.3883,1.1618,0
8774,0.6000,242.0475,277.7085,1.1473,0
8775,1.0000,120.3786,205.8155,1.7097,0
8776,1.0000,165.2271,194.6587,1.1781,0
8777,1.0000,183.2812,212.4006,1.1589,0
8778,1.0000,170.2792,196.6469,1.1548,0
8779,1.0000,168.6742,186.1558,1.1036,0
8780,1.0000,144.9862,171.1286,1.1803,0
8781,1.0000,198.4994,227.0727,1.1439,0
8782,0.9000,229.4079,252.4044,1.1002,0
8783,1.0000,129.6534,146.1814,1.1275,0
8784,1.0000,191.6899,206.0752,1.0750,0
8785,1.0000,151.7135,203.9068,1.3440,0
8786,1.0000,196.5960,260.9099,1.3271,0
8787,1.0000,130.6675,256.3981,1.9622,0
8788,1.0000,93.3167,194.3065,2.0822,0
8789,1.0000,131.0038,213.9135,1.6329,0
8790,1.0000,246.8137,261.1858,1.0582,0
8791,0.9000,136.6199,246.2722,1.8026,0
8792,1.0000,109.3526,150.3296,1.3747,0
8793,0.9000,177.6795,250.5294,1.4100,0
8794,1.0000,186.1666,219.6793,1.1800,0
8795,1.0000,234.7680,252.0536,1.0736,0
8796,0.9000,213.6750,231.9181,1.0854,0
8797,1.0000,271.8253,295.1491,1.0858,0
8798,1.0000,241.8098,264.1836,1.0925,0
8799,1.0000,210.9929,227.8179,1.0797,0
8800,1.0000,195.0641,243.5467,1.2485,0
8801,1.0000,251.1872,270.9207,1.0786,0
8802,1.0000,183.7145,197.6917,1.0761,0
8803,1.0000,234.8744,252.0873,1.0733,0
8804,0.8000,228.2280,249.1787,1.0918,0
8805,1.0000,160.4587,177.7667,1.1079,0
8806,1.0000,191.7629,200.9378,1.0478,0
8807,1.0000,219.2556,243.0288,1.1084,0
8808,1.0000,195.0538,234.3011,1.2012,0
8809,0.9000,265.7593,280.0161,1.0536,0
8810,1.0000,125.3435,161.5240,1.2887,0
8811,1.0000,168.0536,221.5333,1.3182,0
8812,1.0000,175.7527,198.3910,1.1288,0
8813,1.0000,188.0133,215.2185,1.1447,0
8814,1.0000,187.3499,239.0732,1.2761,0
8815,1.0000,127.4166,138.1919,1.0846,0
8816,1.0000,203.8504,225.8871,1.1081,0
8817,1.0000,231.0022,238.2583,1.0314,0
8818,1.0000,214.9279,234.3352,1.0903,0
8819,1.0000,151.0464,182.1428,1.2059,0
8820,1.0000,193.6621,222.2206,1.1475,0
8821,1.0000,174.9000,201.5416,1.1523,0
8822,1.0000,192.2030,208.0697,1.0826,0
8823,1.0000,191.4550,199.9125,1.0442,0
8824,1.0000,111.6333,131.3849,1.1769,0
8825,1.0000,131.4838,149.5059,1.1371,0
8826,1.0000,216.4324,241.3234,1.1150,0
8827,1.0000,241.1224,269.5830,1.1180,0
8828,1.0000,274.0201,285.3717,1.0414,0
8829,1.0000,152.8398,197.8535,1.2945,0
8830,1.0000,199.8099,233.6664,1.1694,0
8831,1.0000,89.8443,110.9144,1.2345,0
8832,1.0000,247.3419,273.2398,1.1047,0
8833,1.0000,225.2332,259.2142,1.1509,0
8834,1.0000,177.6626,194.9025,1.0970,0
8835,1.0000,122.5561,162.6622,1.3272,0
8836,1.0000,140.5774,165.3088,1.1759,0
8837,0.9000,232.3812,245.6094,1.0569,0
8838,1.0000,166.4091,198.6228,1.1936,0
8839,1.0000,207.0507,230.7163,1.1143,0
8840,1.0000,220.1227,254.6350,1.1568,0
8841,1.0000,161.9568,174.8027,1.0793,0
8842,1.0000,107.1074,129.5569,1.2096,0
8843,1.0000,98.7978,125.3675,1.2689,0
8844,1.0000,145.4441,165.7649,1.1397,0
8845,1.0000,218.1605,232.8154,1.0672,0
8846,1.0000,118.6423,139.8499,1.1788,0
8847,1.0000,231.7499,271.6413,1.1721,0
8848,1.0000,142.4254,162.0741,1.1380,0
8849,1.0000,207.9808,219.8045,1.0568,0
8850,1.0000,142.1724,179.6524,1.2636,0
8851,1.0000,57.5934,86.9828,1.5103,0
8852,1.0000,87.2582,103.9134,1.1909,0
8853,1.0000,173.2743,207.4054,1.1970,0
8854,1.0000,239.0669,262.4786,1.0979,0
8855,1.0000,221.7476,244.7366,1.1037,0
8856,1.0000,130.4722,180.0583,1.3801,0
8857,1.0000,127.5461,160.0469,1.2548,0
8858,1.0000,223.6448,267.6191,1.1966,0
8859,1.0000,230.3107,248.1068,1.0773,0
8860,1.0000,103.8027,156.7833,1.5104,0
8861,1.0000,226.3007,242.6005,1.0720,0
8862,0.9000,238.3925,252.4639,1.0590,0
8863,1.0000,190.7223,208.9785,1.0957,0
8864,1.0000,207.7859,223.8593,1.0774,0
8865,1.0000,114.4989,142.0246,1.2404,0
8866,1.0000,146.8332,162.7790,1.1086,0
8867,0.9000,218.2109,247.3075,1.1333,0
8868,1.0000,160.5086,191.5020,1.1931,0
8869,1.0000,151.1820,176.1193,1.1649,0
8870,0.8000,235.6014,248.5478,1.0550,0
8871,1.0000,178.3115,201.7721,1.1316,0
8872,1.0000,216.1111,239.1359,1.1065,0
8873,1.0000,157.2546,176.5899,1.1230,0
8874,0.9000,200.8880,213.7171,1.0639,0
8875,1.0000,137.9928,151.1721,1.0955,0
8876,1.0000,222.7240,273.7937,1.2293,0
8877,1.0000,258.1027,295.7262,1.1458,0
8878,1.0000,161.7065,181.6673,1.1234,0
8879,1.0000,79.8874,94.7523,1.1861,0
8880,1.0000,189.4571,219.4448,1.1583,0
8881,1.0000,205.8057,216.3654,1.0513,0
8882,1.0000,178.2807,195.1922,1.0949,0
8883,1.0000,139.1941,177.6457,1.2762,0
8884,1.0000,221.1651,271.0443,1.2255,0
8885,1.0000,222.1418,258.4028,1.1632,0
8886,0.9000,191.5333,222.9350,1.1639,0
8887,0.9000,255.5973,276.5267,1.0819,0
8888,1.0000,69.2532,103.7401,1.4980,0
8889,1.0000,187.4193,205.9345,1.0988,0
8890,1.0000,224.5841,237.3289,1.0567,0
8891,1.0000,161.5828,192.3226,1.1902,0
8892,1.0000,137.1641,160.7109,1.1717,0
8893,1.0000,251.7062,276.2354,1.0975,0
8894,0.9000,229.9065,241.1701,1.0490,0
8895,1.0000,174.2383,267.3911,1.5346,0
8896,1.0000,200.7486,223.3473,1.1126,0
8897,1.0000,208.0337,223.5173,1.0744,0
8898,1.0000,208.3051,226.1880,1.0858,0
8899,1.0000,262.0134,286.5537,1.0937,0
8900,1.0000,182.1950,192.4890,1.0565,0
8901,1.0000,163.2483,178.4909,1.0934,0
8902,1.0000,229.9261,252.0298,1.0961,0
8903,1.0000,194.1288,201.8217,1.0396,0
8904,1.0000,200.1250,240.2062,1.2003,0
8905,1.0000,239.2342,260.7738,1.0900,0
8906,1.0000,259.7172,275.0418,1.0590,0
8907,1.0000,175.1799,192.8756,1.1010,0
8908,1.0000,212.0024,244.4259,1.1529,0
8909,0.9000,275.8115,290.0328,1.0516,0
8910,1.0000,169.7351,207.1545,1.2205,0
8911,0.9000,225.3397,247.3560,1.0977,0
8912,1.0000,108.3328,133.9403,1.2364,0
8913,1.0000,108.2220,130.6713,1.2074,0
8914,1.0000,196.4103,212.1085,1.0799,0
8915,1.0000,204.9854,212.0165,1.0343,0
8916,0.9000,208.4298,227.5961,1.0920,0
8917,1.0000,148.5093,164.2133,1.1057,0
8918,1.0000,113.8903,123.9718,1.0885,0
8919,1.0000,252.9526,270.8930,1.0709,0
8920,1.0000,166.1596,189.9974,1.1435,0
8921,1.0000,262.0153,294.6982,1.1247,0
8922,0.8000,213.3706,228.1250,1.0691,0
8923,1.0000,191.4523,226.8369,1.1848,0
8924,0.9000,231.8793,264.8754,1.1423,0
8925,0.9000,237.4342,301.5792,1.2702,0
8926,1.0000,258.0097,270.5809,1.0487,0
8927,1.0000,237.1561,270.7213,1.1415,0
8928,1.0000,204.8292,225.6103,1.1015,0
8929,1.0000,174.9228,206.4292,1.1801,0
8930,1.0000,58.2237,188.6717,3.2405,0
8931,1.0000,210.7985,264.7452,1.2559,0
8932,1.0000,168.1428,210.4685,1.2517,0
8933,1.0000,147.0170,234.5592,1.5955,0
8934,1.0000,139.4919,154.8967,1.1104,0
8935,1.0000,76.5833,161.1521,2.1043,0
8936,1.0000,73.2052,240.5993,3.2866,0
8937,1.0000,70.4273,136.8357,1.9429,0
8938,0.9000,257.7615,292.4346,1.1345,0
8939,1.0000,108.1943,168.2320,1.5549,0
8940,0.7000,269.6776,279.5890,1.0368,0
8941,1.0000,173.8333,262.4652,1.5099,0
8942,1.0000,169.0946,225.9137,1.3360,0
8943,1.0000,102.6840,120.1915,1.1705,0
8944,0.9000,227.9605,259.6921,1.1392,0
8945,0.9000,238.2897,248.4271,1.0425,0
8946,0.8000,219.1210,244.1475,1.1142,0
8947,1.0000,222.6702,242.5943,1.0895,0
8948,1.0000,191.1021,223.3249,1.1686,0
8949,1.0000,178.8323,216.6956,1.2117,0
8950,1.0000,166.8113,175.6189,1.0528,0
8951,1.0000,106.1744,172.5949,1.6256,0
8952,1.0000,220.1477,234.8446,1.0668,0
8953,1.0000,237.3036,258.3196,1.0886,0
8954,1.0000,190.6672,219.5290,1.1514,0
8955,1.0000,131.1297,190.5623,1.4532,0
8956,1.0000,149.9867,181.0718,1.2073,0
8957,1.0000,130.3073,152.9575,1.1738,0
8958,1.0000,139.2695,161.9969,1.1632,0
8959,1.0000,224.2075,239.1380,1.0666,0
8960,1.0000,139.0935,170.8918,1.2286,0
8961,0.8000,245.3630,274.5342,1.1189,0
8962,1.0000,179.1926,197.3601,1.1014,0
8963,1.0000,153.8863,180.5962,1.1736,0
8964,1.0000,153.7335,177.3387,1.1535,0
8965,1.0000,167.9315,190.3707,1.1336,0
8966,0.9000,268.2219,286.0787,1.0666,0
8967,1.0000,210.9905,243.2838,1.1531,0
8968,1.0000,160.0375,186.8957,1.1678,0
8969,1.0000,160.8944,182.2498,1.1327,0
8970,1.0000,213.6890,236.1779,1.1052,0
8971,1.0000,130.6025,146.9149,1.1249,0
8972,1.0000,186.2418,206.9444,1.1112,0
8973,1.0000,206.2038,236.1313,1.1451,0
8974,1.0000,83.3966,94.3292,1.1311,0
8975,1.0000,172.4587,194.2421,1.1263,0
8976,1.0000,225.1955,242.6190,1.0774,0
8977,1.0000,206.9589,234.5975,1.1335,0
8978,0.8000,245.9390,255.9004,1.0405,0
8979,0.8000,186.7833,208.8732,1.1183,0
8980,1.0000,186.7351,213.5860,1.1438,0
8981,1.0000,116.6748,163.2636,1.3993,0
8982,1.0000,163.7773,174.4534,1.0652,0
8983,1.0000,200.8407,224.9711,1.1201,0
8984,1.0000,229.5997,255.2900,1.1119,0
8985,1.0000,220.6196,250.4077,1.1350,0
8986,1.0000,107.7172,294.8135,2.7369,0
8987,0.9000,214.5227,237.4847,1.1070,0
8988,0.8000,198.3331,209.7236,1.0574,0
8989,0.9000,242.6561,255.8320,1.0543,0
8990,1.0000,152.0855,245.1510,1.6119,0
8991,1.0000,184.3800,209.0359,1.1337,0
8992,1.0000,158.2150,196.6749,1.2431,0
8993,1.0000,179.3934,207.3765,1.1560,0
8994,1.0000,222.7600,241.1846,1.0827,0
8995,1.0000,177.8820,189.1243,1.0632,0
8996,1.0000,217.7544,241.7375,1.1101,0
8997,1.0000,114.5949,153.9935,1.3438,0
8998,1.0000,209.9881,221.3030,1.0539,0
8999,1.0000,215.9398,230.6382,1.0681,0
9000,1.0000,205.7741,237.6215,1.1548,0
9001,1.0000,262.0057,277.2328,1.0581,0
9002,1.0000,116.6148,129.4257,1.1099,0
9003,1.0000,204.1029,226.0575,1.1076,0
9004,1.0000,252.2856,282.6075,1.1202,0
9005,1.0000,212.0613,220.4132,1.0394,0
9006,1.0000,95.0999,122.2825,1.2858,0
9007,1.0000,213.7428,221.7273,1.0374,0
9008,0.9000,180.3885,198.9196,1.1027,0
9009,1.0000,146.0822,166.7513,1.1415,0
9010,1.0000,167.8958,187.8962,1.1191,0
9011,1.0000,185.7660,207.3089,1.1160,0
9012,0.6000,231.5211,241.0104,1.0410,0
9013,1.0000,185.6502,202.3512,1.0900,0
9014,1.0000,208.5234,239.3220,1.1477,0
9015,1.0000,144.6790,153.9383,1.0640,0
9016,1.0000,160.6020,171.8633,1.0701,0
9017,1.0000,205.7474,226.0133,1.0985,0
9018,1.0000,132.1514,155.8204,1.1791,0
9019,1.0000,177.6570,193.9768,1.0919,0
9020,1.0000,233.7691,268.2685,1.1476,0
9021,1.0000,265.8515,276.5032,1.0401,0
9022,1.0000,165.5959,187.1230,1.1300,0
9023,1.0000,194.1932,209.2367,1.0775,0
9024,0.9000,218.7807,231.2834,1.0571,0
9025,1.0000,192.3408,206.7897,1.0751,0
9026,1.0000,238.5162,252.0774,1.0569,0
9027,1.0000,227.5895,245.3793,1.0782,0
9028,1.0000,233.9765,291.2336,1.2447,0
9029,1.0000,128.4874,148.2801,1.1540,0
9030,1.0000,235.3274,259.8326,1.1041,0
9031,0.9000,243.6555,257.3966,1.0564,0
9032,1.0000,231.7607,246.1727,1.0622,0
9033,1.0000,223.9777,252.5272,1.1275,0
9034,1.0000,204.1372,223.3652,1.0942,0
9035,1.0000,208.2330,235.7032,1.1319,0
9036,1.0000,145.3444,172.8207,1.1890,0
9037,1.0000,212.5324,244.6773,1.1512,0
9038,1.0000,175.0057,238.2352,1.3613,0
9039,1.0000,210.1095,238.0609,1.1330,0
9040,1.0000,223.9732,243.4605,1.0870,0
9041,1.0000,195.0974,212.4359,1.0889,0
9042,0.9000,227.9298,240.0229,1.0531,0
9043,1.0000,233.7798,258.2983,1.1049,0
9044,1.0000,209.5233,230.6166,1.1007,0
9045,0.9000,249.3692,261.9332,1.0504,0
9046,1.0000,213.8785,231.4908,1.0823,0
9047,1.0000,220.5244,241.2841,1.0941,0
9048,1.0000,163.9604,188.7485,1.1512,0
9049,0.3000,231.4800,250.6113,1.0826,0
9050,1.0000,186.3733,210.0548,1.1271,0
9051,1.0000,186.0054,207.0169,1.1130,0
9052,1.0000,224.5195,264.2101,1.1768,0
9053,1.0000,208.3387,220.0636,1.0563,0
9054,1.0000,213.2534,231.2445,1.0844,0
9055,1.0000,119.5492,149.0805,1.2470,0
9056,1.0000,220.2794,233.7135,1.0610,0
9057,1.0000,217.9404,229.6780,1.0539,0
9058,1.0000,191.6220,212.0377,1.1065,0
9059,1.0000,179.8638,207.6704,1.1546,0
9060,1.0000,122.4214,147.7938,1.2073,0
9061,1.0000,122.8169,138.9352,1.1312,0
9062,1.0000,193.2253,233.2488,1.2071,0
9063,1.0000,214.9279,273.0733,1.2705,0
9064,1.0000,196.1173,204.7755,1.0441,0
9065,0.9000,230.8181,258.2712,1.1189,0
9066,1.0000,176.4936,226.5723,1.2837,0
9067,1.0000,189.0661,233.0794,1.2328,0
9068,1.0000,208.0361,235.6884,1.1329,0
9069,0.9000,231.9634,257.4976,1.1101,0
9070,1.0000,164.3837,181.0304,1.1013,0
9071,0.9000,241.2944,264.3123,1.0954,0
9072,1.0000,224.5262,232.8283,1.0370,0
9073,1.0000,192.5331,223.5442,1.1611,0
9074,1.0000,179.0335,206.5720,1.1538,0
9075,0.9000,221.0294,239.3011,1.0827,0
9076,1.0000,180.7982,223.8080,1.2379,0
9077,1.0000,216.4047,230.9156,1.0671,0
9078,1.0000,263.6665,273.0183,1.0355,0
9079,0.7000,206.3395,221.0701,1.0714,0
9080,1.0000,188.4808,227.7125,1.2081,0
9081,1.0000,77.5822,99.5490,1.2831,0
9082,1.0000,237.6405,263.3059,1.1080,0
9083,1.0000,203.5289,214.1215,1.0520,0
9084,0.9000,230.5819,249.5215,1.0821,0
9085,1.0000,192.6292,217.0783,1.1269,0
9086,1.0000,134.3242,148.0068,1.1019,0
9087,1.0000,197.5044,212.3676,1.0753,0
9088,1.0000,148.3947,173.1618,1.1669,0
9089,1.0000,207.9808,250.4975,1.2044,0
9090,1.0000,215.8379,233.8824,1.0836,0
9091,0.9000,217.9449,248.1431,1.1386,0
9092,1.0000,199.6146,217.2395,1.0883,0
9093,1.0000,243.7335,274.4012,1.1258,0
9094,0.9000,212.4476,227.5983,1.0713,0
9095,1.0000,227.0022,247.0486,1.0883,0
9096,1.0000,246.7853,272.9560,1.1060,0
9097,1.0000,239.0690,256.1972,1.0716,0
9098,1.0000,227.9145,243.0864,1.0666,0
9099,1.0000,195.6298,230.1456,1.1764,0
9100,0.9000,220.8665,233.0043,1.0550,0
9101,1.0000,160.4182,176.4370,1.0999,0
9102,1.0000,220.9819,251.8253,1.1396,0
9103,1.0000,231.9396,245.8048,1.0598,0
9104,1.0000,236.3430,249.4975,1.0557,0
9105,1.0000,243.9344,274.4995,1.1253,0
9106,0.9000,245.8841,264.1742,1.0744,0
9107,1.0000,222.2476,244.5015,1.1001,0
9108,1.0000,162.3422,189.3436,1.1663,0
9109,0.9000,265.2075,285.9266,1.0781,0
9110,1.0000,259.7730,295.5368,1.1377,0
9111,1.0000,195.7907,217.7453,1.1121,0
9112,1.0000,221.9189,251.0060,1.1311,0
9113,1.0000,148.7616,191.1178,1.2847,0
9114,1.0000,187.8111,218.7304,1.1646,0
9115,1.0000,221.1357,230.6664,1.0431,0
9116,1.0000,127.7184,152.1217,1.1911,0
9117,1.0000,103.4215,121.1487,1.1714,0
9118,1.0000,249.8359,271.3264,1.0860,0
9119,0.9000,228.6023,251.9940,1.1023,0
9120,1.0000,219.4789,239.8208,1.0927,0
9121,1.0000,205.8373,223.9062,1.0878,0
9122,0.9000,195.0795,209.4254,1.0735,0
9123,1.0000,158.5591,183.6791,1.1584,0
9124,1.0000,228.7225,242.2705,1.0592,0
9125,1.0000,186.2364,216.8041,1.1641,0
9126,1.0000,220.8982,246.2418,1.1147,0
9127,1.0000,215.7730,234.9681,1.0890,0
9128,1.0000,208.0120,237.0928,1.1398,0
9129,1.0000,193.7576,219.9091,1.1350,0
9130,1.0000,256.3884,290.3756,1.1326,0
9131,1.0000,193.5510,227.6335,1.1761,0
9132,1.0000,162.4869,205.4775,1.2646,0
9133,1.0000,209.5948,245.0633,1.1692,0
9134,0.9000,248.2116,255.3214,1.0286,0
9135,1.0000,254.7450,285.4172,1.1204,0
9136,1.0000,198.0757,224.1450,1.1316,0
9137,1.0000,179.0419,194.3142,1.0853,0
9138,0.8000,255.6384,275.7952,1.0788,0
9139,1.0000,207.6247,224.4215,1.0809,0
9140,1.0000,218.6184,245.4017,1.1225,0
9141,1.0000,206.0316,237.6300,1.1534,0
9142,1.0000,211.6223,242.0578,1.1438,0
9143,1.0000,194.6869,209.7951,1.0776,0
9144,0.9000,260.6089,288.9567,1.1088,0
9145,1.0000,227.8004,245.1102,1.0760,0
9146,1.0000,220.0023,243.8053,1.1082,0
9147,1.0000,190.8769,238.5896,1.2500,0
9148,0.8000,227.6027,258.1337,1.1341,0
9149,0.9000,254.2263,267.9440,1.0540,0
9150,1.0000,215.2115,231.2899,1.0747,0
9151,1.0000,243.0021,271.7683,1.1184,0
9152,1.0000,173.4099,192.0885,1.1077,0
9153,0.9000,188.0984,202.3487,1.0758,0
9154,0.7000,213.4268,234.3736,1.0981,0
9155,1.0000,259.9519,273.7462,1.0531,0
9156,1.0000,256.0996,272.0478,1.0623,0
9157,0.9000,167.8422,179.8055,1.0713,0
9158,0.8000,227.7038,259.7576,1.1408,0
9159,1.0000,230.4843,247.0546,1.0719,0
9160,0.9000,245.0367,263.8541,1.0768,0
9161,1.0000,242.8312,265.0641,1.0916,0
9162,1.0000,242.4459,266.7939,1.1004,0
9163,1.0000,174.0718,193.4554,1.1114,0
9164,1.0000,241.8657,255.7362,1.0573,0
9165,1.0000,187.3419,221.8581,1.1842,0
9166,1.0000,213.3401,252.4599,1.1834,0
9167,0.9000,201.1318,214.1612,1.0648,0
9168,0.9000,241.2675,260.4189,1.0794,0
9169,1.0000,152.2301,169.2749,1.1120,0
9170,1.0000,186.8636,249.0883,1.3330,0
9171,1.0000,215.3671,227.1871,1.0549,0
9172,1.0000,208.6073,214.6485,1.0290,0
9173,1.0000,185.0054,199.9100,1.0806,0
9174,1.0000,151.3109,201.3331,1.3306,0
9175,1.0000,202.1311,214.2522,1.0600,0
9176,1.0000,131.2326,196.1122,1.4944,0
9177,0.8000,185.7364,194.3142,1.0462,0
9178,0.9000,220.2612,248.3002,1.1273,0
9179,1.0000,228.3200,239.2258,1.0478,0
9180,1.0000,176.4908,218.3575,1.2372,0
9181,0.8000,142.3025,198.6983,1.3963,0
9182,1.0000,200.6764,261.8549,1.3049,0
9183,1.0000,186.1021,200.1574,1.0755,0
9184,1.0000,182.3129,202.4500,1.1105,0
9185,0.9000,161.3351,207.1666,1.2841,0
9186,1.0000,134.9222,176.3264,1.3069,0
9187,1.0000,134.9889,176.5928,1.3082,0
9188,1.0000,159.1917,178.1292,1.1190,0
9189,1.0000,210.0809,228.2805,1.0866,0
9190,1.0000,241.5264,265.1905,1.0980,0
9191,1.0000,169.2986,244.4299,1.4438,0
9192,0.9000,178.5049,191.4445,1.0725,0
9193,1.0000,187.1390,215.0907,1.1494,0
9194,1.0000,149.8366,225.9491,1.5080,0
9195,1.0000,163.1564,170.8771,1.0473,0
9196,1.0000,210.8530,233.4159,1.1070,0
9197,1.0000,169.9471,191.3740,1.1261,0
9198,1.0000,191.7368,236.6601,1.2343,0
9199,1.0000,276.4091,291.6556,1.0552,0
9200,1.0000,202.3364,218.1467,1.0781,0
9201,0.8000,278.3038,299.3576,1.0757,0
9202,1.0000,204.3698,223.1748,1.0920,0
9203,1.0000,277.7175,305.0066,1.0983,0
9204,0.8000,190.5545,211.7735,1.1114,0
9205,0.8000,175.7811,235.2212,1.3381,0
9206,1.0000,147.5025,177.4993,1.2034,0
9207,0.9000,167.3230,231.4843,1.3835,0
9208,1.0000,140.8474,233.7477,1.6596,0
9209,1.0000,167.4843,199.0729,1.1886,0
9210,1.0000,188.2312,200.5991,1.0657,0
9211,1.0000,239.9041,251.8988,1.0500,0
9212,0.9000,207.9231,224.1629,1.0781,0
9213,1.0000,255.3116,271.3356,1.0628,0
9214,1.0000,221.1922,260.2614,1.1766,0
9215,0.9000,241.2903,255.7264,1.0598,0
9216,0.8000,238.9833,255.6130,1.0696,0
9217,1.0000,278.8064,297.1346,1.0657,0
9218,1.0000,240.9772,281.1388,1.1667,0
9219,1.0000,219.4242,239.8333,1.0930,0
9220,1.0000,195.1820,237.8802,1.2188,0
9221,1.0000,191.9114,220.8529,1.1508,0
9222,1.0000,242.9794,257.6063,1.0602,0
9223,0.9000,225.7476,244.0389,1.0810,0
9224,1.0000,233.5037,267.2190,1.1444,0
9225,1.0000,263.5944,277.1047,1.0513,0
9226,1.0000,248.9719,270.5457,1.0867,0
9227,1.0000,193.9381,219.7999,1.1334,0
9228,1.0000,179.9889,205.7717,1.1432,0
9229,1.0000,148.8657,169.5022,1.1386,0
9230,1.0000,166.1836,200.1749,1.2045,0
9231,0.9000,176.3236,278.6970,1.5806,0
9232,0.7000,228.0592,244.0942,1.0703,0
9233,1.0000,192.1770,213.9766,1.1134,0
9234,1.0000,161.5457,180.9586,1.1202,0
9235,1.0000,185.2377,234.0897,1.2637,0
9236,0.9000,235.9576,273.0385,1.1572,0
9237,0.9000,248.2539,263.1387,1.0600,0
9238,0.9000,243.6493,267.7518,1.0989,0
9239,1.0000,152.7285,165.5083,1.0837,0
9240,1.0000,194.9538,211.8490,1.0867,0
9241,0.9000,220.2181,246.6090,1.1198,0
9242,0.8000,188.5126,211.3599,1.1212,0
9243,1.0000,171.9535,228.6657,1.3298,0
9244,0.9000,133.0038,239.2781,1.7990,0
9245,1.0000,88.9494,151.8091,1.7067,0
9246,1.0000,203.3396,213.8948,1.0519,0
9247,0.8000,211.8844,224.1584,1.0579,0
9248,1.0000,227.0088,259.9519,1.1451,0
9249,1.0000,201.9579,219.1712,1.0852,0
9250,1.0000,180.6073,209.2033,1.1583,0
9251,0.9000,238.9037,249.1526,1.0429,0
9252,1.0000,129.8576,199.3615,1.5352,0
9253,1.0000,220.2521,243.8811,1.1073,0
9254,1.0000,214.4598,270.3350,1.2605,0
9255,0.8000,227.6554,246.2418,1.0816,0
9256,1.0000,156.8088,165.8704,1.0578,0
9257,1.0000,213.8644,239.1129,1.1181,0
9258,1.0000,207.5765,236.0974,1.1374,0
9259,1.0000,161.9290,200.4744,1.2380,0
9260,0.9000,217.5661,231.1753,1.0626,0
9261,1.0000,172.3456,229.6672,1.3326,0
9262,1.0000,231.2207,245.4160,1.0614,0
9263,1.0000,232.4909,243.0535,1.0454,0
9264,0.9000,263.3458,278.3846,1.0571,0
9265,0.9000,170.8479,210.9407,1.2347,0
9266,1.0000,215.3880,233.8076,1.0855,0
9267,1.0000,246.6313,266.9663,1.0825,0
9268,1.0000,227.2158,243.1625,1.0702,0
9269,1.0000,206.5744,237.0401,1.1475,0
9270,0.9000,237.4342,255.1392,1.0746,0
9271,1.0000,182.4801,216.1828,1.1847,0
9272,1.0000,165.4297,197.0178,1.1909,0
9273,1.0000,188.3507,219.9818,1.1679,0
9274,1.0000,161.7065,171.5255,1.0607,0
9275,0.9000,185.9409,202.2894,1.0879,0
9276,0.8000,243.0082,259.5284,1.0680,0
9277,1.0000,225.3264,247.3681,1.0978,0
9278,1.0000,183.7716,214.9651,1.1697,0
9279,1.0000,158.7104,192.9715,1.2159,0
9280,1.0000,248.8473,282.4801,1.1352,0
9281,1.0000,110.4989,123.0406,1.1135,0
9282,1.0000,246.8947,260.3939,1.0547,0
9283,1.0000,170.4670,187.4780,1.0998,0
9284,1.0000,201.6358,223.7700,1.1098,0
9285,1.0000,247.0020,266.7339,1.0799,0
9286,1.0000,151.1258,183.9701,1.2173,0
9287,0.5000,210.5968,250.1180,1.1877,0
9288,1.0000,152.7121,181.7691,1.1903,0
9289,1.0000,153.0490,216.8271,1.4167,0
9290,1.0000,247.1417,268.2201,1.0853,0
9291,0.9000,225.5926,239.0188,1.0595,0
9292,0.9000,235.6480,254.5486,1.0802,0
9293,1.0000,237.2762,260.4227,1.0976,0
9294,1.0000,227.2290,245.4078,1.0800,0
9295,0.7000,227.7389,265.7010,1.1667,0
9296,1.0000,190.4967,226.7929,1.1905,0
9297,0.8000,222.8901,235.7626,1.0578,0
9298,1.0000,216.2105,243.3721,1.1256,0
9299,1.0000,260.7432,302.1920,1.1590,0
9300,1.0000,214.6928,246.3859,1.1476,0
9301,1.0000,181.0525,259.9077,1.4355,0
9302,0.8000,198.4893,231.8620,1.1681,0
9303,1.0000,99.1766,121.3342,1.2234,0
9304,1.0000,228.9825,243.1666,1.0619,0
9305,1.0000,210.0928,223.0291,1.0616,0
9306,1.0000,212.5770,227.4467,1.0699,0
9307,1.0000,172.2788,232.9721,1.3523,0
9308,1.0000,217.8692,244.7652,1.1235,0
9309,1.0000,249.5857,262.4309,1.0515,0
9310,1.0000,230.2781,253.9035,1.1026,0
9311,1.0000,223.6292,236.1715,1.0561,0
9312,0.9000,203.3347,211.8065,1.0417,0
9313,0.9000,254.2735,270.2018,1.0626,0
9314,1.0000,216.2059,233.9209,1.0819,0
9315,1.0000,213.1502,237.4342,1.1139,0
9316,1.0000,264.5695,296.7305,1.1216,0
9317,0.9000,243.3311,264.9170,1.0887,0
9318,1.0000,211.6341,235.3572,1.1121,0
9319,1.0000,231.3482,243.8217,1.0539,0
9320,1.0000,221.0769,231.6312,1.0477,0
9321,0.9000,243.2201,263.4103,1.0830,0
9322,0.9000,235.5844,267.8059,1.1368,0
9323,1.0000,201.8960,228.2389,1.1305,0
9324,1.0000,191.9193,219.6361,1.1444,0
9325,1.0000,202.6919,214.7766,1.0596,0
9326,0.9000,254.7253,292.4773,1.1482,0
9327,0.8000,215.2371,230.7163,1.0719,0
9328,1.0000,246.3899,258.8455,1.0506,0
9329,1.0000,129.2207,145.0965,1.1229,0
9330,1.0000,242.6376,271.2950,1.1181,0
9331,1.0000,211.1587,237.6594,1.1255,0
9332,1.0000,202.2523,207.7498,1.0272,0
9333,1.0000,123.4949,188.0399,1.5227,0
9334,1.0000,213.7920,244.3870,1.1431,0
9335,1.0000,228.6241,254.0630,1.1113,0
9336,1.0000,178.3732,205.0732,1.1497,0
9337,1.0000,192.3720,205.1731,1.0665,0
9338,1.0000,211.9929,258.9247,1.2214,0
9339,0.9000,179.3321,200.4320,1.1177,0
9340,1.0000,217.1152,242.3118,1.1161,0
9341,1.0000,196.8858,208.5617,1.0593,0
9342,1.0000,216.0879,237.2825,1.0981,0
9343,0.9000,234.7254,258.9710,1.1033,0
9344,1.0000,201.5812,224.2922,1.1127,0
9345,1.0000,205.5967,237.3057,1.1542,0
9346,0.8000,262.3166,278.8691,1.0631,0
9347,1.0000,222.8901,241.9566,1.0855,0
9348,1.0000,182.7293,197.4589,1.0806,0
9349,1.0000,230.3736,240.5743,1.0443,0
9350,1.0000,219.1438,234.5464,1.0703,0
9351,1.0000,221.9459,254.8549,1.1483,0
9352,1.0000,200.2249,248.1491,1.2394,0
9353,1.0000,206.7075,234.7339,1.1356,0
9354,0.9000,260.8659,276.1286,1.0585,0
9355,1.0000,243.6555,283.1201,1.1620,0
9356,1.0000,138.3365,155.2868,1.1225,0
9357,1.0000,102.8786,121.6347,1.1823,0
9358,1.0000,135.1481,165.8825,1.2274,0
9359,1.0000,223.0942,236.7784,1.0613,0
9360,1.0000,182.0055,205.7936,1.1307,0
9361,1.0000,166.3490,192.1224,1.1549,0
9362,1.0000,223.7208,235.0766,1.0508,0
9363,1.0000,239.6122,255.9121,1.0680,0
9364,1.0000,154.1590,185.9570,1.2063,0
9365,1.0000,170.4905,209.0574,1.2262,0
9366,1.0000,174.1235,191.0131,1.0970,0
9367,1.0000,234.6615,247.3924,1.0543,0
9368,1.0000,220.3520,236.3345,1.0725,0
9369,1.0000,152.3089,184.7241,1.2128,0
9370,1.0000,180.3108,196.1428,1.0878,0
9371,1.0000,127.2792,251.5631,1.9765,0
9372,0.7000,269.4105,289.8448,1.0758,0
9373,0.9000,248.7207,260.0423,1.0455,0
9374,1.0000,230.3845,244.5956,1.0617,0
9375,1.0000,223.4905,234.9511,1.0513,0
9376,1.0000,197.7524,227.3741,1.1498,0
9377,0.8000,232.1853,253.2370,1.0907,0
9378,1.0000,252.9387,271.0498,1.0716,0
9379,1.0000,255.5367,266.5277,1.0430,0
9380,0.9000,214.9302,228.7990,1.0645,0
9381,1.0000,216.0625,253.5626,1.1736,0
9382,1.0000,212.7228,255.7147,1.2021,0
9383,1.0000,149.4055,178.4068,1.1941,0
9384,1.0000,129.4179,201.1368,1.5542,0
9385,1.0000,174.0747,210.0738,1.2068,0
9386,1.0000,144.8413,159.7091,1.1026,0
9387,1.0000,196.1912,228.9541,1.1670,0
9388,1.0000,185.7741,213.3307,1.1483,0
9389,0.9000,206.1237,223.8080,1.0858,0
9390,1.0000,192.1276,221.6709,1.1538,0
9391,1.0000,142.0915,203.7106,1.4337,0
9392,1.0000,148.0068,229.5038,1.5506,0
9393,1.0000,150.2265,249.4995,1.6608,0
9394,1.0000,181.2871,228.6132,1.2611,0
9395,1.0000,178.5945,192.0937,1.0756,0
9396,1.0000,148.3779,248.3566,1.6738,0
9397,1.0000,170.1294,196.3823,1.1543,0
9398,1.0000,106.8223,126.3527,1.1828,0
9399,1.0000,184.1250,220.7850,1.1991,0
9400,1.0000,169.9588,224.3569,1.3201,0
9401,1.0000,151.0298,242.7324,1.6072,0
9402,1.0000,195.1102,210.0024,1.0763,0
9403,1.0000,160.0719,167.1885,1.0445,0
9404,1.0000,92.0978,197.5551,2.1451,0
9405,1.0000,204.1641,217.9220,1.0674,0
9406,1.0000,133.5215,247.0627,1.8504,0
9407,0.9000,208.3723,243.4605,1.1684,0
9408,1.0000,225.8318,245.4465,1.0869,0
9409,1.0000,192.3590,233.8910,1.2159,0
9410,1.0000,204.6656,233.7242,1.1420,0
9411,0.9000,225.2776,238.8849,1.0604,0
9412,1.0000,257.8604,290.6957,1.1273,0
9413,1.0000,116.0517,169.8087,1.4632,0
9414,1.0000,214.7394,231.0866,1.0761,0
9415,1.0000,142.4710,163.7162,1.1491,0
9416,0.9000,240.2977,260.0308,1.0821,0
9417,1.0000,125.0320,222.2139,1.7773,0
9418,0.8000,227.6445,249.6498,1.0967,0
9419,1.0000,243.8606,260.8563,1.0697,0
9420,1.0000,151.3770,231.4498,1.5290,0
9421,1.0000,187.4327,206.2644,1.1005,0
9422,1.0000,210.1190,249.8700,1.1892,0
9423,0.8000,198.1691,206.9058,1.0441,0
9424,0.7000,212.2569,232.6585,1.0961,0
9425,1.0000,165.8523,238.0021,1.4350,0
9426,0.9000,196.1759,208.8684,1.0647,0
9427,1.0000,109.0550,128.5107,1.1784,0
9428,1.0000,190.8009,232.2262,1.2171,0
9429,1.0000,155.7691,198.3129,1.2731,0
9430,1.0000,150.9934,221.9076,1.4697,0
9431,1.0000,227.7916,240.5577,1.0560,0
9432,1.0000,144.7550,176.3179,1.2180,0
9433,1.0000,251.6128,271.9908,1.0810,0
9434,1.0000,201.3231,238.1113,1.1827,0
9435,1.0000,193.5510,249.9720,1.2915,0
9436,1.0000,143.3248,159.1603,1.1105,0
9437,0.8000,236.4382,257.3849,1.0886,0
9438,0.9000,238.4911,263.7973,1.1061,0
9439,1.0000,147.2141,202.1880,1.3734,0
9440,1.0000,176.3009,264.7678,1.5018,0
9441,0.7000,164.9667,251.1932,1.5227,0
9442,1.0000,213.4291,234.0876,1.0968,0
9443,1.0000,148.3644,171.4847,1.1558,0
9444,0.8000,231.1817,240.3456,1.0396,0
9445,1.0000,158.6884,219.9250,1.3859,0
9446,1.0000,142.0352,224.8399,1.5830,0
9447,1.0000,195.4226,240.5702,1.2310,0
9448,1.0000,226.1769,238.5246,1.0546,0
9449,1.0000,161.9630,225.5926,1.3929,0
9450,1.0000,143.5479,161.3660,1.1241,0
9451,1.0000,198.7687,208.3939,1.0484,0
9452,1.0000,191.1858,276.7580,1.4476,0
9453,1.0000,175.4822,242.4727,1.3818,0
9454,0.8000,244.3092,287.5291,1.1769,0
9455,0.8000,275.5304,295.2744,1.0717,0
9456,1.0000,155.9391,196.4943,1.2601,0
9457,1.0000,201.6259,221.0158,1.0962,0
9458,1.0000,196.8858,215.8055,1.0961,0
9459,0.9000,237.3310,262.6880,1.1068,0
9460,1.0000,232.7144,254.9353,1.0955,0
9461,1.0000,197.6613,236.8079,1.1980,0
9462,0.9000,148.7313,237.9580,1.5999,0
9463,0.9000,239.6518,268.6392,1.1210,0
9464,0.8000,179.9861,259.3820,1.4411,0
9465,1.0000,183.3876,216.1504,1.1787,0
9466,0.9000,234.8851,274.5014,1.1687,0
9467,1.0000,228.6154,261.8492,1.1454,0
9468,1.0000,230.8441,263.9053,1.1432,0
9469,0.8000,173.5108,260.0981,1.4990,0
9470,0.9000,190.8926,267.7181,1.4025,0
9471,1.0000,251.2011,289.2888,1.1516,0
9472,0.9000,252.3688,282.2818,1.1185,0
9473,1.0000,152.3680,221.4023,1.4531,0
9474,1.0000,201.6135,229.2597,1.1371,0
9475,1.0000,197.6386,286.9007,1.4516,0
9476,1.0000,231.9224,251.3762,1.0839,0
9477,1.0000,165.7166,264.3123,1.5950,0
9478,0.8000,233.9145,275.7064,1.1787,0
9479,0.8000,155.6535,168.6209,1.0833,0
9480,1.0000,230.4734,257.0895,1.1155,0
9481,1.0000,148.1148,213.0563,1.4385,0
9482,1.0000,211.6696,246.2011,1.1631,0
9483,1.0000,181.2595,198.4994,1.0951,0
9484,1.0000,178.8211,212.6993,1.1895,0
9485,1.0000,239.9521,267.6995,1.1156,0
9486,1.0000,230.6101,249.8199,1.0833,0
9487,0.8000,246.7002,262.7090,1.0649,0
9488,0.8000,265.6803,277.7715,1.0455,0
9489,1.0000,155.6535,241.2778,1.5501,0
9490,1.0000,246.5725,268.8959,1.0905,0
9491,0.9000,261.5014,278.7203,1.0658,0
9492,0.9000,261.4192,284.0915,1.0867,0
9493,0.9000,178.7121,251.6605,1.4082,0
9494,1.0000,245.1265,260.3382,1.0621,0
9495,1.0000,240.3248,269.3139,1.1206,0
9496,1.0000,113.4769,224.4438,1.9779,0
9497,0.9000,248.6142,278.2966,1.1194,0
9498,1.0000,136.7626,162.6684,1.1894,0
9499,1.0000,178.9721,201.3008,1.1248,0
9500,1.0000,169.8205,212.6405,1.2521,0
9501,1.0000,252.2162,292.3098,1.1590,0
9502,0.9000,277.4869,291.7790,1.0515,0
9503,1.0000,192.3928,209.2295,1.0875,0
9504,0.9000,186.9973,251.6962,1.3460,0
9505,1.0000,225.0489,242.6870,1.0784,0
9506,1.0000,198.7536,229.1004,1.1527,0
9507,0.7000,244.2048,262.3909,1.0745,0
9508,1.0000,226.6539,241.6030,1.0660,0
9509,1.0000,125.0320,160.8851,1.2868,0
9510,0.8000,217.2556,238.0126,1.0955,0
9511,0.9000,262.1011,276.4580,1.0548,0
9512,1.0000,196.8197,228.6810,1.1619,0
9513,0.9000,243.7991,277.3662,1.1377,0
9514,1.0000,267.3911,287.7655,1.0762,0
9515,0.9000,228.4075,251.4180,1.1007,0
9516,1.0000,233.7648,244.0574,1.0440,0
9517,1.0000,222.6095,277.0740,1.2447,0
9518,1.0000,121.5689,241.2571,1.9845,0
9519,1.0000,108.7980,192.9819,1.7738,0
9520,1.0000,148.5093,237.3984,1.5985,0
9521,1.0000,169.5052,192.9560,1.1383,0
9522,1.0000,212.9671,229.0306,1.0754,0
9523,1.0000,180.5381,218.5681,1.2106,0
9524,0.7000,196.6418,269.8444,1.3723,0
9525,0.8000,215.7105,224.7443,1.0419,0
9526,1.0000,110.5034,122.1843,1.1057,0
9527,1.0000,141.6898,239.5830,1.6909,0
9528,1.0000,159.6214,195.5019,1.2248,0
9529,1.0000,121.9877,162.1111,1.3289,0
9530,0.8000,274.2517,288.1614,1.0507,0
9531,1.0000,100.1748,230.1847,2.2978,0
9532,1.0000,256.8755,291.0275,1.1330,0
9533,1.0000,256.6048,274.2572,1.0688,0
9534,1.0000,110.2134,171.4730,1.5558,0
9535,1.0000,89.2188,210.1595,2.3556,0
9536,1.0000,153.3851,222.6904,1.4518,0
9537,1.0000,138.9532,187.8670,1.3520,0
9538,1.0000,148.6641,214.1682,1.4406,0
9539,1.0000,177.3697,193.9820,1.0937,0
9540,0.9000,175.3767,233.5765,1.3319,0
9541,0.9000,223.8593,254.9686,1.1390,0
9542,1.0000,211.5656,239.4682,1.1319,0
9543,1.0000,97.1133,219.7499,2.2628,0
9544,1.0000,112.1651,251.9107,2.2459,0
9545,1.0000,187.6140,239.4953,1.2765,0
9546,1.0000,191.1151,228.6482,1.1964,0
9547,1.0000,167.9464,232.9742,1.3872,0
9548,0.9000,101.6907,230.2651,2.2644,0
9549,1.0000,133.5665,177.5556,1.3293,0
9550,1.0000,147.9392,211.6199,1.4305,0
9551,0.9000,212.0024,243.0123,1.1463,0
9552,1.0000,243.3824,262.7832,1.0797,0
9553,0.9000,159.9156,265.0887,1.6577,0
9554,1.0000,218.1995,241.0207,1.1046,0
9555,1.0000,153.0523,266.0846,1.7385,0
9556,1.0000,215.2696,241.0602,1.1198,0
9557,1.0000,145.1792,230.1760,1.5855,0
9558,0.9000,256.9650,267.0936,1.0394,0
9559,1.0000,145.3960,229.1179,1.5758,0
9560,1.0000,169.6703,192.4110,1.1340,0
9561,1.0000,130.0500,249.3492,1.9173,0
9562,1.0000,206.2377,238.8744,1.1582,0
9563,1.0000,168.9438,195.5224,1.1573,0
9564,0.9000,186.6333,229.9109,1.2319,0
9565,0.9000,188.5418,206.8985,1.0974,0
9566,0.8000,198.2246,215.7522,1.0884,0
9567,1.0000,102.3768,247.1214,2.4138,0
9568,1.0000,212.7134,220.7872,1.0380,0
9569,1.0000,130.8931,222.0000,1.6960,0
9570,0.9000,226.4089,259.1486,1.1446,0
9571,1.0000,204.2964,258.3505,1.2646,0
9572,1.0000,134.9852,154.1493,1.1420,0
9573,1.0000,140.1642,210.3497,1.5007,0
9574,1.0000,207.5235,253.1758,1.2200,0
9575,1.0000,236.1419,253.2232,1.0723,0
9576,0.9000,252.4520,269.6405,1.0681,0
9577,1.0000,168.6416,245.5239,1.4559,0
9578,1.0000,125.7577,173.9770,1.3834,0
9579,1.0000,194.5431,228.3572,1.1738,0
9580,1.0000,218.5589,229.3622,1.0494,0
9581,1.0000,183.2348,248.1673,1.3544,0
9582,1.0000,216.0231,236.1567,1.0932,0
9583,1.0000,131.0420,248.0988,1.8933,0
9584,1.0000,185.7714,223.6672,1.2040,0
9585,1.0000,140.8758,259.1062,1.8393,0
9586,1.0000,175.1599,212.7886,1.2148,0
9587,1.0000,89.3308,266.0658,2.9784,0
9588,1.0000,200.3322,228.2564,1.1394,0
9589,1.0000,146.3318,259.5458,1.7737,0
9590,1.0000,220.4337,235.8644,1.0700,0
9591,0.7000,243.3742,275.8532,1.1335,0
9592,1.0000,208.0457,232.2606,1.1164,0
9593,1.0000,237.8172,254.9216,1.0719,0
9594,0.9000,179.0894,201.4125,1.1246,0
9595,1.0000,230.1543,251.8908,1.0944,0
9596,1.0000,56.8419,186.2257,3.2762,0
9597,1.0000,195.1794,208.8277,1.0699,0
9598,1.0000,222.9282,250.1500,1.1221,0
9599,1.0000,206.1917,224.1473,1.0871,0
9600,1.0000,136.1066,179.4519,1.3185,0
9601,1.0000,91.6024,123.2923,1.3460,0
9602,1.0000,124.9400,160.4836,1.2845,0
9603,1.0000,117.4947,161.3536,1.3733,0
9604,1.0000,239.0397,260.3037,1.0890,0
9605,1.0000,189.9500,228.5826,1.2034,0
9606,1.0000,138.8740,156.7386,1.1286,0
9607,1.0000,121.9467,161.7158,1.3261,0
9608,1.0000,171.1753,217.4465,1.2703,0
9609,1.0000,193.3572,234.4590,1.2126,0
9610,1.0000,90.8240,173.4474,1.9097,0
9611,1.0000,142.1337,305.6485,2.1504,0
9612,1.0000,107.6197,157.3881,1.4624,0
9613,1.0000,125.5229,273.8521,2.1817,0
9614,1.0000,136.0478,160.9596,1.1831,0
9615,1.0000,198.8919,221.7724,1.1150,0
9616,1.0000,153.2743,174.7656,1.1402,0
9617,1.0000,181.1215,210.9573,1.1647,0
9618,1.0000,205.7280,233.3602,1.1343,0
9619,1.0000,204.2890,234.3544,1.1472,0
9620,0.9000,200.1300,218.6344,1.0925,0
9621,1.0000,153.6945,182.3979,1.1868,0
9622,1.0000,200.9577,210.0048,1.0450,0
9623,1.0000,208.0601,228.5585,1.0985,0
9624,1.0000,190.3234,206.1140,1.0830,0
9625,1.0000,210.3188,234.2221,1.1137,0
9626,0.9000,202.9335,219.2464,1.0804,0
9627,1.0000,159.2733,182.9317,1.1485,0
9628,1.0000,136.0000,147.6381,1.0856,0
9629,1.0000,247.2165,282.2729,1.1418,0
9630,1.0000,183.0628,213.8738,1.1683,0
9631,1.0000,228.5323,253.7991,1.1106,0
9632,0.9000,209.6545,235.5377,1.1235,0
9633,1.0000,204.7047,222.1554,1.0852,0
9634,1.0000,105.1951,114.6865,1.0902,0
9635,1.0000,136.6089,149.3385,1.0932,0
9636,1.0000,212.0118,241.9359,1.1411,0
9637,0.9000,187.9947,207.8365,1.1055,0
9638,1.0000,175.0029,203.1723,1.1610,0
9639,1.0000,170.1940,200.3422,1.1771,0
9640,1.0000,234.3160,253.4956,1.0819,0
9641,1.0000,242.1983,256.5093,1.0591,0
9642,1.0000,156.5854,190.9633,1.2195,0
9643,1.0000,223.8348,235.9386,1.0541,0
9644,1.0000,224.8110,253.0534,1.1256,0
9645,1.0000,180.7982,194.1288,1.0737,0
9646,1.0000,226.3692,268.9442,1.1881,0
9647,1.0000,228.5060,258.9595,1.1333,0
9648,1.0000,202.3018,217.7476,1.0764,0
9649,1.0000,205.4264,242.4562,1.1803,0
9650,1.0000,177.5613,287.8090,1.6209,0
9651,1.0000,80.5109,223.6314,2.7777,0
9652,1.0000,138.9136,180.6682,1.3006,0
9653,1.0000,150.0667,212.1179,1.4135,0
9654,1.0000,113.2652,198.6127,1.7535,0
9655,1.0000,89.6995,201.4026,2.2453,0
9656,1.0000,152.6892,258.6233,1.6938,0
9657,1.0000,238.6567,256.1816,1.0734,0
9658,1.0000,162.9755,219.8863,1.3492,0
9659,1.0000,175.9091,194.0438,1.1031,0
9660,1.0000,192.8575,251.4657,1.3039,0
9661,1.0000,138.8560,192.6448,1.3874,0
9662,1.0000,134.8518,175.0771,1.2983,0
9663,1.0000,124.5833,180.5769,1.4494,0
9664,0.7000,241.6444,264.1250,1.0930,0
9665,1.0000,189.9763,215.1232,1.1324,0
9666,1.0000,200.1050,236.4508,1.1816,0
9667,0.9000,134.8406,193.5924,1.4357,0
9668,1.0000,179.9583,199.7048,1.1097,0
9669,0.9000,238.8786,249.6838,1.0452,0
9670,1.0000,101.9264,170.0647,1.6685,0
9671,1.0000,136.7772,222.3488,1.6256,0
9672,1.0000,157.5754,188.6452,1.1972,0
9673,1.0000,212.9084,232.5898,1.0924,0
9674,0.9000,220.0205,236.8607,1.0765,0
9675,0.9000,178.2695,240.6637,1.3500,0
9676,1.0000,167.4485,211.4214,1.2626,0
9677,1.0000,151.5916,240.1104,1.5839,0
9678,1.0000,110.3630,156.5535,1.4185,0
9679,1.0000,193.0932,221.2352,1.1457,0
9680,1.0000,212.5018,226.6164,1.0664,0
9681,1.0000,200.0350,222.4050,1.1118,0
9682,1.0000,93.6483,212.1532,2.2654,0
9683,1.0000,175.6815,213.1126,1.2131,0
9684,1.0000,213.6703,247.6328,1.1589,0
9685,1.0000,181.0635,231.1882,1.2768,0
9686,1.0000,158.3540,182.0879,1.1499,0
9687,1.0000,207.4922,213.4268,1.0286,0
9688,1.0000,64.8537,76.0855,1.1732,0
9689,1.0000,210.7487,233.8204,1.1095,0
9690,1.0000,64.0703,112.0491,1.7488,0
9691,1.0000,165.5264,245.5972,1.4837,0
9692,1.0000,240.9170,258.7953,1.0742,0
9693,1.0000,193.1942,202.8743,1.0501,0
9694,0.9000,192.6681,220.5130,1.1445,0
9695,1.0000,97.1442,161.2079,1.6595,0
9696,1.0000,132.8533,220.1727,1.6573,0
9697,1.0000,218.2476,239.2070,1.0960,0
9698,1.0000,150.8178,181.4359,1.2030,0
9699,1.0000,126.1071,185.7956,1.4733,0
9700,1.0000,80.9691,237.4658,2.9328,0
9701,1.0000,142.3025,173.3119,1.2179,0
9702,1.0000,192.2134,228.9782,1.1913,0
9703,1.0000,76.8830,197.9747,2.5750,0
9704,1.0000,159.6715,203.5633,1.2749,0
9705,1.0000,165.2816,229.7368,1.3900,0
9706,1.0000,113.8332,288.8581,2.5376,0
9707,1.0000,50.3984,223.8861,4.4423,0
9708,0.9000,209.6473,240.5951,1.1476,0
9709,1.0000,196.5045,229.0131,1.1654,0
9710,1.0000,147.8580,172.3862,1.1659,0
9711,1.0000,175.1085,193.8711,1.1071,0
9712,1.0000,213.0775,246.4041,1.1564,0
9713,1.0000,207.9134,227.1717,1.0926,0
9714,1.0000,143.4225,161.4621,1.1258,0
9715,0.9000,214.4295,234.1816,1.0921,0
9716,1.0000,115.5898,159.0660,1.3761,0
9717,0.9000,238.7509,252.7568,1.0587,0
9718,1.0000,239.9625,258.3196,1.0765,0
9719,1.0000,203.0123,217.7108,1.0724,0
9720,0.8000,250.4995,264.8792,1.0574,0
9721,1.0000,221.7499,240.6741,1.0853,0
9722,1.0000,173.0520,212.0236,1.2252,0
9723,0.9000,214.6206,233.9850,1.0902,0
9724,1.0000,121.4125,221.8716,1.8274,0
9725,1.0000,126.4595,187.4753,1.4825,0
9726,1.0000,202.8472,214.0584,1.0553,0
9727,1.0000,189.8157,220.6740,1.1626,0
9728,1.0000,133.3342,164.9515,1.2371,0
9729,0.9000,195.1435,208.3459,1.0677,0
9730,1.0000,200.0250,272.2829,1.3612,0
9731,1.0000,118.7350,225.6701,1.9006,0
9732,0.9000,219.0616,267.1404,1.2195,0
9733,1.0000,118.7476,150.4294,1.2668,0
9734,1.0000,226.3360,239.1380,1.0566,0
9735,1.0000,137.9384,259.7768,1.8833,0
9736,1.0000,220.8099,240.5327,1.0893,0
9737,1.0000,131.7308,234.9511,1.7836,0
9738,0.9000,279.3313,301.8891,1.0808,0
9739,1.0000,195.4201,222.0901,1.1365,0
9740,1.0000,174.3990,199.3690,1.1432,0
9741,1.0000,128.6157,277.6977,2.1591,0
9742,1.0000,177.0113,252.1626,1.4246,0
9743,0.8000,242.6293,259.7441,1.0705,0
9744,0.9000,179.4074,252.7766,1.4090,0
9745,1.0000,247.2650,271.3688,1.0975,0
9746,1.0000,141.8485,227.3675,1.6029,0
9747,1.0000,181.2815,195.3330,1.0775,0
9748,1.0000,112.6588,238.6210,2.1181,0
9749,1.0000,131.2136,172.9769,1.3183,0
9750,1.0000,274.5269,287.1533,1.0460,0
9751,1.0000,222.2814,242.4727,1.0908,0
9752,0.9000,267.6303,290.5753,1.0857,0
9753,1.0000,266.8052,291.1443,1.0912,0
9754,1.0000,278.6575,299.8916,1.0762,0
9755,1.0000,243.1419,288.2568,1.1855,0
9756,1.0000,169.7587,219.6930,1.2941,0
9757,1.0000,247.4005,280.9875,1.1358,0
9758,1.0000,107.2427,126.8345,1.1827,0
9759,1.0000,216.2059,248.8313,1.1509,0
9760,0.9000,61.7009,127.4441,2.0655,0
9761,1.0000,268.4176,311.4322,1.1603,0
9762,1.0000,202.4722,248.8252,1.2289,0
9763,1.0000,209.9381,226.0221,1.0766,0
9764,1.0000,234.1111,271.5548,1.1599,0
9765,1.0000,175.6901,197.5196,1.1243,0
9766,1.0000,63.9531,164.3502,2.5699,0
9767,1.0000,121.0207,196.6367,1.6248,0
9768,1.0000,234.7254,261.9027,1.1158,0
9769,1.0000,55.1362,162.6130,2.9493,0
9770,1.0000,185.1621,204.9366,1.1068,0
9771,1.0000,148.7851,166.8982,1.1217,0
9772,1.0000,120.0083,142.9755,1.1914,0
9773,1.0000,229.2771,262.2137,1.1437,0
9774,1.0000,152.0526,185.1351,1.2176,0
9775,1.0000,198.9849,229.8500,1.1551,0
9776,1.0000,221.3346,254.6802,1.1507,0
9777,1.0000,247.2165,260.2979,1.0529,0
9778,1.0000,193.3856,221.0611,1.1431,0
9779,0.8000,235.9640,245.9878,1.0425,0
9780,1.0000,201.2660,221.9617,1.1028,0
9781,1.0000,221.2329,247.2246,1.1175,0
9782,0.9000,241.9566,263.0456,1.0872,0
9783,1.0000,236.3028,253.9173,1.0745,0
9784,1.0000,229.8848,244.9449,1.0655,0
9785,1.0000,185.3132,216.4116,1.1678,0
9786,1.0000,216.2452,233.0107,1.0775,0
9787,1.0000,233.3281,245.5076,1.0522,0
9788,0.9000,181.0829,198.0404,1.0936,0
9789,1.0000,198.1666,235.6777,1.1893,0
9790,1.0000,223.8638,247.7458,1.1067,0
9791,1.0000,204.8658,230.4604,1.1249,0
9792,1.0000,245.5443,254.8607,1.0379,0
9793,1.0000,163.7895,213.4760,1.3034,0
9794,1.0000,226.6054,245.2448,1.0823,0
9795,1.0000,177.6795,229.0284,1.2890,0
9796,1.0000,183.8042,196.7613,1.0705,0
9797,0.9000,252.1270,272.4573,1.0806,0
9798,0.9000,217.9404,244.8142,1.1233,0
9799,1.0000,114.4640,162.7882,1.4222,0
9800,1.0000,126.0278,184.4912,1.4639,0
9801,1.0000,222.0991,232.1530,1.0453,0
9802,1.0000,148.3476,169.9294,1.1455,0
9803,1.0000,240.8942,259.3203,1.0765,0
9804,1.0000,178.2358,198.9548,1.1162,0
9805,1.0000,242.4974,261.4173,1.0780,0
9806,0.7000,234.1709,246.1890,1.0513,0
9807,0.6000,241.0332,263.0342,1.0913,0
9808,0.9000,239.9521,270.8893,1.1289,0
9809,0.9000,174.9228,194.4994,1.1119,0
9810,1.0000,196.4281,213.8878,1.0889,0
9811,1.0000,191.9922,220.1636,1.1467,0
9812,1.0000,230.8354,258.4279,1.1195,0
9813,1.0000,174.1896,189.1084,1.0856,0
9814,1.0000,229.1288,252.9348,1.1039,0
9815,1.0000,180.6903,199.7198,1.1053,0
9816,1.0000,190.9555,225.4085,1.1804,0
9817,1.0000,225.8207,271.6395,1.2029,0
9818,1.0000,145.9829,165.3088,1.1324,0
9819,1.0000,174.2183,210.3521,1.2074,0
9820,1.0000,193.3649,210.0381,1.0862,0
9821,1.0000,228.5651,255.0706,1.1160,0
9822,1.0000,223.9710,245.7560,1.0973,0
9823,0.9000,260.2211,272.7160,1.0480,0
9824,0.7000,288.0920,315.5456,1.0953,0
9825,0.9000,240.2103,259.0733,1.0785,0
9826,1.0000,99.4636,203.8504,2.0495,0
9827,1.0000,214.2312,240.5161,1.1227,0
9828,1.0000,243.0576,255.8535,1.0526,0
9829,0.9000,217.6327,229.6541,1.0552,0
9830,1.0000,102.2252,109.0000,1.0663,0
9831,1.0000,158.9969,193.6492,1.2179,0
9832,1.0000,196.6265,215.2464,1.0947,0
9833,1.0000,177.5303,190.6463,1.0739,0
9834,0.9000,238.8075,255.3821,1.0694,0
9835,1.0000,226.1858,249.4213,1.1027,0
9836,1.0000,189.7077,228.7291,1.2057,0
9837,1.0000,171.2279,194.9795,1.1387,0
9838,0.9000,198.3583,224.7532,1.1331,0
9839,1.0000,187.1791,197.2156,1.0536,0
9840,0.9000,247.6651,285.1333,1.1513,0
9841,1.0000,249.2449,261.0804,1.0475,0
9842,1.0000,238.5477,259.9596,1.0898,0
9843,1.0000,187.1310,196.3339,1.0492,0
9844,1.0000,203.5043,216.4463,1.0636,0
9845,1.0000,267.2938,288.8754,1.0807,0
9846,0.8000,233.4566,245.3834,1.0511,0
9847,1.0000,203.1330,232.7080,1.1456,0
9848,1.0000,176.0682,190.3681,1.0812,0
9849,1.0000,132.1439,161.1490,1.2195,0
9850,0.9000,207.7137,249.3973,1.2007,0
9851,1.0000,219.9750,239.4765,1.0887,0
9852,1.0000,93.3006,105.7592,1.1335,0
9853,1.0000,210.8933,236.9726,1.1237,0
9854,1.0000,186.8877,212.7933,1.1386,0
9855,1.0000,232.2262,255.3037,1.0994,0
9856,1.0000,135.4179,162.4192,1.1994,0
9857,1.0000,150.7979,168.0625,1.1145,0
9858,1.0000,215.3811,249.3933,1.1579,0
9859,0.9000,192.3668,213.0235,1.1074,0
9860,1.0000,147.0680,180.8176,1.2295,0
9861,1.0000,190.3313,226.3890,1.1894,0
9862,1.0000,157.7593,217.2441,1.3771,0
9863,1.0000,221.1764,238.0231,1.0762,0
9864,1.0000,155.3222,170.7249,1.0992,0
9865,1.0000,179.2596,201.4125,1.1236,0
9866,1.0000,202.9162,220.3202,1.0858,0
9867,1.0000,223.3338,234.9404,1.0520,0
9868,1.0000,203.5141,226.6672,1.1138,0
9869,0.8000,155.7048,184.3529,1.1840,0
9870,1.0000,237.0907,261.2489,1.1019,0
9871,1.0000,120.2082,143.5514,1.1942,0
9872,1.0000,240.0812,258.4666,1.0766,0
9873,1.0000,180.0667,201.2685,1.1177,0
9874,1.0000,200.1774,235.5780,1.1768,0
9875,1.0000,120.2705,199.0804,1.6553,0
9876,0.9000,195.0795,225.3375,1.1551,0
9877,1.0000,189.7050,220.5811,1.1628,0
9878,1.0000,136.2975,176.7229,1.2966,0
9879,1.0000,151.7992,181.5241,1.1958,0
9880,1.0000,69.1303,87.7154,1.2688,0
9881,1.0000,139.1438,152.1414,1.0934,0
9882,1.0000,224.9422,247.7741,1.1015,0
9883,1.0000,180.5602,205.2218,1.1366,0
9884,1.0000,192.5747,223.7454,1.1619,0
9885,1.0000,181.4966,212.1462,1.1689,0
9886,1.0000,224.8533,254.0531,1.1299,0
9887,1.0000,155.1644,167.7111,1.0809,0
9888,1.0000,111.3643,128.7129,1.1558,0
9889,1.0000,133.1465,148.7817,1.1174,0
9890,1.0000,214.6113,258.9015,1.2064,0
9891,1.0000,191.1596,228.2411,1.1940,0
9892,1.0000,219.1871,243.3947,1.1104,0
9893,1.0000,193.8221,235.7414,1.2163,0
9894,1.0000,174.6196,193.1476,1.1061,0
9895,1.0000,105.3376,151.0000,1.4335,0
9896,1.0000,157.9715,184.0380,1.1650,0
9897,1.0000,80.2683,100.0250,1.2461,0
9898,1.0000,215.9861,238.4974,1.1042,0
9899,1.0000,154.2725,174.0172,1.1280,0
9900,1.0000,96.7988,115.2693,1.1908,0
9901,1.0000,213.0821,239.6101,1.1245,0
9902,0.8000,264.9321,308.1071,1.1630,0
9903,1.0000,129.9731,145.3616,1.1184,0
9904,1.0000,203.0763,250.9362,1.2357,0
9905,1.0000,220.8370,237.0886,1.0736,0
9906,1.0000,206.6035,235.0213,1.1375,0
9907,1.0000,252.0159,280.5619,1.1133,0
9908,0.9000,231.2769,258.0794,1.1159,0
9909,1.0000,220.1318,246.6110,1.1203,0
9910,1.0000,163.3034,179.3711,1.0984,0
9911,1.0000,91.3674,112.9070,1.2357,0
9912,1.0000,198.2498,227.6774,1.1484,0
9913,1.0000,146.9626,179.9972,1.2248,0
9914,1.0000,214.6998,228.4644,1.0641,0
9915,1.0000,181.8571,203.2314,1.1175,0
9916,1.0000,76.3806,100.6429,1.3177,0
9917,1.0000,68.5711,82.0792,1.1970,0
9918,1.0000,133.8656,151.3935,1.1309,0
9919,1.0000,162.5792,183.4775,1.1285,0
9920,1.0000,239.7978,258.0678,1.0762,0
9921,1.0000,220.8280,272.1470,1.2324,0
9922,1.0000,252.6559,280.1178,1.1087,0
9923,1.0000,90.9890,104.0673,1.1437,0
9924,1.0000,122.3887,199.4091,1.6293,0
9925,1.0000,193.9020,220.4450,1.1369,0
9926,1.0000,106.9766,135.5913,1.2675,0
9927,0.9000,281.8262,310.8279,1.1029,0
9928,1.0000,102.0980,124.7998,1.2224,0
9929,1.0000,217.8256,246.1240,1.1299,0
9930,0.8000,217.5086,224.0379,1.0300,0
9931,1.0000,28.5132,38.2623,1.3419,0
9932,1.0000,120.9132,203.6934,1.6846,0
9933,1.0000,164.6724,190.4547,1.1566,0
9934,1.0000,194.7254,217.2165,1.1155,0
9935,1.0000,67.5870,79.0190,1.1691,0
9936,1.0000,160.5677,177.3669,1.1046,0
9937,1.0000,178.3227,233.6022,1.3100,0
9938,1.0000,118.4652,184.7431,1.5595,0
9939,1.0000,135.1000,162.2991,1.2013,0
9940,1.0000,107.0747,117.0470,1.0931,0
9941,1.0000,89.0618,101.8136,1.1432,0
9942,1.0000,163.2268,240.4891,1.4733,0
9943,1.0000,180.5713,194.3785,1.0765,0
9944,0.7000,202.9828,216.4509,1.0664,0
9945,0.9000,180.1916,253.7656,1.4083,0
9946,1.0000,112.8627,143.5270,1.2717,0
9947,1.0000,198.6806,217.8600,1.0965,0
9948,1.0000,99.1615,151.9013,1.5319,0
9949,1.0000,145.6468,187.7125,1.2888,0
9950,1.0000,244.6957,262.0687,1.0710,0
9951,1.0000,108.8255,155.3609,1.4276,0
9952,1.0000,163.6551,192.4188,1.1758,0
9953,1.0000,205.2267,227.2400,1.1073,0
9954,1.0000,165.9699,184.0761,1.1091,0
9955,1.0000,179.0670,196.2167,1.0958,0
9956,1.0000,199.1206,219.2031,1.1009,0
9957,1.0000,182.6855,194.7845,1.0662,0
9958,1.0000,167.8064,185.8682,1.1076,0
9959,1.0000,135.2405,237.3605,1.7551,0
9960,1.0000,183.9456,199.8549,1.0865,0
9961,1.0000,216.2475,236.6305,1.0943,0
9962,1.0000,135.9191,150.9404,1.1105,0
9963,1.0000,213.4737,255.0627,1.1948,0
9964,1.0000,119.0168,174.4878,1.4661,0
9965,1.0000,182.9590,194.8743,1.0651,0
9966,1.0000,240.0646,254.0177,1.0581,0
9967,1.0000,157.5944,227.5500,1.4439,0
9968,0.7000,231.4584,254.2951,1.0987,0
9969,1.0000,205.7377,257.0019,1.2492,0
9970,1.0000,157.8417,192.8575,1.2218,0
9971,1.0000,132.6688,147.7261,1.1135,0
9972,1.0000,128.6507,144.0486,1.1197,0
9973,1.0000,119.2728,162.6745,1.3639,0
9974,1.0000,72.0417,159.0000,2.2071,0
9975,0.9000,242.2726,272.6610,1.1254,0
9976,0.9000,306.7703,320.5433,1.0449,0
9977,1.0000,100.7819,247.3722,2.4545,0
9978,0.7000,261.0345,272.4023,1.0435,0
9979,1.0000,177.5669,191.4497,1.0782,0
9980,0.8000,262.9277,279.7517,1.0640,0
9981,1.0000,224.3413,243.8483,1.0870,0
9982,1.0000,219.0320,234.6082,1.0711,0
9983,1.0000,155.9744,210.3331,1.3485,0
9984,1.0000,171.1812,225.8805,1.3195,0
9985,0.8000,217.9817,241.9587,1.1100,0
9986,1.0000,254.7960,279.3099,1.0962,0
9987,1.0000,212.7722,237.6699,1.1170,0
9988,1.0000,145.6022,183.2512,1.2586,0
9989,1.0000,214.6509,239.8249,1.1173,0
9990,1.0000,150.3330,255.6149,1.7003,0
9991,1.0000,125.4671,174.4964,1.3908,0
9992,1.0000,199.6973,240.3310,1.2035,0
9993,0.8000,236.2287,250.6372,1.0610,0
9994,1.0000,151.1423,181.0608,1.1979,0
9995,1.0000,182.0769,210.5065,1.1561,0
9996,1.0000,124.9920,274.6452,2.1973,0
9997,1.0000,211.0000,244.7815,1.1601,0
9998,1.0000,208.4850,253.0534,1.2138,0
9999,1.0000,199.4392,224.1227,1.1238,0
